Method,Dataset,MAE
ACC,1043_ada_agnostic,0.05115
ACC,11_balance-scale,0.01905
ACC,12_mfeat-factors,0.0059499999999999
ACC,1460_banana,0.25875
ACC,1462_banknote-authentication,0.0072499999999999
ACC,1466_cardiotocography,0.0
ACC,1475_first-order-theorem-proving,0.09505
ACC,1479_hill-valley,0.05155
ACC,1485_madelon,0.1593
ACC,1489_phoneme,0.1085
ACC,1494_qsar-biodeg,0.0762
ACC,1496_ringnorm,0.06365
ACC,1497_wall-robot-navigation,0.0615
ACC,14_mfeat-fourier,0.00975
ACC,1504_steel-plates-fault,0.0
ACC,1507_twonorm,0.01115
ACC,1510_wdbc,0.0135
ACC,1526_wall-robot-navigation,0.08505
ACC,1527_volcanoes-a1,0.044
ACC,1535_volcanoes-b5,0.09415
ACC,1538_volcanoes-d1,0.5
ACC,1539_volcanoes-d2,0.5
ACC,1540_volcanoes-d3,0.2511
ACC,1541_volcanoes-d4,0.32155
ACC,1547_autoUniv-au1-1000,0.5
ACC,1566_hill-valley,0.12895
ACC,1570_wilt,0.08715
ACC,16_mfeat-karhunen,0.0137
ACC,182_satimage,0.0130499999999999
ACC,18_mfeat-morphological,0.0065
ACC,20_mfeat-pixel,0.0162
ACC,22_mfeat-zernike,0.0323
ACC,23_cmc,0.11215
ACC,28_optdigits,0.0204
ACC,292_Australian,0.03105
ACC,294_satellite_image,0.0152
ACC,30_page-blocks,0.0444
ACC,312_scene,0.0713
ACC,333_monks-problems-1,0.01445
ACC,334_monks-problems-2,0.09785
ACC,335_monks-problems-3,0.5
ACC,36_segment,0.01475
ACC,375_JapaneseVowels,0.00745
ACC,37_diabetes,0.0247
ACC,40474_thyroid-allbp,0.1377
ACC,40475_thyroid-allhyper,0.08035
ACC,40733_yeast,0.09195
ACC,44_spambase,0.3874499999999999
ACC,4538_GesturePhaseSegmentationProcessed,0.02215
ACC,458_analcatdata_authorship,0.1512
ACC,54_vehicle,0.0052
ACC,60_waveform-5000,0.0276
ACC,679_rmftsa_sleepdata,0.0344
ACC,AedesQuinx,0.5
ACC,AedesSex,0.04875
ACC,anuranCalls,0.0115
ACC,ArabicDigit,0.01075
ACC,BNG,0.01085
ACC,click-prediction,0.4728
ACC,cmc,0.5
ACC,covtype_reduced,0.0229499999999999
ACC,default_credit_card_clients,0.02025
ACC,eeg,0.0351
ACC,HTRU,0.02105
ACC,jm1-processed,0.1964999999999999
ACC,letter-recognition,0.0
ACC,magic,0.4985
ACC,mozilla,0.09885
ACC,namao,0.06985
ACC,occupancy,0.0265
ACC,phoneme,0.10875
ACC,spambase,0.0227999999999999
ACC,winetype,0.2412
ACC,2dplanes,0.06805
ACC,balloon,0.0349
ACC,bank8FM,0.0664
ACC,churn,0.04755
ACC,clean2,0.04535
ACC,cpu_act,0.03165
ACC,delta_ailerons,0.1733
ACC,electricity-normalized,0.0602
ACC,elevators,0.5
ACC,file79b563a1a18,0.0599
ACC,fried,0.04195
ACC,fri_c2_1000_10,0.02145
ACC,GAMETES_Epistasis_2-Way_20atts_0.1H_EDM-1_1,0.0076
ACC,GAMETES_Epistasis_2-Way_20atts_0.4H_EDM-1_1,0.5
ACC,gina_agnostic,0.00845
ACC,kin8nm,0.1012
ACC,parity5_plus_5,0.0725
ACC,pendigits,0.0701
ACC,phpGUrE90,0.0287
ACC,phphQEck0,0.01815
ACC,phpMD2hR6,0.5
ACC,phpmPOD5A,0.0333
ACC,phpV5QYya,0.563
ACC,pol,0.1177
ACC,pollen,0.0494
ACC,puma32H,0.35695
ACC,puma8NH,0.04535
ACC,quake,0.0246
ACC,space_ga,0.0078
ACC,sylva_prior,0.00095
ACC,visualizing_soil,0.03995
ACC,wind,0.0051
BASELINE+TOP1,1043_ada_agnostic,0.0840449999999999
BASELINE+TOP1,11_balance-scale,0.0355633333333333
BASELINE+TOP1,12_mfeat-factors,0.007405
BASELINE+TOP1,1460_banana,0.256465
BASELINE+TOP1,1462_banknote-authentication,0.0073983333333333
BASELINE+TOP1,1466_cardiotocography,0.00532
BASELINE+TOP1,1475_first-order-theorem-proving,0.07227
BASELINE+TOP1,1479_hill-valley,0.1209433333333333
BASELINE+TOP1,1485_madelon,0.0939683333333333
BASELINE+TOP1,1489_phoneme,0.075075
BASELINE+TOP1,1494_qsar-biodeg,0.0539666666666666
BASELINE+TOP1,1496_ringnorm,0.0606433333333333
BASELINE+TOP1,1497_wall-robot-navigation,0.048835
BASELINE+TOP1,14_mfeat-fourier,0.0123933333333333
BASELINE+TOP1,1504_steel-plates-fault,0.0016583333333333
BASELINE+TOP1,1507_twonorm,0.0053666666666666
BASELINE+TOP1,1510_wdbc,0.0152516666666666
BASELINE+TOP1,1526_wall-robot-navigation,0.070905
BASELINE+TOP1,1527_volcanoes-a1,0.0795483333333333
BASELINE+TOP1,1535_volcanoes-b5,0.1258866666666666
BASELINE+TOP1,1538_volcanoes-d1,0.3559799999999999
BASELINE+TOP1,1539_volcanoes-d2,0.4321766666666667
BASELINE+TOP1,1540_volcanoes-d3,0.1698883333333333
BASELINE+TOP1,1541_volcanoes-d4,0.1734266666666667
BASELINE+TOP1,1547_autoUniv-au1-1000,0.3590216666666666
BASELINE+TOP1,1566_hill-valley,0.1523633333333333
BASELINE+TOP1,1570_wilt,0.0990733333333333
BASELINE+TOP1,16_mfeat-karhunen,0.028735
BASELINE+TOP1,182_satimage,0.0102366666666666
BASELINE+TOP1,18_mfeat-morphological,0.01018
BASELINE+TOP1,20_mfeat-pixel,0.0242
BASELINE+TOP1,22_mfeat-zernike,0.0444883333333333
BASELINE+TOP1,23_cmc,0.139265
BASELINE+TOP1,28_optdigits,0.0256933333333333
BASELINE+TOP1,292_Australian,0.0411283333333333
BASELINE+TOP1,294_satellite_image,0.0114016666666666
BASELINE+TOP1,30_page-blocks,0.0807666666666666
BASELINE+TOP1,312_scene,0.0167183333333333
BASELINE+TOP1,333_monks-problems-1,0.122315
BASELINE+TOP1,334_monks-problems-2,0.3811883333333333
BASELINE+TOP1,335_monks-problems-3,0.0520583333333333
BASELINE+TOP1,36_segment,0.0069233333333333
BASELINE+TOP1,375_JapaneseVowels,0.021665
BASELINE+TOP1,37_diabetes,0.0996283333333333
BASELINE+TOP1,40474_thyroid-allbp,0.05985
BASELINE+TOP1,40475_thyroid-allhyper,0.06944
BASELINE+TOP1,40733_yeast,0.1962799999999999
BASELINE+TOP1,44_spambase,0.0362533333333333
BASELINE+TOP1,4538_GesturePhaseSegmentationProcessed,0.15982
BASELINE+TOP1,458_analcatdata_authorship,0.0084
BASELINE+TOP1,54_vehicle,0.0306166666666666
BASELINE+TOP1,60_waveform-5000,0.0405283333333333
BASELINE+TOP1,679_rmftsa_sleepdata,0.403665
BASELINE+TOP1,AedesQuinx,0.0364483333333333
BASELINE+TOP1,AedesSex,0.0104983333333333
BASELINE+TOP1,anuranCalls,0.0184633333333333
BASELINE+TOP1,ArabicDigit,0.00597
BASELINE+TOP1,BNG,0.00852
BASELINE+TOP1,click-prediction,0.2103583333333333
BASELINE+TOP1,cmc,0.0883333333333333
BASELINE+TOP1,covtype_reduced,0.0486133333333333
BASELINE+TOP1,default_credit_card_clients,0.1285816666666666
BASELINE+TOP1,eeg,0.13126
BASELINE+TOP1,HTRU,0.025085
BASELINE+TOP1,jm1-processed,0.2156216666666666
BASELINE+TOP1,letter-recognition,0.26554
BASELINE+TOP1,magic,0.0754333333333333
BASELINE+TOP1,mozilla,0.04875
BASELINE+TOP1,namao,0.0196233333333333
BASELINE+TOP1,occupancy,0.0061083333333333
BASELINE+TOP1,phoneme,0.081365
BASELINE+TOP1,spambase,0.0311383333333333
BASELINE+TOP1,winetype,0.0048983333333333
BASELINE+TOP1,2dplanes,0.0314816666666666
BASELINE+TOP1,balloon,0.0491333333333333
BASELINE+TOP1,bank8FM,0.0199366666666666
BASELINE+TOP1,churn,0.1325849999999999
BASELINE+TOP1,clean2,0.0025316666666666
BASELINE+TOP1,cpu_act,0.0199983333333333
BASELINE+TOP1,delta_ailerons,0.0207933333333333
BASELINE+TOP1,electricity-normalized,0.06521
BASELINE+TOP1,elevators,0.0470666666666666
BASELINE+TOP1,file79b563a1a18,0.0667916666666666
BASELINE+TOP1,fried,0.0343983333333333
BASELINE+TOP1,fri_c2_1000_10,0.0477016666666666
BASELINE+TOP1,GAMETES_Epistasis_2-Way_20atts_0.1H_EDM-1_1,0.327065
BASELINE+TOP1,GAMETES_Epistasis_2-Way_20atts_0.4H_EDM-1_1,0.3986933333333333
BASELINE+TOP1,gina_agnostic,0.02692
BASELINE+TOP1,kin8nm,0.0391383333333333
BASELINE+TOP1,parity5_plus_5,0.3117033333333333
BASELINE+TOP1,pendigits,0.00781
BASELINE+TOP1,phpGUrE90,0.070515
BASELINE+TOP1,phphQEck0,0.0439033333333333
BASELINE+TOP1,phpMD2hR6,0.0374333333333333
BASELINE+TOP1,phpmPOD5A,0.4687783333333333
BASELINE+TOP1,phpV5QYya,0.0192783333333333
BASELINE+TOP1,pol,0.0282516666666666
BASELINE+TOP1,pollen,0.3401166666666668
BASELINE+TOP1,puma32H,0.0664616666666666
BASELINE+TOP1,puma8NH,0.060325
BASELINE+TOP1,quake,0.3249566666666666
BASELINE+TOP1,space_ga,0.0498616666666666
BASELINE+TOP1,sylva_prior,0.0131216666666666
BASELINE+TOP1,visualizing_soil,0.0034166666666666
BASELINE+TOP1,wind,0.0360316666666666
BASELINE+TOP3+MEAN,1043_ada_agnostic,0.0666188888888888
BASELINE+TOP3+MEAN,11_balance-scale,0.0204811111111111
BASELINE+TOP3+MEAN,12_mfeat-factors,0.0109127777777777
BASELINE+TOP3+MEAN,1460_banana,0.1757255555555555
BASELINE+TOP3+MEAN,1462_banknote-authentication,0.0060783333333333
BASELINE+TOP3+MEAN,1466_cardiotocography,0.0041322222222222
BASELINE+TOP3+MEAN,1475_first-order-theorem-proving,0.0659005555555555
BASELINE+TOP3+MEAN,1479_hill-valley,0.0984833333333333
BASELINE+TOP3+MEAN,1485_madelon,0.0997838888888888
BASELINE+TOP3+MEAN,1489_phoneme,0.0650855555555555
BASELINE+TOP3+MEAN,1494_qsar-biodeg,0.0505755555555555
BASELINE+TOP3+MEAN,1496_ringnorm,0.0563611111111111
BASELINE+TOP3+MEAN,1497_wall-robot-navigation,0.0493455555555555
BASELINE+TOP3+MEAN,14_mfeat-fourier,0.01524
BASELINE+TOP3+MEAN,1504_steel-plates-fault,0.0018183333333333
BASELINE+TOP3+MEAN,1507_twonorm,0.0050605555555555
BASELINE+TOP3+MEAN,1510_wdbc,0.0097244444444444
BASELINE+TOP3+MEAN,1526_wall-robot-navigation,0.0506327777777777
BASELINE+TOP3+MEAN,1527_volcanoes-a1,0.0438849999999999
BASELINE+TOP3+MEAN,1535_volcanoes-b5,0.1079727777777777
BASELINE+TOP3+MEAN,1538_volcanoes-d1,0.2862733333333333
BASELINE+TOP3+MEAN,1539_volcanoes-d2,0.2921655555555555
BASELINE+TOP3+MEAN,1540_volcanoes-d3,0.1399388888888889
BASELINE+TOP3+MEAN,1541_volcanoes-d4,0.2031872222222222
BASELINE+TOP3+MEAN,1547_autoUniv-au1-1000,0.2192905555555555
BASELINE+TOP3+MEAN,1566_hill-valley,0.1160333333333333
BASELINE+TOP3+MEAN,1570_wilt,0.0871122222222222
BASELINE+TOP3+MEAN,16_mfeat-karhunen,0.0233372222222222
BASELINE+TOP3+MEAN,182_satimage,0.0062894444444444
BASELINE+TOP3+MEAN,18_mfeat-morphological,0.009865
BASELINE+TOP3+MEAN,20_mfeat-pixel,0.0206488888888888
BASELINE+TOP3+MEAN,22_mfeat-zernike,0.0426044444444444
BASELINE+TOP3+MEAN,23_cmc,0.0852816666666666
BASELINE+TOP3+MEAN,28_optdigits,0.019975
BASELINE+TOP3+MEAN,292_Australian,0.0317016666666666
BASELINE+TOP3+MEAN,294_satellite_image,0.0108122222222222
BASELINE+TOP3+MEAN,30_page-blocks,0.0301972222222222
BASELINE+TOP3+MEAN,312_scene,0.01068
BASELINE+TOP3+MEAN,333_monks-problems-1,0.0963099999999999
BASELINE+TOP3+MEAN,334_monks-problems-2,0.2957072222222222
BASELINE+TOP3+MEAN,335_monks-problems-3,0.0350877777777777
BASELINE+TOP3+MEAN,36_segment,0.0065977777777777
BASELINE+TOP3+MEAN,375_JapaneseVowels,0.01794
BASELINE+TOP3+MEAN,37_diabetes,0.0839577777777777
BASELINE+TOP3+MEAN,40474_thyroid-allbp,0.0577211111111111
BASELINE+TOP3+MEAN,40475_thyroid-allhyper,0.069855
BASELINE+TOP3+MEAN,40733_yeast,0.1499872222222222
BASELINE+TOP3+MEAN,44_spambase,0.02266
BASELINE+TOP3+MEAN,4538_GesturePhaseSegmentationProcessed,0.1187172222222222
BASELINE+TOP3+MEAN,458_analcatdata_authorship,0.00668
BASELINE+TOP3+MEAN,54_vehicle,0.0230311111111111
BASELINE+TOP3+MEAN,60_waveform-5000,0.0307527777777777
BASELINE+TOP3+MEAN,679_rmftsa_sleepdata,0.2397811111111111
BASELINE+TOP3+MEAN,AedesQuinx,0.0357411111111111
BASELINE+TOP3+MEAN,AedesSex,0.0078922222222222
BASELINE+TOP3+MEAN,anuranCalls,0.0160133333333333
BASELINE+TOP3+MEAN,ArabicDigit,0.004535
BASELINE+TOP3+MEAN,BNG,0.0069688888888888
BASELINE+TOP3+MEAN,click-prediction,0.2161916666666666
BASELINE+TOP3+MEAN,cmc,0.0891594444444444
BASELINE+TOP3+MEAN,covtype_reduced,0.0451755555555555
BASELINE+TOP3+MEAN,default_credit_card_clients,0.1304872222222222
BASELINE+TOP3+MEAN,eeg,0.134065
BASELINE+TOP3+MEAN,HTRU,0.0285738888888888
BASELINE+TOP3+MEAN,jm1-processed,0.1273472222222222
BASELINE+TOP3+MEAN,letter-recognition,0.2253311111111111
BASELINE+TOP3+MEAN,magic,0.058525
BASELINE+TOP3+MEAN,mozilla,0.0404611111111111
BASELINE+TOP3+MEAN,namao,0.0156561111111111
BASELINE+TOP3+MEAN,occupancy,0.0073138888888888
BASELINE+TOP3+MEAN,phoneme,0.0683566666666666
BASELINE+TOP3+MEAN,spambase,0.0254561111111111
BASELINE+TOP3+MEAN,winetype,0.0027277777777777
BASELINE+TOP3+MEAN,2dplanes,0.0367177777777777
BASELINE+TOP3+MEAN,balloon,0.0417566666666666
BASELINE+TOP3+MEAN,bank8FM,0.011385
BASELINE+TOP3+MEAN,churn,0.1044761111111111
BASELINE+TOP3+MEAN,clean2,0.0022561111111111
BASELINE+TOP3+MEAN,cpu_act,0.0191516666666666
BASELINE+TOP3+MEAN,delta_ailerons,0.0175477777777777
BASELINE+TOP3+MEAN,electricity-normalized,0.0506433333333333
BASELINE+TOP3+MEAN,elevators,0.0270822222222222
BASELINE+TOP3+MEAN,file79b563a1a18,0.0615777777777777
BASELINE+TOP3+MEAN,fried,0.0305133333333333
BASELINE+TOP3+MEAN,fri_c2_1000_10,0.0560699999999999
BASELINE+TOP3+MEAN,GAMETES_Epistasis_2-Way_20atts_0.1H_EDM-1_1,0.3033344444444444
BASELINE+TOP3+MEAN,GAMETES_Epistasis_2-Way_20atts_0.4H_EDM-1_1,0.2938327777777778
BASELINE+TOP3+MEAN,gina_agnostic,0.0222794444444444
BASELINE+TOP3+MEAN,kin8nm,0.047165
BASELINE+TOP3+MEAN,parity5_plus_5,0.2478372222222222
BASELINE+TOP3+MEAN,pendigits,0.0076338888888888
BASELINE+TOP3+MEAN,phpGUrE90,0.0468433333333333
BASELINE+TOP3+MEAN,phphQEck0,0.0304283333333333
BASELINE+TOP3+MEAN,phpMD2hR6,0.0581388888888888
BASELINE+TOP3+MEAN,phpmPOD5A,0.3586844444444443
BASELINE+TOP3+MEAN,phpV5QYya,0.01831
BASELINE+TOP3+MEAN,pol,0.0265816666666666
BASELINE+TOP3+MEAN,pollen,0.3135394444444445
BASELINE+TOP3+MEAN,puma32H,0.0782311111111111
BASELINE+TOP3+MEAN,puma8NH,0.0593155555555555
BASELINE+TOP3+MEAN,quake,0.264605
BASELINE+TOP3+MEAN,space_ga,0.0366188888888888
BASELINE+TOP3+MEAN,sylva_prior,0.0130705555555555
BASELINE+TOP3+MEAN,visualizing_soil,0.0031383333333333
BASELINE+TOP3+MEAN,wind,0.0267055555555555
BASELINE+TOP3+MEDIAN,1043_ada_agnostic,0.0517883333333333
BASELINE+TOP3+MEDIAN,11_balance-scale,0.0195266666666666
BASELINE+TOP3+MEDIAN,12_mfeat-factors,0.0087233333333333
BASELINE+TOP3+MEDIAN,1460_banana,0.1475766666666667
BASELINE+TOP3+MEDIAN,1462_banknote-authentication,0.0046649999999999
BASELINE+TOP3+MEDIAN,1466_cardiotocography,0.0007766666666666
BASELINE+TOP3+MEDIAN,1475_first-order-theorem-proving,0.041405
BASELINE+TOP3+MEDIAN,1479_hill-valley,0.0635866666666666
BASELINE+TOP3+MEDIAN,1485_madelon,0.0916999999999999
BASELINE+TOP3+MEDIAN,1489_phoneme,0.041965
BASELINE+TOP3+MEDIAN,1494_qsar-biodeg,0.0592066666666666
BASELINE+TOP3+MEDIAN,1496_ringnorm,0.0429049999999999
BASELINE+TOP3+MEDIAN,1497_wall-robot-navigation,0.0443233333333333
BASELINE+TOP3+MEDIAN,14_mfeat-fourier,0.01264
BASELINE+TOP3+MEDIAN,1504_steel-plates-fault,0.0012866666666666
BASELINE+TOP3+MEDIAN,1507_twonorm,0.0046133333333333
BASELINE+TOP3+MEDIAN,1510_wdbc,0.0099616666666666
BASELINE+TOP3+MEDIAN,1526_wall-robot-navigation,0.0405966666666666
BASELINE+TOP3+MEDIAN,1527_volcanoes-a1,0.0407216666666666
BASELINE+TOP3+MEDIAN,1535_volcanoes-b5,0.096575
BASELINE+TOP3+MEDIAN,1538_volcanoes-d1,0.3404016666666666
BASELINE+TOP3+MEDIAN,1539_volcanoes-d2,0.4089083333333333
BASELINE+TOP3+MEDIAN,1540_volcanoes-d3,0.0589133333333333
BASELINE+TOP3+MEDIAN,1541_volcanoes-d4,0.1937816666666666
BASELINE+TOP3+MEDIAN,1547_autoUniv-au1-1000,0.2529983333333333
BASELINE+TOP3+MEDIAN,1566_hill-valley,0.1100516666666666
BASELINE+TOP3+MEDIAN,1570_wilt,0.0490666666666666
BASELINE+TOP3+MEDIAN,16_mfeat-karhunen,0.0193533333333333
BASELINE+TOP3+MEDIAN,182_satimage,0.0060816666666666
BASELINE+TOP3+MEDIAN,18_mfeat-morphological,0.0063166666666666
BASELINE+TOP3+MEDIAN,20_mfeat-pixel,0.0185233333333333
BASELINE+TOP3+MEDIAN,22_mfeat-zernike,0.040105
BASELINE+TOP3+MEDIAN,23_cmc,0.0586116666666666
BASELINE+TOP3+MEDIAN,28_optdigits,0.0160616666666666
BASELINE+TOP3+MEDIAN,292_Australian,0.0208883333333333
BASELINE+TOP3+MEDIAN,294_satellite_image,0.0104116666666666
BASELINE+TOP3+MEDIAN,30_page-blocks,0.0308383333333333
BASELINE+TOP3+MEDIAN,312_scene,0.0092533333333333
BASELINE+TOP3+MEDIAN,333_monks-problems-1,0.07678
BASELINE+TOP3+MEDIAN,334_monks-problems-2,0.3846766666666666
BASELINE+TOP3+MEDIAN,335_monks-problems-3,0.0170266666666666
BASELINE+TOP3+MEDIAN,36_segment,0.0059466666666666
BASELINE+TOP3+MEDIAN,375_JapaneseVowels,0.0155183333333333
BASELINE+TOP3+MEDIAN,37_diabetes,0.0698416666666666
BASELINE+TOP3+MEDIAN,40474_thyroid-allbp,0.0402633333333333
BASELINE+TOP3+MEDIAN,40475_thyroid-allhyper,0.057065
BASELINE+TOP3+MEDIAN,40733_yeast,0.0965316666666666
BASELINE+TOP3+MEDIAN,44_spambase,0.0109
BASELINE+TOP3+MEDIAN,4538_GesturePhaseSegmentationProcessed,0.0810666666666666
BASELINE+TOP3+MEDIAN,458_analcatdata_authorship,0.0053166666666666
BASELINE+TOP3+MEDIAN,54_vehicle,0.0259733333333333
BASELINE+TOP3+MEDIAN,60_waveform-5000,0.01516
BASELINE+TOP3+MEDIAN,679_rmftsa_sleepdata,0.269685
BASELINE+TOP3+MEDIAN,AedesQuinx,0.0272366666666666
BASELINE+TOP3+MEDIAN,AedesSex,0.0061666666666666
BASELINE+TOP3+MEDIAN,anuranCalls,0.0135766666666666
BASELINE+TOP3+MEDIAN,ArabicDigit,0.003735
BASELINE+TOP3+MEDIAN,BNG,0.0061249999999999
BASELINE+TOP3+MEDIAN,click-prediction,0.2087149999999999
BASELINE+TOP3+MEDIAN,cmc,0.0611266666666666
BASELINE+TOP3+MEDIAN,covtype_reduced,0.0350766666666666
BASELINE+TOP3+MEDIAN,default_credit_card_clients,0.0708533333333333
BASELINE+TOP3+MEDIAN,eeg,0.0986516666666666
BASELINE+TOP3+MEDIAN,HTRU,0.0230983333333333
BASELINE+TOP3+MEDIAN,jm1-processed,0.0843466666666666
BASELINE+TOP3+MEDIAN,letter-recognition,0.1950016666666666
BASELINE+TOP3+MEDIAN,magic,0.0371633333333333
BASELINE+TOP3+MEDIAN,mozilla,0.0289816666666666
BASELINE+TOP3+MEDIAN,namao,0.0126266666666666
BASELINE+TOP3+MEDIAN,occupancy,0.0046316666666666
BASELINE+TOP3+MEDIAN,phoneme,0.04729
BASELINE+TOP3+MEDIAN,spambase,0.0196366666666666
BASELINE+TOP3+MEDIAN,winetype,0.0028166666666666
BASELINE+TOP3+MEDIAN,2dplanes,0.0291416666666666
BASELINE+TOP3+MEDIAN,balloon,0.0363833333333333
BASELINE+TOP3+MEDIAN,bank8FM,0.0086366666666666
BASELINE+TOP3+MEDIAN,churn,0.0781166666666666
BASELINE+TOP3+MEDIAN,clean2,0.000585
BASELINE+TOP3+MEDIAN,cpu_act,0.0140333333333333
BASELINE+TOP3+MEDIAN,delta_ailerons,0.0166783333333333
BASELINE+TOP3+MEDIAN,electricity-normalized,0.0212983333333333
BASELINE+TOP3+MEDIAN,elevators,0.0146483333333333
BASELINE+TOP3+MEDIAN,file79b563a1a18,0.04456
BASELINE+TOP3+MEDIAN,fried,0.024515
BASELINE+TOP3+MEDIAN,fri_c2_1000_10,0.0338549999999999
BASELINE+TOP3+MEDIAN,GAMETES_Epistasis_2-Way_20atts_0.1H_EDM-1_1,0.3253416666666667
BASELINE+TOP3+MEDIAN,GAMETES_Epistasis_2-Way_20atts_0.4H_EDM-1_1,0.3296866666666667
BASELINE+TOP3+MEDIAN,gina_agnostic,0.0183633333333333
BASELINE+TOP3+MEDIAN,kin8nm,0.0334766666666666
BASELINE+TOP3+MEDIAN,parity5_plus_5,0.2851266666666667
BASELINE+TOP3+MEDIAN,pendigits,0.0052366666666666
BASELINE+TOP3+MEDIAN,phpGUrE90,0.0526333333333333
BASELINE+TOP3+MEDIAN,phphQEck0,0.0150583333333333
BASELINE+TOP3+MEDIAN,phpMD2hR6,0.0262083333333333
BASELINE+TOP3+MEDIAN,phpmPOD5A,0.4521566666666665
BASELINE+TOP3+MEDIAN,phpV5QYya,0.014785
BASELINE+TOP3+MEDIAN,pol,0.022105
BASELINE+TOP3+MEDIAN,pollen,0.3228566666666667
BASELINE+TOP3+MEDIAN,puma32H,0.068505
BASELINE+TOP3+MEDIAN,puma8NH,0.0472216666666666
BASELINE+TOP3+MEDIAN,quake,0.2556566666666666
BASELINE+TOP3+MEDIAN,space_ga,0.0316566666666666
BASELINE+TOP3+MEDIAN,sylva_prior,0.009185
BASELINE+TOP3+MEDIAN,visualizing_soil,0.0025966666666666
BASELINE+TOP3+MEDIAN,wind,0.0215616666666666
BASELINE+TOP5+MEAN,1043_ada_agnostic,0.0612426666666666
BASELINE+TOP5+MEAN,11_balance-scale,0.0180866666666666
BASELINE+TOP5+MEAN,12_mfeat-factors,0.0105506666666666
BASELINE+TOP5+MEAN,1460_banana,0.1654929999999999
BASELINE+TOP5+MEAN,1462_banknote-authentication,0.0053603333333333
BASELINE+TOP5+MEAN,1466_cardiotocography,0.0028323333333333
BASELINE+TOP5+MEAN,1475_first-order-theorem-proving,0.0637656666666666
BASELINE+TOP5+MEAN,1479_hill-valley,0.0638249999999999
BASELINE+TOP5+MEAN,1485_madelon,0.096274
BASELINE+TOP5+MEAN,1489_phoneme,0.0660146666666666
BASELINE+TOP5+MEAN,1494_qsar-biodeg,0.0427453333333333
BASELINE+TOP5+MEAN,1496_ringnorm,0.0519196666666666
BASELINE+TOP5+MEAN,1497_wall-robot-navigation,0.0435353333333333
BASELINE+TOP5+MEAN,14_mfeat-fourier,0.0143686666666666
BASELINE+TOP5+MEAN,1504_steel-plates-fault,0.0013163333333333
BASELINE+TOP5+MEAN,1507_twonorm,0.00518
BASELINE+TOP5+MEAN,1510_wdbc,0.0087146666666666
BASELINE+TOP5+MEAN,1526_wall-robot-navigation,0.0465583333333333
BASELINE+TOP5+MEAN,1527_volcanoes-a1,0.0396856666666666
BASELINE+TOP5+MEAN,1535_volcanoes-b5,0.1139763333333333
BASELINE+TOP5+MEAN,1538_volcanoes-d1,0.2838779999999999
BASELINE+TOP5+MEAN,1539_volcanoes-d2,0.2542379999999999
BASELINE+TOP5+MEAN,1540_volcanoes-d3,0.1193859999999999
BASELINE+TOP5+MEAN,1541_volcanoes-d4,0.1463903333333333
BASELINE+TOP5+MEAN,1547_autoUniv-au1-1000,0.1878933333333333
BASELINE+TOP5+MEAN,1566_hill-valley,0.1060143333333333
BASELINE+TOP5+MEAN,1570_wilt,0.1145443333333333
BASELINE+TOP5+MEAN,16_mfeat-karhunen,0.0253546666666666
BASELINE+TOP5+MEAN,182_satimage,0.0049873333333333
BASELINE+TOP5+MEAN,18_mfeat-morphological,0.008424
BASELINE+TOP5+MEAN,20_mfeat-pixel,0.0206873333333333
BASELINE+TOP5+MEAN,22_mfeat-zernike,0.042723
BASELINE+TOP5+MEAN,23_cmc,0.079272
BASELINE+TOP5+MEAN,28_optdigits,0.021797
BASELINE+TOP5+MEAN,292_Australian,0.0344966666666666
BASELINE+TOP5+MEAN,294_satellite_image,0.0104246666666666
BASELINE+TOP5+MEAN,30_page-blocks,0.0248136666666666
BASELINE+TOP5+MEAN,312_scene,0.0087739999999999
BASELINE+TOP5+MEAN,333_monks-problems-1,0.0749869999999999
BASELINE+TOP5+MEAN,334_monks-problems-2,0.2652986666666666
BASELINE+TOP5+MEAN,335_monks-problems-3,0.034029
BASELINE+TOP5+MEAN,36_segment,0.005571
BASELINE+TOP5+MEAN,375_JapaneseVowels,0.0139543333333333
BASELINE+TOP5+MEAN,37_diabetes,0.0766243333333333
BASELINE+TOP5+MEAN,40474_thyroid-allbp,0.0597713333333333
BASELINE+TOP5+MEAN,40475_thyroid-allhyper,0.069392
BASELINE+TOP5+MEAN,40733_yeast,0.1372573333333333
BASELINE+TOP5+MEAN,44_spambase,0.0195986666666666
BASELINE+TOP5+MEAN,4538_GesturePhaseSegmentationProcessed,0.1138813333333333
BASELINE+TOP5+MEAN,458_analcatdata_authorship,0.0072043333333333
BASELINE+TOP5+MEAN,54_vehicle,0.0207116666666666
BASELINE+TOP5+MEAN,60_waveform-5000,0.027311
BASELINE+TOP5+MEAN,679_rmftsa_sleepdata,0.2517036666666666
BASELINE+TOP5+MEAN,AedesQuinx,0.0393403333333333
BASELINE+TOP5+MEAN,AedesSex,0.007712
BASELINE+TOP5+MEAN,anuranCalls,0.015371
BASELINE+TOP5+MEAN,ArabicDigit,0.00473
BASELINE+TOP5+MEAN,BNG,0.006763
BASELINE+TOP5+MEAN,click-prediction,0.194722
BASELINE+TOP5+MEAN,cmc,0.0772649999999999
BASELINE+TOP5+MEAN,covtype_reduced,0.0407519999999999
BASELINE+TOP5+MEAN,default_credit_card_clients,0.098702
BASELINE+TOP5+MEAN,eeg,0.1231683333333333
BASELINE+TOP5+MEAN,HTRU,0.0232376666666666
BASELINE+TOP5+MEAN,jm1-processed,0.1130196666666666
BASELINE+TOP5+MEAN,letter-recognition,0.178619
BASELINE+TOP5+MEAN,magic,0.0438939999999999
BASELINE+TOP5+MEAN,mozilla,0.0361103333333333
BASELINE+TOP5+MEAN,namao,0.0134523333333333
BASELINE+TOP5+MEAN,occupancy,0.007157
BASELINE+TOP5+MEAN,phoneme,0.060007
BASELINE+TOP5+MEAN,spambase,0.0201483333333333
BASELINE+TOP5+MEAN,winetype,0.0024566666666666
BASELINE+TOP5+MEAN,2dplanes,0.0316089999999999
BASELINE+TOP5+MEAN,balloon,0.0380653333333333
BASELINE+TOP5+MEAN,bank8FM,0.0126376666666666
BASELINE+TOP5+MEAN,churn,0.0912393333333333
BASELINE+TOP5+MEAN,clean2,0.0016469999999999
BASELINE+TOP5+MEAN,cpu_act,0.019391
BASELINE+TOP5+MEAN,delta_ailerons,0.0171723333333333
BASELINE+TOP5+MEAN,electricity-normalized,0.0425073333333333
BASELINE+TOP5+MEAN,elevators,0.0258389999999999
BASELINE+TOP5+MEAN,file79b563a1a18,0.053904
BASELINE+TOP5+MEAN,fried,0.024848
BASELINE+TOP5+MEAN,fri_c2_1000_10,0.0677236666666666
BASELINE+TOP5+MEAN,GAMETES_Epistasis_2-Way_20atts_0.1H_EDM-1_1,0.3013083333333333
BASELINE+TOP5+MEAN,GAMETES_Epistasis_2-Way_20atts_0.4H_EDM-1_1,0.2777163333333333
BASELINE+TOP5+MEAN,gina_agnostic,0.02198
BASELINE+TOP5+MEAN,kin8nm,0.0484
BASELINE+TOP5+MEAN,parity5_plus_5,0.2251899999999999
BASELINE+TOP5+MEAN,pendigits,0.0077326666666666
BASELINE+TOP5+MEAN,phpGUrE90,0.0450093333333333
BASELINE+TOP5+MEAN,phphQEck0,0.0319396666666666
BASELINE+TOP5+MEAN,phpMD2hR6,0.0513949999999999
BASELINE+TOP5+MEAN,phpmPOD5A,0.3272533333333333
BASELINE+TOP5+MEAN,phpV5QYya,0.0174356666666666
BASELINE+TOP5+MEAN,pol,0.0174503333333333
BASELINE+TOP5+MEAN,pollen,0.2951513333333333
BASELINE+TOP5+MEAN,puma32H,0.075836
BASELINE+TOP5+MEAN,puma8NH,0.0471876666666666
BASELINE+TOP5+MEAN,quake,0.2442473333333333
BASELINE+TOP5+MEAN,space_ga,0.0380523333333333
BASELINE+TOP5+MEAN,sylva_prior,0.0142166666666666
BASELINE+TOP5+MEAN,visualizing_soil,0.0024676666666666
BASELINE+TOP5+MEAN,wind,0.0264689999999999
BASELINE+TOP5+MEDIAN,1043_ada_agnostic,0.03964
BASELINE+TOP5+MEDIAN,11_balance-scale,0.0171216666666666
BASELINE+TOP5+MEDIAN,12_mfeat-factors,0.006415
BASELINE+TOP5+MEDIAN,1460_banana,0.1419016666666666
BASELINE+TOP5+MEDIAN,1462_banknote-authentication,0.0040166666666666
BASELINE+TOP5+MEDIAN,1466_cardiotocography,0.0
BASELINE+TOP5+MEDIAN,1475_first-order-theorem-proving,0.0406333333333333
BASELINE+TOP5+MEDIAN,1479_hill-valley,0.0234499999999999
BASELINE+TOP5+MEDIAN,1485_madelon,0.0773733333333333
BASELINE+TOP5+MEDIAN,1489_phoneme,0.0325833333333333
BASELINE+TOP5+MEDIAN,1494_qsar-biodeg,0.0539683333333333
BASELINE+TOP5+MEDIAN,1496_ringnorm,0.0316983333333333
BASELINE+TOP5+MEDIAN,1497_wall-robot-navigation,0.03038
BASELINE+TOP5+MEDIAN,14_mfeat-fourier,0.0107516666666666
BASELINE+TOP5+MEDIAN,1504_steel-plates-fault,0.0004133333333333
BASELINE+TOP5+MEDIAN,1507_twonorm,0.0040216666666666
BASELINE+TOP5+MEDIAN,1510_wdbc,0.008905
BASELINE+TOP5+MEDIAN,1526_wall-robot-navigation,0.0322233333333333
BASELINE+TOP5+MEDIAN,1527_volcanoes-a1,0.0333166666666666
BASELINE+TOP5+MEDIAN,1535_volcanoes-b5,0.0734466666666666
BASELINE+TOP5+MEDIAN,1538_volcanoes-d1,0.3632533333333334
BASELINE+TOP5+MEDIAN,1539_volcanoes-d2,0.364995
BASELINE+TOP5+MEDIAN,1540_volcanoes-d3,0.0636183333333333
BASELINE+TOP5+MEDIAN,1541_volcanoes-d4,0.127545
BASELINE+TOP5+MEDIAN,1547_autoUniv-au1-1000,0.2287933333333333
BASELINE+TOP5+MEDIAN,1566_hill-valley,0.1039666666666666
BASELINE+TOP5+MEDIAN,1570_wilt,0.0473249999999999
BASELINE+TOP5+MEDIAN,16_mfeat-karhunen,0.0191016666666666
BASELINE+TOP5+MEDIAN,182_satimage,0.0047349999999999
BASELINE+TOP5+MEDIAN,18_mfeat-morphological,0.00501
BASELINE+TOP5+MEDIAN,20_mfeat-pixel,0.0152783333333333
BASELINE+TOP5+MEDIAN,22_mfeat-zernike,0.0385433333333333
BASELINE+TOP5+MEDIAN,23_cmc,0.043255
BASELINE+TOP5+MEDIAN,28_optdigits,0.0153
BASELINE+TOP5+MEDIAN,292_Australian,0.0194033333333333
BASELINE+TOP5+MEDIAN,294_satellite_image,0.0093533333333333
BASELINE+TOP5+MEDIAN,30_page-blocks,0.0278883333333333
BASELINE+TOP5+MEDIAN,312_scene,0.0067533333333333
BASELINE+TOP5+MEDIAN,333_monks-problems-1,0.052905
BASELINE+TOP5+MEDIAN,334_monks-problems-2,0.2996766666666666
BASELINE+TOP5+MEDIAN,335_monks-problems-3,0.0127633333333333
BASELINE+TOP5+MEDIAN,36_segment,0.00429
BASELINE+TOP5+MEDIAN,375_JapaneseVowels,0.0100566666666666
BASELINE+TOP5+MEDIAN,37_diabetes,0.0611
BASELINE+TOP5+MEDIAN,40474_thyroid-allbp,0.03267
BASELINE+TOP5+MEDIAN,40475_thyroid-allhyper,0.047495
BASELINE+TOP5+MEDIAN,40733_yeast,0.0805466666666667
BASELINE+TOP5+MEDIAN,44_spambase,0.0116666666666666
BASELINE+TOP5+MEDIAN,4538_GesturePhaseSegmentationProcessed,0.056585
BASELINE+TOP5+MEDIAN,458_analcatdata_authorship,0.0050183333333333
BASELINE+TOP5+MEDIAN,54_vehicle,0.0245916666666666
BASELINE+TOP5+MEDIAN,60_waveform-5000,0.0121633333333333
BASELINE+TOP5+MEDIAN,679_rmftsa_sleepdata,0.3081649999999999
BASELINE+TOP5+MEDIAN,AedesQuinx,0.019905
BASELINE+TOP5+MEDIAN,AedesSex,0.0056166666666666
BASELINE+TOP5+MEDIAN,anuranCalls,0.0093883333333333
BASELINE+TOP5+MEDIAN,ArabicDigit,0.003695
BASELINE+TOP5+MEDIAN,BNG,0.0054916666666666
BASELINE+TOP5+MEDIAN,click-prediction,0.1461233333333333
BASELINE+TOP5+MEDIAN,cmc,0.0422066666666666
BASELINE+TOP5+MEDIAN,covtype_reduced,0.0260683333333333
BASELINE+TOP5+MEDIAN,default_credit_card_clients,0.0458733333333333
BASELINE+TOP5+MEDIAN,eeg,0.0802433333333333
BASELINE+TOP5+MEDIAN,HTRU,0.0113616666666666
BASELINE+TOP5+MEDIAN,jm1-processed,0.0646283333333333
BASELINE+TOP5+MEDIAN,letter-recognition,0.14534
BASELINE+TOP5+MEDIAN,magic,0.0208799999999999
BASELINE+TOP5+MEDIAN,mozilla,0.0236583333333333
BASELINE+TOP5+MEDIAN,namao,0.0077249999999999
BASELINE+TOP5+MEDIAN,occupancy,0.0034033333333333
BASELINE+TOP5+MEDIAN,phoneme,0.03239
BASELINE+TOP5+MEDIAN,spambase,0.0079416666666666
BASELINE+TOP5+MEDIAN,winetype,0.0026866666666666
BASELINE+TOP5+MEDIAN,2dplanes,0.0199816666666666
BASELINE+TOP5+MEDIAN,balloon,0.0305316666666666
BASELINE+TOP5+MEDIAN,bank8FM,0.0078733333333333
BASELINE+TOP5+MEDIAN,churn,0.0647733333333333
BASELINE+TOP5+MEDIAN,clean2,8.333333333333322e-05
BASELINE+TOP5+MEDIAN,cpu_act,0.012025
BASELINE+TOP5+MEDIAN,delta_ailerons,0.0141383333333333
BASELINE+TOP5+MEDIAN,electricity-normalized,0.0207716666666666
BASELINE+TOP5+MEDIAN,elevators,0.01228
BASELINE+TOP5+MEDIAN,file79b563a1a18,0.0345316666666666
BASELINE+TOP5+MEDIAN,fried,0.014655
BASELINE+TOP5+MEDIAN,fri_c2_1000_10,0.0332566666666666
BASELINE+TOP5+MEDIAN,GAMETES_Epistasis_2-Way_20atts_0.1H_EDM-1_1,0.344545
BASELINE+TOP5+MEDIAN,GAMETES_Epistasis_2-Way_20atts_0.4H_EDM-1_1,0.3003416666666666
BASELINE+TOP5+MEDIAN,gina_agnostic,0.0142416666666666
BASELINE+TOP5+MEDIAN,kin8nm,0.0265416666666666
BASELINE+TOP5+MEDIAN,parity5_plus_5,0.24236
BASELINE+TOP5+MEDIAN,pendigits,0.0043616666666666
BASELINE+TOP5+MEDIAN,phpGUrE90,0.0527033333333333
BASELINE+TOP5+MEDIAN,phphQEck0,0.0044216666666666
BASELINE+TOP5+MEDIAN,phpMD2hR6,0.0158216666666666
BASELINE+TOP5+MEDIAN,phpmPOD5A,0.4570233333333332
BASELINE+TOP5+MEDIAN,phpV5QYya,0.01204
BASELINE+TOP5+MEDIAN,pol,0.0128433333333333
BASELINE+TOP5+MEDIAN,pollen,0.308705
BASELINE+TOP5+MEDIAN,puma32H,0.0540933333333333
BASELINE+TOP5+MEDIAN,puma8NH,0.0323583333333333
BASELINE+TOP5+MEDIAN,quake,0.2351499999999999
BASELINE+TOP5+MEDIAN,space_ga,0.0288733333333333
BASELINE+TOP5+MEDIAN,sylva_prior,0.00794
BASELINE+TOP5+MEDIAN,visualizing_soil,0.0013383333333333
BASELINE+TOP5+MEDIAN,wind,0.0182983333333333
CC,1043_ada_agnostic,0.1832
CC,11_balance-scale,0.0317
CC,12_mfeat-factors,0.00885
CC,1460_banana,0.42095
CC,1462_banknote-authentication,0.00955
CC,1466_cardiotocography,0.0
CC,1475_first-order-theorem-proving,0.1902499999999999
CC,1479_hill-valley,0.22625
CC,1485_madelon,0.215
CC,1489_phoneme,0.24815
CC,1494_qsar-biodeg,0.08525
CC,1496_ringnorm,0.14825
CC,1497_wall-robot-navigation,0.13335
CC,14_mfeat-fourier,0.00975
CC,1504_steel-plates-fault,0.0
CC,1507_twonorm,0.0151
CC,1510_wdbc,0.01665
CC,1526_wall-robot-navigation,0.16845
CC,1527_volcanoes-a1,0.2118
CC,1535_volcanoes-b5,0.34765
CC,1538_volcanoes-d1,0.5
CC,1539_volcanoes-d2,0.5
CC,1540_volcanoes-d3,0.4853499999999999
CC,1541_volcanoes-d4,0.47485
CC,1547_autoUniv-au1-1000,0.5
CC,1566_hill-valley,0.2146
CC,1570_wilt,0.3625
CC,16_mfeat-karhunen,0.02845
CC,182_satimage,0.02135
CC,18_mfeat-morphological,0.0086
CC,20_mfeat-pixel,0.0204
CC,22_mfeat-zernike,0.03705
CC,23_cmc,0.22735
CC,28_optdigits,0.05325
CC,292_Australian,0.0786
CC,294_satellite_image,0.02075
CC,30_page-blocks,0.09555
CC,312_scene,0.1417
CC,333_monks-problems-1,0.02845
CC,334_monks-problems-2,0.1877499999999999
CC,335_monks-problems-3,0.5
CC,36_segment,0.02555
CC,375_JapaneseVowels,0.0103
CC,37_diabetes,0.0592
CC,40474_thyroid-allbp,0.173
CC,40475_thyroid-allhyper,0.1582
CC,40733_yeast,0.16365
CC,44_spambase,0.36655
CC,4538_GesturePhaseSegmentationProcessed,0.0483
CC,458_analcatdata_authorship,0.3703
CC,54_vehicle,0.0052
CC,60_waveform-5000,0.0291
CC,679_rmftsa_sleepdata,0.0768
CC,AedesQuinx,0.5
CC,AedesSex,0.10295
CC,anuranCalls,0.0151
CC,ArabicDigit,0.0098
CC,BNG,0.0131
CC,click-prediction,0.27465
CC,cmc,0.5
CC,covtype_reduced,0.09005
CC,default_credit_card_clients,0.03975
CC,eeg,0.08145
CC,HTRU,0.0409999999999999
CC,jm1-processed,0.34895
CC,letter-recognition,0.0
CC,magic,0.4985
CC,mozilla,0.22745
CC,namao,0.1285
CC,occupancy,0.06165
CC,phoneme,0.3728
CC,spambase,0.04275
CC,winetype,0.2963
CC,2dplanes,0.1723
CC,balloon,0.1125
CC,bank8FM,0.15365
CC,churn,0.1261
CC,clean2,0.09285
CC,cpu_act,0.06995
CC,delta_ailerons,0.4313499999999999
CC,electricity-normalized,0.1461
CC,elevators,0.5
CC,file79b563a1a18,0.1835
CC,fried,0.0954
CC,fri_c2_1000_10,0.0416
CC,GAMETES_Epistasis_2-Way_20atts_0.1H_EDM-1_1,0.0094
CC,GAMETES_Epistasis_2-Way_20atts_0.4H_EDM-1_1,0.5
CC,gina_agnostic,0.01145
CC,kin8nm,0.24645
CC,parity5_plus_5,0.0721499999999999
CC,pendigits,0.1902499999999999
CC,phpGUrE90,0.0475999999999999
CC,phphQEck0,0.0378
CC,phpMD2hR6,0.5
CC,phpmPOD5A,0.0901
CC,phpV5QYya,0.2764999999999999
CC,pol,0.1818
CC,pollen,0.10355
CC,puma32H,0.4332999999999999
CC,puma8NH,0.0898
CC,quake,0.0491
CC,space_ga,0.0143
CC,sylva_prior,0.00095
CC,visualizing_soil,0.08275
CC,wind,0.004
DyS,1043_ada_agnostic,0.05055
DyS,11_balance-scale,0.022
DyS,12_mfeat-factors,0.0084
DyS,1460_banana,0.1765
DyS,1462_banknote-authentication,0.00515
DyS,1466_cardiotocography,0.0
DyS,1475_first-order-theorem-proving,0.0776
DyS,1479_hill-valley,0.04285
DyS,1485_madelon,0.16005
DyS,1489_phoneme,0.0487
DyS,1494_qsar-biodeg,0.0451
DyS,1496_ringnorm,0.0509
DyS,1497_wall-robot-navigation,0.04595
DyS,14_mfeat-fourier,0.0104
DyS,1504_steel-plates-fault,0.0012
DyS,1507_twonorm,0.00815
DyS,1510_wdbc,0.0098
DyS,1526_wall-robot-navigation,0.05915
DyS,1527_volcanoes-a1,0.03405
DyS,1535_volcanoes-b5,0.0809
DyS,1538_volcanoes-d1,0.5
DyS,1539_volcanoes-d2,0.5
DyS,1540_volcanoes-d3,0.0599
DyS,1541_volcanoes-d4,0.0975
DyS,1547_autoUniv-au1-1000,0.41155
DyS,1566_hill-valley,0.1041
DyS,1570_wilt,0.0465
DyS,16_mfeat-karhunen,0.024
DyS,182_satimage,0.0079
DyS,18_mfeat-morphological,0.0086
DyS,20_mfeat-pixel,0.0158
DyS,22_mfeat-zernike,0.0483
DyS,23_cmc,0.0948
DyS,28_optdigits,0.02245
DyS,292_Australian,0.0309
DyS,294_satellite_image,0.0113
DyS,30_page-blocks,0.03135
DyS,312_scene,0.0283999999999999
DyS,333_monks-problems-1,0.01185
DyS,334_monks-problems-2,0.0981
DyS,335_monks-problems-3,0.5
DyS,36_segment,0.01495
DyS,375_JapaneseVowels,0.0045
DyS,37_diabetes,0.01325
DyS,40474_thyroid-allbp,0.06795
DyS,40475_thyroid-allhyper,0.05225
DyS,40733_yeast,0.0631
DyS,44_spambase,0.0984999999999999
DyS,4538_GesturePhaseSegmentationProcessed,0.0201
DyS,458_analcatdata_authorship,0.09645
DyS,54_vehicle,0.0062
DyS,60_waveform-5000,0.01935
DyS,679_rmftsa_sleepdata,0.0278
DyS,AedesQuinx,0.5
DyS,AedesSex,0.03915
DyS,anuranCalls,0.0105
DyS,ArabicDigit,0.0058499999999999
DyS,BNG,0.0089
DyS,click-prediction,0.4686999999999999
DyS,cmc,0.5
DyS,covtype_reduced,0.01965
DyS,default_credit_card_clients,0.0152
DyS,eeg,0.02255
DyS,HTRU,0.0147
DyS,jm1-processed,0.0497499999999999
DyS,letter-recognition,0.0006
DyS,magic,0.1293
DyS,mozilla,0.092
DyS,namao,0.0539
DyS,occupancy,0.01885
DyS,phoneme,0.0807499999999999
DyS,spambase,0.02085
DyS,winetype,0.1413
DyS,2dplanes,0.0494
DyS,balloon,0.02805
DyS,bank8FM,0.04135
DyS,churn,0.04775
DyS,clean2,0.03305
DyS,cpu_act,0.02605
DyS,delta_ailerons,0.09785
DyS,electricity-normalized,0.05045
DyS,elevators,0.49155
DyS,file79b563a1a18,0.0518
DyS,fried,0.0369
DyS,fri_c2_1000_10,0.0163
DyS,GAMETES_Epistasis_2-Way_20atts_0.1H_EDM-1_1,0.0073
DyS,GAMETES_Epistasis_2-Way_20atts_0.4H_EDM-1_1,0.5
DyS,gina_agnostic,0.00575
DyS,kin8nm,0.0554
DyS,parity5_plus_5,0.03315
DyS,pendigits,0.0308
DyS,phpGUrE90,0.01915
DyS,phphQEck0,0.0141999999999999
DyS,phpMD2hR6,0.5
DyS,phpmPOD5A,0.02405
DyS,phpV5QYya,0.54145
DyS,pol,0.1139
DyS,pollen,0.03895
DyS,puma32H,0.3189
DyS,puma8NH,0.03425
DyS,quake,0.0204
DyS,space_ga,0.0088
DyS,sylva_prior,0.0013
DyS,visualizing_soil,0.0268
DyS,wind,0.0045
HDy,1043_ada_agnostic,0.0957
HDy,11_balance-scale,0.02915
HDy,12_mfeat-factors,0.0149
HDy,1460_banana,0.0654
HDy,1462_banknote-authentication,0.00845
HDy,1466_cardiotocography,0.01665
HDy,1475_first-order-theorem-proving,0.086
HDy,1479_hill-valley,0.0486
HDy,1485_madelon,0.1579
HDy,1489_phoneme,0.06165
HDy,1494_qsar-biodeg,0.0356
HDy,1496_ringnorm,0.06875
HDy,1497_wall-robot-navigation,0.0556
HDy,14_mfeat-fourier,0.0231
HDy,1504_steel-plates-fault,0.00815
HDy,1507_twonorm,0.0083
HDy,1510_wdbc,0.012
HDy,1526_wall-robot-navigation,0.05785
HDy,1527_volcanoes-a1,0.0694
HDy,1535_volcanoes-b5,0.21065
HDy,1538_volcanoes-d1,0.5
HDy,1539_volcanoes-d2,0.5
HDy,1540_volcanoes-d3,0.11085
HDy,1541_volcanoes-d4,0.1718499999999999
HDy,1547_autoUniv-au1-1000,0.276
HDy,1566_hill-valley,0.0917999999999999
HDy,1570_wilt,0.1195
HDy,16_mfeat-karhunen,0.04545
HDy,182_satimage,0.0141999999999999
HDy,18_mfeat-morphological,0.0157
HDy,20_mfeat-pixel,0.0177
HDy,22_mfeat-zernike,0.05525
HDy,23_cmc,0.1659
HDy,28_optdigits,0.0416
HDy,292_Australian,0.02895
HDy,294_satellite_image,0.01295
HDy,30_page-blocks,0.0422499999999999
HDy,312_scene,0.05465
HDy,333_monks-problems-1,0.01315
HDy,334_monks-problems-2,0.07185
HDy,335_monks-problems-3,0.5
HDy,36_segment,0.01495
HDy,375_JapaneseVowels,0.0156
HDy,37_diabetes,0.0346
HDy,40474_thyroid-allbp,0.06935
HDy,40475_thyroid-allhyper,0.05445
HDy,40733_yeast,0.0613
HDy,44_spambase,0.1164
HDy,4538_GesturePhaseSegmentationProcessed,0.0242499999999999
HDy,458_analcatdata_authorship,0.1588
HDy,54_vehicle,0.01485
HDy,60_waveform-5000,0.01885
HDy,679_rmftsa_sleepdata,0.0365
HDy,AedesQuinx,0.5
HDy,AedesSex,0.0511
HDy,anuranCalls,0.01365
HDy,ArabicDigit,0.0062
HDy,BNG,0.0107
HDy,click-prediction,0.4718
HDy,cmc,0.5
HDy,covtype_reduced,0.0352
HDy,default_credit_card_clients,0.01845
HDy,eeg,0.0305
HDy,HTRU,0.01505
HDy,jm1-processed,0.08155
HDy,letter-recognition,0.01405
HDy,magic,0.128
HDy,mozilla,0.17065
HDy,namao,0.0664
HDy,occupancy,0.0258
HDy,phoneme,0.1361
HDy,spambase,0.02645
HDy,winetype,0.14425
HDy,2dplanes,0.0632
HDy,balloon,0.03665
HDy,bank8FM,0.043
HDy,churn,0.04775
HDy,clean2,0.0421999999999999
HDy,cpu_act,0.02955
HDy,delta_ailerons,0.1496
HDy,electricity-normalized,0.0562
HDy,elevators,0.0949499999999999
HDy,file79b563a1a18,0.08355
HDy,fried,0.04305
HDy,fri_c2_1000_10,0.02205
HDy,GAMETES_Epistasis_2-Way_20atts_0.1H_EDM-1_1,0.01655
HDy,GAMETES_Epistasis_2-Way_20atts_0.4H_EDM-1_1,0.5
HDy,gina_agnostic,0.022
HDy,kin8nm,0.07605
HDy,parity5_plus_5,0.03275
HDy,pendigits,0.04
HDy,phpGUrE90,0.01905
HDy,phphQEck0,0.0187
HDy,phpMD2hR6,0.5
HDy,phpmPOD5A,0.03525
HDy,phpV5QYya,0.3979
HDy,pol,0.12135
HDy,pollen,0.04905
HDy,puma32H,0.28565
HDy,puma8NH,0.0379
HDy,quake,0.025
HDy,space_ga,0.02875
HDy,sylva_prior,0.0035
HDy,visualizing_soil,0.03245
HDy,wind,0.00615
MAX,1043_ada_agnostic,0.0601499999999999
MAX,11_balance-scale,0.01905
MAX,12_mfeat-factors,0.0068
MAX,1460_banana,0.1717
MAX,1462_banknote-authentication,0.0083
MAX,1466_cardiotocography,0.0
MAX,1475_first-order-theorem-proving,0.0942
MAX,1479_hill-valley,0.09945
MAX,1485_madelon,0.1593
MAX,1489_phoneme,0.066
MAX,1494_qsar-biodeg,0.0648
MAX,1496_ringnorm,0.0518
MAX,1497_wall-robot-navigation,0.06185
MAX,14_mfeat-fourier,0.0007
MAX,1504_steel-plates-fault,0.00395
MAX,1507_twonorm,0.01085
MAX,1510_wdbc,0.01475
MAX,1526_wall-robot-navigation,0.0743
MAX,1527_volcanoes-a1,0.0471
MAX,1535_volcanoes-b5,0.04125
MAX,1538_volcanoes-d1,0.5
MAX,1539_volcanoes-d2,0.5
MAX,1540_volcanoes-d3,0.0605
MAX,1541_volcanoes-d4,0.08045
MAX,1547_autoUniv-au1-1000,0.3281
MAX,1566_hill-valley,0.12895
MAX,1570_wilt,0.0437
MAX,16_mfeat-karhunen,0.01765
MAX,182_satimage,0.0116999999999999
MAX,18_mfeat-morphological,0.00695
MAX,20_mfeat-pixel,0.01615
MAX,22_mfeat-zernike,0.03685
MAX,23_cmc,0.10975
MAX,28_optdigits,0.01705
MAX,292_Australian,0.03105
MAX,294_satellite_image,0.01385
MAX,30_page-blocks,0.04605
MAX,312_scene,0.0313
MAX,333_monks-problems-1,0.01255
MAX,334_monks-problems-2,0.09135
MAX,335_monks-problems-3,0.5
MAX,36_segment,0.01475
MAX,375_JapaneseVowels,0.0095
MAX,37_diabetes,0.01695
MAX,40474_thyroid-allbp,0.0915
MAX,40475_thyroid-allhyper,0.0713
MAX,40733_yeast,0.0778
MAX,44_spambase,0.09625
MAX,4538_GesturePhaseSegmentationProcessed,0.025
MAX,458_analcatdata_authorship,0.12365
MAX,54_vehicle,0.00275
MAX,60_waveform-5000,0.0281499999999999
MAX,679_rmftsa_sleepdata,0.03085
MAX,AedesQuinx,0.5
MAX,AedesSex,0.04875
MAX,anuranCalls,0.01145
MAX,ArabicDigit,0.00875
MAX,BNG,0.01145
MAX,click-prediction,0.4728
MAX,cmc,0.4533
MAX,covtype_reduced,0.01925
MAX,default_credit_card_clients,0.01965
MAX,eeg,0.0386
MAX,HTRU,0.02105
MAX,jm1-processed,0.0521999999999999
MAX,letter-recognition,0.00045
MAX,magic,0.14565
MAX,mozilla,0.1061999999999999
MAX,namao,0.0696
MAX,occupancy,0.02415
MAX,phoneme,0.08165
MAX,spambase,0.024
MAX,winetype,0.22215
MAX,2dplanes,0.0634499999999999
MAX,balloon,0.0356
MAX,bank8FM,0.06215
MAX,churn,0.04755
MAX,clean2,0.04
MAX,cpu_act,0.03335
MAX,delta_ailerons,0.1135999999999999
MAX,electricity-normalized,0.06355
MAX,elevators,0.10975
MAX,file79b563a1a18,0.0591
MAX,fried,0.0432
MAX,fri_c2_1000_10,0.0197
MAX,GAMETES_Epistasis_2-Way_20atts_0.1H_EDM-1_1,0.008
MAX,GAMETES_Epistasis_2-Way_20atts_0.4H_EDM-1_1,0.3536999999999999
MAX,gina_agnostic,0.0060999999999999
MAX,kin8nm,0.06355
MAX,parity5_plus_5,0.09185
MAX,pendigits,0.0417
MAX,phpGUrE90,0.0275499999999999
MAX,phphQEck0,0.0147
MAX,phpMD2hR6,0.5
MAX,phpmPOD5A,0.0333
MAX,phpV5QYya,0.4331
MAX,pol,0.1224
MAX,pollen,0.05115
MAX,puma32H,0.45695
MAX,puma8NH,0.04335
MAX,quake,0.02515
MAX,space_ga,0.00525
MAX,sylva_prior,0.0025
MAX,visualizing_soil,0.0431
MAX,wind,0.0054
MS,1043_ada_agnostic,0.0521999999999999
MS,11_balance-scale,0.02825
MS,12_mfeat-factors,0.0059499999999999
MS,1460_banana,0.3043
MS,1462_banknote-authentication,0.00555
MS,1466_cardiotocography,0.0
MS,1475_first-order-theorem-proving,0.07735
MS,1479_hill-valley,0.0575
MS,1485_madelon,0.15915
MS,1489_phoneme,0.07475
MS,1494_qsar-biodeg,0.05625
MS,1496_ringnorm,0.0572
MS,1497_wall-robot-navigation,0.0494
MS,14_mfeat-fourier,0.01005
MS,1504_steel-plates-fault,0.0
MS,1507_twonorm,0.00885
MS,1510_wdbc,0.01515
MS,1526_wall-robot-navigation,0.0914
MS,1527_volcanoes-a1,0.05115
MS,1535_volcanoes-b5,0.08865
MS,1538_volcanoes-d1,0.5
MS,1539_volcanoes-d2,0.5
MS,1540_volcanoes-d3,0.2506
MS,1541_volcanoes-d4,0.24745
MS,1547_autoUniv-au1-1000,0.5
MS,1566_hill-valley,0.089
MS,1570_wilt,0.0477
MS,16_mfeat-karhunen,0.01625
MS,182_satimage,0.0103
MS,18_mfeat-morphological,0.0065
MS,20_mfeat-pixel,0.01565
MS,22_mfeat-zernike,0.0371
MS,23_cmc,0.08745
MS,28_optdigits,0.01725
MS,292_Australian,0.04155
MS,294_satellite_image,0.0127
MS,30_page-blocks,0.03485
MS,312_scene,0.06415
MS,333_monks-problems-1,0.01355
MS,334_monks-problems-2,0.1156
MS,335_monks-problems-3,0.5
MS,36_segment,0.1974
MS,375_JapaneseVowels,0.0044
MS,37_diabetes,0.01935
MS,40474_thyroid-allbp,0.0736
MS,40475_thyroid-allhyper,0.05355
MS,40733_yeast,0.06335
MS,44_spambase,0.2579
MS,4538_GesturePhaseSegmentationProcessed,0.0217
MS,458_analcatdata_authorship,0.11895
MS,54_vehicle,0.0035499999999999
MS,60_waveform-5000,0.0289999999999999
MS,679_rmftsa_sleepdata,0.03095
MS,AedesQuinx,0.5
MS,AedesSex,0.0399
MS,anuranCalls,0.0112
MS,ArabicDigit,0.00795
MS,BNG,0.00935
MS,click-prediction,0.4728
MS,cmc,0.5
MS,covtype_reduced,0.02265
MS,default_credit_card_clients,0.01785
MS,eeg,0.02235
MS,HTRU,0.0173
MS,jm1-processed,0.1467999999999999
MS,letter-recognition,0.0
MS,magic,0.4985
MS,mozilla,0.0778
MS,namao,0.0567999999999999
MS,occupancy,0.02105
MS,phoneme,0.09925
MS,spambase,0.0223
MS,winetype,0.1722
MS,2dplanes,0.05745
MS,balloon,0.0294499999999999
MS,bank8FM,0.04565
MS,churn,0.04755
MS,clean2,0.0359
MS,cpu_act,0.0288
MS,delta_ailerons,0.1389
MS,electricity-normalized,0.05225
MS,elevators,0.5
MS,file79b563a1a18,0.04905
MS,fried,0.0402
MS,fri_c2_1000_10,0.01895
MS,GAMETES_Epistasis_2-Way_20atts_0.1H_EDM-1_1,0.00695
MS,GAMETES_Epistasis_2-Way_20atts_0.4H_EDM-1_1,0.5
MS,gina_agnostic,0.0064
MS,kin8nm,0.07655
MS,parity5_plus_5,0.04865
MS,pendigits,0.04645
MS,phpGUrE90,0.02245
MS,phphQEck0,0.0162
MS,phpMD2hR6,0.5
MS,phpmPOD5A,0.03195
MS,phpV5QYya,0.5015
MS,pol,0.1299
MS,pollen,0.0478
MS,puma32H,0.3782999999999999
MS,puma8NH,0.03585
MS,quake,0.02085
MS,space_ga,0.00705
MS,sylva_prior,0.0015
MS,visualizing_soil,0.03025
MS,wind,0.0051
PACC,1043_ada_agnostic,0.0692499999999999
PACC,11_balance-scale,0.06105
PACC,12_mfeat-factors,0.0291
PACC,1460_banana,0.5
PACC,1462_banknote-authentication,0.0165
PACC,1466_cardiotocography,0.003
PACC,1475_first-order-theorem-proving,0.1727
PACC,1479_hill-valley,0.4239
PACC,1485_madelon,0.1969
PACC,1489_phoneme,0.12925
PACC,1494_qsar-biodeg,0.0802
PACC,1496_ringnorm,0.1509
PACC,1497_wall-robot-navigation,0.1168999999999999
PACC,14_mfeat-fourier,0.03675
PACC,1504_steel-plates-fault,0.0029
PACC,1507_twonorm,0.0112
PACC,1510_wdbc,0.0245
PACC,1526_wall-robot-navigation,0.1422
PACC,1527_volcanoes-a1,0.0528
PACC,1535_volcanoes-b5,0.06105
PACC,1538_volcanoes-d1,0.3969
PACC,1539_volcanoes-d2,0.37075
PACC,1540_volcanoes-d3,0.5
PACC,1541_volcanoes-d4,0.3795
PACC,1547_autoUniv-au1-1000,0.29795
PACC,1566_hill-valley,0.2181
PACC,1570_wilt,0.1483
PACC,16_mfeat-karhunen,0.04095
PACC,182_satimage,0.0115
PACC,18_mfeat-morphological,0.0302
PACC,20_mfeat-pixel,0.04495
PACC,22_mfeat-zernike,0.057
PACC,23_cmc,0.35105
PACC,28_optdigits,0.0194
PACC,292_Australian,0.11855
PACC,294_satellite_image,0.0173
PACC,30_page-blocks,0.0622
PACC,312_scene,0.06335
PACC,333_monks-problems-1,0.02035
PACC,334_monks-problems-2,0.24125
PACC,335_monks-problems-3,0.28825
PACC,36_segment,0.0788
PACC,375_JapaneseVowels,0.0157
PACC,37_diabetes,0.02115
PACC,40474_thyroid-allbp,0.1822
PACC,40475_thyroid-allhyper,0.1255
PACC,40733_yeast,0.1299
PACC,44_spambase,0.48515
PACC,4538_GesturePhaseSegmentationProcessed,0.0907
PACC,458_analcatdata_authorship,0.5
PACC,54_vehicle,0.0196
PACC,60_waveform-5000,0.0293
PACC,679_rmftsa_sleepdata,0.15535
PACC,AedesQuinx,0.26285
PACC,AedesSex,0.0915499999999999
PACC,anuranCalls,0.02095
PACC,ArabicDigit,0.01245
PACC,BNG,0.0182
PACC,click-prediction,0.4242499999999999
PACC,cmc,0.263
PACC,covtype_reduced,0.0236
PACC,default_credit_card_clients,0.0269499999999999
PACC,eeg,0.0579999999999999
PACC,HTRU,0.02235
PACC,jm1-processed,0.4395
PACC,letter-recognition,0.0039
PACC,magic,0.3547999999999999
PACC,mozilla,0.34635
PACC,namao,0.1103
PACC,occupancy,0.0319
PACC,phoneme,0.43905
PACC,spambase,0.0337
PACC,winetype,0.5
PACC,2dplanes,0.18515
PACC,balloon,0.0557
PACC,bank8FM,0.1516
PACC,churn,0.2153999999999999
PACC,clean2,0.0635
PACC,cpu_act,0.0562999999999999
PACC,delta_ailerons,0.5
PACC,electricity-normalized,0.1055
PACC,elevators,0.3243
PACC,file79b563a1a18,0.128
PACC,fried,0.1323
PACC,fri_c2_1000_10,0.0264
PACC,GAMETES_Epistasis_2-Way_20atts_0.1H_EDM-1_1,0.02745
PACC,GAMETES_Epistasis_2-Way_20atts_0.4H_EDM-1_1,0.2602
PACC,gina_agnostic,0.0169
PACC,kin8nm,0.1285
PACC,parity5_plus_5,0.06895
PACC,pendigits,0.28495
PACC,phpGUrE90,0.03475
PACC,phphQEck0,0.1722
PACC,phpMD2hR6,0.447
PACC,phpmPOD5A,0.0668
PACC,phpV5QYya,0.5
PACC,pol,0.1925
PACC,pollen,0.1291
PACC,puma32H,0.5
PACC,puma8NH,0.0670999999999999
PACC,quake,0.0879
PACC,space_ga,0.03145
PACC,sylva_prior,0.0116
PACC,visualizing_soil,0.05195
PACC,wind,0.0074
PCC,1043_ada_agnostic,0.2022
PCC,11_balance-scale,0.06305
PCC,12_mfeat-factors,0.03345
PCC,1460_banana,0.26495
PCC,1462_banknote-authentication,0.02035
PCC,1466_cardiotocography,0.003
PCC,1475_first-order-theorem-proving,0.21675
PCC,1479_hill-valley,0.2014999999999999
PCC,1485_madelon,0.25105
PCC,1489_phoneme,0.23125
PCC,1494_qsar-biodeg,0.14595
PCC,1496_ringnorm,0.1834
PCC,1497_wall-robot-navigation,0.1875
PCC,14_mfeat-fourier,0.03675
PCC,1504_steel-plates-fault,0.0029
PCC,1507_twonorm,0.01955
PCC,1510_wdbc,0.0348
PCC,1526_wall-robot-navigation,0.2209499999999999
PCC,1527_volcanoes-a1,0.20085
PCC,1535_volcanoes-b5,0.3242
PCC,1538_volcanoes-d1,0.3969
PCC,1539_volcanoes-d2,0.37075
PCC,1540_volcanoes-d3,0.3775
PCC,1541_volcanoes-d4,0.3909
PCC,1547_autoUniv-au1-1000,0.29795
PCC,1566_hill-valley,0.2117
PCC,1570_wilt,0.3913
PCC,16_mfeat-karhunen,0.05895
PCC,182_satimage,0.02145
PCC,18_mfeat-morphological,0.03495
PCC,20_mfeat-pixel,0.04935
PCC,22_mfeat-zernike,0.06155
PCC,23_cmc,0.23295
PCC,28_optdigits,0.055
PCC,292_Australian,0.1235
PCC,294_satellite_image,0.02495
PCC,30_page-blocks,0.1241
PCC,312_scene,0.15755
PCC,333_monks-problems-1,0.04445
PCC,334_monks-problems-2,0.22675
PCC,335_monks-problems-3,0.28825
PCC,36_segment,0.09015
PCC,375_JapaneseVowels,0.01945
PCC,37_diabetes,0.06905
PCC,40474_thyroid-allbp,0.1982
PCC,40475_thyroid-allhyper,0.19115
PCC,40733_yeast,0.1948
PCC,44_spambase,0.2598499999999999
PCC,4538_GesturePhaseSegmentationProcessed,0.12135
PCC,458_analcatdata_authorship,0.27085
PCC,54_vehicle,0.0196
PCC,60_waveform-5000,0.0508
PCC,679_rmftsa_sleepdata,0.12765
PCC,AedesQuinx,0.26285
PCC,AedesSex,0.14785
PCC,anuranCalls,0.02705
PCC,ArabicDigit,0.01665
PCC,BNG,0.02315
PCC,click-prediction,0.263
PCC,cmc,0.263
PCC,covtype_reduced,0.0939
PCC,default_credit_card_clients,0.05195
PCC,eeg,0.1065499999999999
PCC,HTRU,0.0493
PCC,jm1-processed,0.28455
PCC,letter-recognition,0.0039
PCC,magic,0.3547999999999999
PCC,mozilla,0.23235
PCC,namao,0.18015
PCC,occupancy,0.07395
PCC,phoneme,0.2901
PCC,spambase,0.06265
PCC,winetype,0.25525
PCC,2dplanes,0.18395
PCC,balloon,0.108
PCC,bank8FM,0.1646999999999999
PCC,churn,0.22625
PCC,clean2,0.1255
PCC,cpu_act,0.10785
PCC,delta_ailerons,0.315
PCC,electricity-normalized,0.18725
PCC,elevators,0.3243
PCC,file79b563a1a18,0.1844
PCC,fried,0.178
PCC,fri_c2_1000_10,0.05775
PCC,GAMETES_Epistasis_2-Way_20atts_0.1H_EDM-1_1,0.0258
PCC,GAMETES_Epistasis_2-Way_20atts_0.4H_EDM-1_1,0.2602
PCC,gina_agnostic,0.0306
PCC,kin8nm,0.23115
PCC,parity5_plus_5,0.13775
PCC,pendigits,0.15345
PCC,phpGUrE90,0.0622
PCC,phphQEck0,0.14865
PCC,phpMD2hR6,0.447
PCC,phpmPOD5A,0.12015
PCC,phpV5QYya,0.263
PCC,pol,0.24165
PCC,pollen,0.1739
PCC,puma32H,0.2658
PCC,puma8NH,0.12795
PCC,quake,0.1190499999999999
PCC,space_ga,0.04535
PCC,sylva_prior,0.0116
PCC,visualizing_soil,0.10875
PCC,wind,0.0105499999999999
SMM,1043_ada_agnostic,0.0507
SMM,11_balance-scale,0.0385999999999999
SMM,12_mfeat-factors,0.0067
SMM,1460_banana,0.36835
SMM,1462_banknote-authentication,0.00645
SMM,1466_cardiotocography,0.02275
SMM,1475_first-order-theorem-proving,0.07755
SMM,1479_hill-valley,0.0599
SMM,1485_madelon,0.14265
SMM,1489_phoneme,0.0582
SMM,1494_qsar-biodeg,0.054
SMM,1496_ringnorm,0.05835
SMM,1497_wall-robot-navigation,0.04955
SMM,14_mfeat-fourier,0.0161
SMM,1504_steel-plates-fault,0.003
SMM,1507_twonorm,0.00925
SMM,1510_wdbc,0.0175
SMM,1526_wall-robot-navigation,0.0733
SMM,1527_volcanoes-a1,0.04975
SMM,1535_volcanoes-b5,0.0774
SMM,1538_volcanoes-d1,0.06995
SMM,1539_volcanoes-d2,0.13175
SMM,1540_volcanoes-d3,0.0682
SMM,1541_volcanoes-d4,0.1107499999999999
SMM,1547_autoUniv-au1-1000,0.19875
SMM,1566_hill-valley,0.0948
SMM,1570_wilt,0.0391
SMM,16_mfeat-karhunen,0.01945
SMM,182_satimage,0.0116
SMM,18_mfeat-morphological,0.0114
SMM,20_mfeat-pixel,0.0151
SMM,22_mfeat-zernike,0.0395999999999999
SMM,23_cmc,0.0902
SMM,28_optdigits,0.0171
SMM,292_Australian,0.04545
SMM,294_satellite_image,0.0121
SMM,30_page-blocks,0.0371499999999999
SMM,312_scene,0.063
SMM,333_monks-problems-1,0.0141
SMM,334_monks-problems-2,0.08545
SMM,335_monks-problems-3,0.44155
SMM,36_segment,0.0567499999999999
SMM,375_JapaneseVowels,0.0065
SMM,37_diabetes,0.019
SMM,40474_thyroid-allbp,0.07675
SMM,40475_thyroid-allhyper,0.0546
SMM,40733_yeast,0.06375
SMM,44_spambase,0.1117
SMM,4538_GesturePhaseSegmentationProcessed,0.0220999999999999
SMM,458_analcatdata_authorship,0.0951999999999999
SMM,54_vehicle,0.00715
SMM,60_waveform-5000,0.0331
SMM,679_rmftsa_sleepdata,0.0335499999999999
SMM,AedesQuinx,0.1846
SMM,AedesSex,0.0404
SMM,anuranCalls,0.01165
SMM,ArabicDigit,0.00735
SMM,BNG,0.00955
SMM,click-prediction,0.4059
SMM,cmc,0.42135
SMM,covtype_reduced,0.0228
SMM,default_credit_card_clients,0.0175
SMM,eeg,0.02435
SMM,HTRU,0.01735
SMM,jm1-processed,0.1179
SMM,letter-recognition,0.00175
SMM,magic,0.1362
SMM,mozilla,0.0777
SMM,namao,0.05465
SMM,occupancy,0.022
SMM,phoneme,0.0809
SMM,spambase,0.0232
SMM,winetype,0.15835
SMM,2dplanes,0.0571
SMM,balloon,0.02945
SMM,bank8FM,0.04685
SMM,churn,0.07575
SMM,clean2,0.03655
SMM,cpu_act,0.0308
SMM,delta_ailerons,0.1118
SMM,electricity-normalized,0.05245
SMM,elevators,0.1074
SMM,file79b563a1a18,0.05
SMM,fried,0.0421999999999999
SMM,fri_c2_1000_10,0.0188
SMM,GAMETES_Epistasis_2-Way_20atts_0.1H_EDM-1_1,0.0079
SMM,GAMETES_Epistasis_2-Way_20atts_0.4H_EDM-1_1,0.24835
SMM,gina_agnostic,0.0073
SMM,kin8nm,0.06305
SMM,parity5_plus_5,0.05005
SMM,pendigits,0.04415
SMM,phpGUrE90,0.02205
SMM,phphQEck0,0.018
SMM,phpMD2hR6,0.53525
SMM,phpmPOD5A,0.032
SMM,phpV5QYya,0.5193
SMM,pol,0.12325
SMM,pollen,0.04775
SMM,puma32H,0.38295
SMM,puma8NH,0.03485
SMM,quake,0.02305
SMM,space_ga,0.0121
SMM,sylva_prior,0.0024
SMM,visualizing_soil,0.0298
SMM,wind,0.006
SORD,1043_ada_agnostic,0.04745
SORD,11_balance-scale,0.0235
SORD,12_mfeat-factors,0.00605
SORD,1460_banana,0.1574499999999999
SORD,1462_banknote-authentication,0.0053
SORD,1466_cardiotocography,0.0
SORD,1475_first-order-theorem-proving,0.07985
SORD,1479_hill-valley,0.0559999999999999
SORD,1485_madelon,0.1413
SORD,1489_phoneme,0.0541
SORD,1494_qsar-biodeg,0.0611
SORD,1496_ringnorm,0.05055
SORD,1497_wall-robot-navigation,0.0496999999999999
SORD,14_mfeat-fourier,0.0102
SORD,1504_steel-plates-fault,0.0
SORD,1507_twonorm,0.0087
SORD,1510_wdbc,0.01475
SORD,1526_wall-robot-navigation,0.06935
SORD,1527_volcanoes-a1,0.05155
SORD,1535_volcanoes-b5,0.0758
SORD,1538_volcanoes-d1,0.06315
SORD,1539_volcanoes-d2,0.10385
SORD,1540_volcanoes-d3,0.06055
SORD,1541_volcanoes-d4,0.0890499999999999
SORD,1547_autoUniv-au1-1000,0.19995
SORD,1566_hill-valley,0.08455
SORD,1570_wilt,0.03875
SORD,16_mfeat-karhunen,0.01585
SORD,182_satimage,0.01005
SORD,18_mfeat-morphological,0.00655
SORD,20_mfeat-pixel,0.01555
SORD,22_mfeat-zernike,0.0378
SORD,23_cmc,0.08995
SORD,28_optdigits,0.0177
SORD,292_Australian,0.0378
SORD,294_satellite_image,0.01235
SORD,30_page-blocks,0.03625
SORD,312_scene,0.05745
SORD,333_monks-problems-1,0.01325
SORD,334_monks-problems-2,0.0755499999999999
SORD,335_monks-problems-3,0.0935
SORD,36_segment,0.02325
SORD,375_JapaneseVowels,0.0049499999999999
SORD,37_diabetes,0.01775
SORD,40474_thyroid-allbp,0.0829
SORD,40475_thyroid-allhyper,0.0538499999999999
SORD,40733_yeast,0.063
SORD,44_spambase,0.0932
SORD,4538_GesturePhaseSegmentationProcessed,0.02135
SORD,458_analcatdata_authorship,0.09875
SORD,54_vehicle,0.00315
SORD,60_waveform-5000,0.0291
SORD,679_rmftsa_sleepdata,0.0304
SORD,AedesQuinx,0.11645
SORD,AedesSex,0.03955
SORD,anuranCalls,0.01115
SORD,ArabicDigit,0.0075
SORD,BNG,0.009
SORD,click-prediction,0.3742499999999999
SORD,cmc,0.4219
SORD,covtype_reduced,0.023
SORD,default_credit_card_clients,0.01775
SORD,eeg,0.02455
SORD,HTRU,0.017
SORD,jm1-processed,0.0919
SORD,letter-recognition,0.0
SORD,magic,0.1384
SORD,mozilla,0.0804
SORD,namao,0.05515
SORD,occupancy,0.02165
SORD,phoneme,0.0802
SORD,spambase,0.0224
SORD,winetype,0.163
SORD,2dplanes,0.0574
SORD,balloon,0.0292499999999999
SORD,bank8FM,0.0496
SORD,churn,0.0525
SORD,clean2,0.0368
SORD,cpu_act,0.02885
SORD,delta_ailerons,0.1059
SORD,electricity-normalized,0.0514
SORD,elevators,0.09815
SORD,file79b563a1a18,0.05035
SORD,fried,0.04095
SORD,fri_c2_1000_10,0.01815
SORD,GAMETES_Epistasis_2-Way_20atts_0.1H_EDM-1_1,0.00695
SORD,GAMETES_Epistasis_2-Way_20atts_0.4H_EDM-1_1,0.2270499999999999
SORD,gina_agnostic,0.0059
SORD,kin8nm,0.05835
SORD,parity5_plus_5,0.05485
SORD,pendigits,0.0486
SORD,phpGUrE90,0.0229
SORD,phphQEck0,0.0155
SORD,phpMD2hR6,0.51055
SORD,phpmPOD5A,0.02765
SORD,phpV5QYya,0.4242499999999999
SORD,pol,0.11715
SORD,pollen,0.0446
SORD,puma32H,0.39135
SORD,puma8NH,0.03645
SORD,quake,0.02075
SORD,space_ga,0.00715
SORD,sylva_prior,0.0011
SORD,visualizing_soil,0.0303
SORD,wind,0.00505
TOP1,1043_ada_agnostic,0.03265
TOP1,11_balance-scale,0.0216
TOP1,12_mfeat-factors,0.0062
TOP1,1460_banana,0.0974499999999999
TOP1,1462_banknote-authentication,0.0031499999999999
TOP1,1466_cardiotocography,0.0
TOP1,1475_first-order-theorem-proving,0.03755
TOP1,1479_hill-valley,0.0225999999999999
TOP1,1485_madelon,0.0784999999999999
TOP1,1489_phoneme,0.0255999999999999
TOP1,1494_qsar-biodeg,0.0376
TOP1,1496_ringnorm,0.02065
TOP1,1497_wall-robot-navigation,0.01705
TOP1,14_mfeat-fourier,0.0159
TOP1,1504_steel-plates-fault,0.0
TOP1,1507_twonorm,0.0026999999999999
TOP1,1510_wdbc,0.0045999999999999
TOP1,1526_wall-robot-navigation,0.0327499999999999
TOP1,1527_volcanoes-a1,0.04745
TOP1,1535_volcanoes-b5,0.0661999999999999
TOP1,1538_volcanoes-d1,0.02285
TOP1,1539_volcanoes-d2,0.09905
TOP1,1540_volcanoes-d3,0.0214499999999999
TOP1,1541_volcanoes-d4,0.07365
TOP1,1547_autoUniv-au1-1000,0.17575
TOP1,1566_hill-valley,0.0901
TOP1,1570_wilt,0.0313499999999999
TOP1,16_mfeat-karhunen,0.0158499999999999
TOP1,182_satimage,0.0030999999999999
TOP1,18_mfeat-morphological,0.00255
TOP1,20_mfeat-pixel,0.01465
TOP1,22_mfeat-zernike,0.03505
TOP1,23_cmc,0.2325499999999999
TOP1,28_optdigits,0.02095
TOP1,292_Australian,0.0230999999999999
TOP1,294_satellite_image,0.0072499999999999
TOP1,30_page-blocks,0.0180999999999999
TOP1,312_scene,0.0092499999999999
TOP1,333_monks-problems-1,0.03855
TOP1,334_monks-problems-2,0.0553999999999999
TOP1,335_monks-problems-3,0.00815
TOP1,36_segment,0.0077999999999999
TOP1,375_JapaneseVowels,0.0057499999999999
TOP1,37_diabetes,0.0486499999999999
TOP1,40474_thyroid-allbp,0.02035
TOP1,40475_thyroid-allhyper,0.0369
TOP1,40733_yeast,0.08
TOP1,44_spambase,0.0088
TOP1,4538_GesturePhaseSegmentationProcessed,0.041
TOP1,458_analcatdata_authorship,0.00285
TOP1,54_vehicle,0.01515
TOP1,60_waveform-5000,0.0099
TOP1,679_rmftsa_sleepdata,0.04465
TOP1,AedesQuinx,0.0150999999999999
TOP1,AedesSex,0.00515
TOP1,anuranCalls,0.00655
TOP1,ArabicDigit,0.00345
TOP1,BNG,0.0050999999999999
TOP1,click-prediction,0.058
TOP1,cmc,0.0534999999999999
TOP1,covtype_reduced,0.02035
TOP1,default_credit_card_clients,0.0354
TOP1,eeg,0.0662
TOP1,HTRU,0.0094999999999999
TOP1,jm1-processed,0.0586
TOP1,letter-recognition,0.0426499999999999
TOP1,magic,0.0185499999999999
TOP1,mozilla,0.0208
TOP1,namao,0.0068
TOP1,occupancy,0.00255
TOP1,phoneme,0.02465
TOP1,spambase,0.00775
TOP1,winetype,0.0031499999999999
TOP1,2dplanes,0.0142499999999999
TOP1,balloon,0.10555
TOP1,bank8FM,0.0063999999999999
TOP1,churn,0.0426
TOP1,clean2,0.0
TOP1,cpu_act,0.00845
TOP1,delta_ailerons,0.0130999999999999
TOP1,electricity-normalized,0.0204
TOP1,elevators,0.01335
TOP1,file79b563a1a18,0.0325
TOP1,fried,0.0127999999999999
TOP1,fri_c2_1000_10,0.0301999999999999
TOP1,GAMETES_Epistasis_2-Way_20atts_0.1H_EDM-1_1,0.21505
TOP1,GAMETES_Epistasis_2-Way_20atts_0.4H_EDM-1_1,0.3039
TOP1,gina_agnostic,0.01165
TOP1,kin8nm,0.0186
TOP1,parity5_plus_5,0.2602
TOP1,pendigits,0.0023999999999999
TOP1,phpGUrE90,0.0293499999999999
TOP1,phphQEck0,0.0037999999999999
TOP1,phpMD2hR6,0.0099999999999999
TOP1,phpmPOD5A,0.3657499999999999
TOP1,phpV5QYya,0.0095
TOP1,pol,0.01085
TOP1,pollen,0.3445
TOP1,puma32H,0.03975
TOP1,puma8NH,0.02485
TOP1,quake,0.1792
TOP1,space_ga,0.0210499999999999
TOP1,sylva_prior,0.00445
TOP1,visualizing_soil,0.0009499999999999
TOP1,wind,0.0103999999999999
TOP3+MEAN,1043_ada_agnostic,0.0884833333333333
TOP3+MEAN,11_balance-scale,0.0228833333333333
TOP3+MEAN,12_mfeat-factors,0.0037833333333333
TOP3+MEAN,1460_banana,0.1575
TOP3+MEAN,1462_banknote-authentication,0.0045333333333333
TOP3+MEAN,1466_cardiotocography,0.0075499999999999
TOP3+MEAN,1475_first-order-theorem-proving,0.0359666666666666
TOP3+MEAN,1479_hill-valley,0.0213499999999999
TOP3+MEAN,1485_madelon,0.0844833333333333
TOP3+MEAN,1489_phoneme,0.0215666666666666
TOP3+MEAN,1494_qsar-biodeg,0.0318333333333333
TOP3+MEAN,1496_ringnorm,0.0333666666666666
TOP3+MEAN,1497_wall-robot-navigation,0.0239
TOP3+MEAN,14_mfeat-fourier,0.0121666666666666
TOP3+MEAN,1504_steel-plates-fault,0.0009333333333333
TOP3+MEAN,1507_twonorm,0.0030333333333333
TOP3+MEAN,1510_wdbc,0.0067666666666666
TOP3+MEAN,1526_wall-robot-navigation,0.0363833333333333
TOP3+MEAN,1527_volcanoes-a1,0.0430166666666666
TOP3+MEAN,1535_volcanoes-b5,0.0469333333333333
TOP3+MEAN,1538_volcanoes-d1,0.1706333333333333
TOP3+MEAN,1539_volcanoes-d2,0.0919333333333333
TOP3+MEAN,1540_volcanoes-d3,0.0221833333333333
TOP3+MEAN,1541_volcanoes-d4,0.0772499999999999
TOP3+MEAN,1547_autoUniv-au1-1000,0.1451
TOP3+MEAN,1566_hill-valley,0.0894666666666666
TOP3+MEAN,1570_wilt,0.0270166666666666
TOP3+MEAN,16_mfeat-karhunen,0.0193666666666666
TOP3+MEAN,182_satimage,0.0053
TOP3+MEAN,18_mfeat-morphological,0.0033
TOP3+MEAN,20_mfeat-pixel,0.0142499999999999
TOP3+MEAN,22_mfeat-zernike,0.0403666666666666
TOP3+MEAN,23_cmc,0.1495166666666667
TOP3+MEAN,28_optdigits,0.0141333333333333
TOP3+MEAN,292_Australian,0.0163499999999999
TOP3+MEAN,294_satellite_image,0.0064833333333333
TOP3+MEAN,30_page-blocks,0.0286166666666666
TOP3+MEAN,312_scene,0.0061
TOP3+MEAN,333_monks-problems-1,0.0459
TOP3+MEAN,334_monks-problems-2,0.2502833333333333
TOP3+MEAN,335_monks-problems-3,0.00965
TOP3+MEAN,36_segment,0.0042333333333333
TOP3+MEAN,375_JapaneseVowels,0.00795
TOP3+MEAN,37_diabetes,0.0506333333333333
TOP3+MEAN,40474_thyroid-allbp,0.0225666666666666
TOP3+MEAN,40475_thyroid-allhyper,0.03435
TOP3+MEAN,40733_yeast,0.1349333333333333
TOP3+MEAN,44_spambase,0.0085833333333333
TOP3+MEAN,4538_GesturePhaseSegmentationProcessed,0.0412333333333333
TOP3+MEAN,458_analcatdata_authorship,0.0078
TOP3+MEAN,54_vehicle,0.0223333333333333
TOP3+MEAN,60_waveform-5000,0.0114833333333333
TOP3+MEAN,679_rmftsa_sleepdata,0.3315166666666667
TOP3+MEAN,AedesQuinx,0.0131666666666666
TOP3+MEAN,AedesSex,0.0049333333333333
TOP3+MEAN,anuranCalls,0.0072666666666666
TOP3+MEAN,ArabicDigit,0.0029
TOP3+MEAN,BNG,0.0049
TOP3+MEAN,click-prediction,0.0539333333333333
TOP3+MEAN,cmc,0.0340333333333333
TOP3+MEAN,covtype_reduced,0.0198333333333333
TOP3+MEAN,default_credit_card_clients,0.1177333333333333
TOP3+MEAN,eeg,0.16685
TOP3+MEAN,HTRU,0.0075333333333333
TOP3+MEAN,jm1-processed,0.0576333333333333
TOP3+MEAN,letter-recognition,0.0362
TOP3+MEAN,magic,0.01905
TOP3+MEAN,mozilla,0.0187333333333333
TOP3+MEAN,namao,0.0060833333333333
TOP3+MEAN,occupancy,0.0023333333333333
TOP3+MEAN,phoneme,0.0231333333333333
TOP3+MEAN,spambase,0.0079166666666666
TOP3+MEAN,winetype,0.0027833333333333
TOP3+MEAN,2dplanes,0.0242666666666666
TOP3+MEAN,balloon,0.05105
TOP3+MEAN,bank8FM,0.0065499999999999
TOP3+MEAN,churn,0.1049
TOP3+MEAN,clean2,0.0005166666666666
TOP3+MEAN,cpu_act,0.0091666666666666
TOP3+MEAN,delta_ailerons,0.0140166666666666
TOP3+MEAN,electricity-normalized,0.0153333333333333
TOP3+MEAN,elevators,0.01015
TOP3+MEAN,file79b563a1a18,0.11245
TOP3+MEAN,fried,0.0130833333333333
TOP3+MEAN,fri_c2_1000_10,0.0232333333333333
TOP3+MEAN,GAMETES_Epistasis_2-Way_20atts_0.1H_EDM-1_1,0.2483166666666666
TOP3+MEAN,GAMETES_Epistasis_2-Way_20atts_0.4H_EDM-1_1,0.2741
TOP3+MEAN,gina_agnostic,0.0109666666666666
TOP3+MEAN,kin8nm,0.018
TOP3+MEAN,parity5_plus_5,0.1915166666666667
TOP3+MEAN,pendigits,0.0022166666666666
TOP3+MEAN,phpGUrE90,0.0181166666666666
TOP3+MEAN,phphQEck0,0.0049999999999999
TOP3+MEAN,phpMD2hR6,0.0141333333333333
TOP3+MEAN,phpmPOD5A,0.3598833333333333
TOP3+MEAN,phpV5QYya,0.0091666666666666
TOP3+MEAN,pol,0.0565666666666666
TOP3+MEAN,pollen,0.38625
TOP3+MEAN,puma32H,0.0380333333333333
TOP3+MEAN,puma8NH,0.0238166666666666
TOP3+MEAN,quake,0.2507333333333333
TOP3+MEAN,space_ga,0.0183333333333333
TOP3+MEAN,sylva_prior,0.0049333333333333
TOP3+MEAN,visualizing_soil,0.0036166666666666
TOP3+MEAN,wind,0.0195166666666666
TOP3+MEDIAN,1043_ada_agnostic,0.03765
TOP3+MEDIAN,11_balance-scale,0.02155
TOP3+MEDIAN,12_mfeat-factors,0.0032
TOP3+MEDIAN,1460_banana,0.1231999999999999
TOP3+MEDIAN,1462_banknote-authentication,0.0038999999999999
TOP3+MEDIAN,1466_cardiotocography,0.0
TOP3+MEDIAN,1475_first-order-theorem-proving,0.0365
TOP3+MEDIAN,1479_hill-valley,0.0208499999999999
TOP3+MEDIAN,1485_madelon,0.0653499999999999
TOP3+MEDIAN,1489_phoneme,0.0218
TOP3+MEDIAN,1494_qsar-biodeg,0.03805
TOP3+MEDIAN,1496_ringnorm,0.02685
TOP3+MEDIAN,1497_wall-robot-navigation,0.02275
TOP3+MEDIAN,14_mfeat-fourier,0.01235
TOP3+MEDIAN,1504_steel-plates-fault,0.0003
TOP3+MEDIAN,1507_twonorm,0.0027999999999999
TOP3+MEDIAN,1510_wdbc,0.0045499999999999
TOP3+MEDIAN,1526_wall-robot-navigation,0.0347999999999999
TOP3+MEDIAN,1527_volcanoes-a1,0.0406
TOP3+MEDIAN,1535_volcanoes-b5,0.0649499999999999
TOP3+MEDIAN,1538_volcanoes-d1,0.02705
TOP3+MEDIAN,1539_volcanoes-d2,0.09905
TOP3+MEDIAN,1540_volcanoes-d3,0.0212
TOP3+MEDIAN,1541_volcanoes-d4,0.07375
TOP3+MEDIAN,1547_autoUniv-au1-1000,0.17365
TOP3+MEDIAN,1566_hill-valley,0.0979499999999999
TOP3+MEDIAN,1570_wilt,0.0259
TOP3+MEDIAN,16_mfeat-karhunen,0.0183
TOP3+MEDIAN,182_satimage,0.00485
TOP3+MEDIAN,18_mfeat-morphological,0.0038
TOP3+MEDIAN,20_mfeat-pixel,0.0142
TOP3+MEDIAN,22_mfeat-zernike,0.0358
TOP3+MEDIAN,23_cmc,0.1011999999999999
TOP3+MEDIAN,28_optdigits,0.0134499999999999
TOP3+MEDIAN,292_Australian,0.0153499999999999
TOP3+MEDIAN,294_satellite_image,0.0063999999999999
TOP3+MEDIAN,30_page-blocks,0.01935
TOP3+MEDIAN,312_scene,0.00575
TOP3+MEDIAN,333_monks-problems-1,0.0314
TOP3+MEDIAN,334_monks-problems-2,0.25965
TOP3+MEDIAN,335_monks-problems-3,0.0079999999999999
TOP3+MEDIAN,36_segment,0.0045499999999999
TOP3+MEDIAN,375_JapaneseVowels,0.0100499999999999
TOP3+MEDIAN,37_diabetes,0.0491999999999999
TOP3+MEDIAN,40474_thyroid-allbp,0.0231
TOP3+MEDIAN,40475_thyroid-allhyper,0.0349
TOP3+MEDIAN,40733_yeast,0.08805
TOP3+MEDIAN,44_spambase,0.0087999999999999
TOP3+MEDIAN,4538_GesturePhaseSegmentationProcessed,0.0422
TOP3+MEDIAN,458_analcatdata_authorship,0.0059
TOP3+MEDIAN,54_vehicle,0.0239999999999999
TOP3+MEDIAN,60_waveform-5000,0.0110999999999999
TOP3+MEDIAN,679_rmftsa_sleepdata,0.5
TOP3+MEDIAN,AedesQuinx,0.0132999999999999
TOP3+MEDIAN,AedesSex,0.00485
TOP3+MEDIAN,anuranCalls,0.0069
TOP3+MEDIAN,ArabicDigit,0.00275
TOP3+MEDIAN,BNG,0.0048999999999999
TOP3+MEDIAN,click-prediction,0.0521
TOP3+MEDIAN,cmc,0.0294
TOP3+MEDIAN,covtype_reduced,0.02035
TOP3+MEDIAN,default_credit_card_clients,0.0398
TOP3+MEDIAN,eeg,0.06455
TOP3+MEDIAN,HTRU,0.0093499999999999
TOP3+MEDIAN,jm1-processed,0.05805
TOP3+MEDIAN,letter-recognition,0.0413499999999999
TOP3+MEDIAN,magic,0.01795
TOP3+MEDIAN,mozilla,0.0192999999999999
TOP3+MEDIAN,namao,0.0056499999999999
TOP3+MEDIAN,occupancy,0.00245
TOP3+MEDIAN,phoneme,0.02285
TOP3+MEDIAN,spambase,0.0075999999999999
TOP3+MEDIAN,winetype,0.0027999999999999
TOP3+MEDIAN,2dplanes,0.0142
TOP3+MEDIAN,balloon,0.03385
TOP3+MEDIAN,bank8FM,0.0061999999999999
TOP3+MEDIAN,churn,0.0855499999999999
TOP3+MEDIAN,clean2,0.0001
TOP3+MEDIAN,cpu_act,0.0089
TOP3+MEDIAN,delta_ailerons,0.0135999999999999
TOP3+MEDIAN,electricity-normalized,0.0204999999999999
TOP3+MEDIAN,elevators,0.0091
TOP3+MEDIAN,file79b563a1a18,0.1179
TOP3+MEDIAN,fried,0.0130499999999999
TOP3+MEDIAN,fri_c2_1000_10,0.0218499999999999
TOP3+MEDIAN,GAMETES_Epistasis_2-Way_20atts_0.1H_EDM-1_1,0.231
TOP3+MEDIAN,GAMETES_Epistasis_2-Way_20atts_0.4H_EDM-1_1,0.3039
TOP3+MEDIAN,gina_agnostic,0.0108499999999999
TOP3+MEDIAN,kin8nm,0.018
TOP3+MEDIAN,parity5_plus_5,0.2602
TOP3+MEDIAN,pendigits,0.0020999999999999
TOP3+MEDIAN,phpGUrE90,0.0296499999999999
TOP3+MEDIAN,phphQEck0,0.0047999999999999
TOP3+MEDIAN,phpMD2hR6,0.015
TOP3+MEDIAN,phpmPOD5A,0.5
TOP3+MEDIAN,phpV5QYya,0.00945
TOP3+MEDIAN,pol,0.0425
TOP3+MEDIAN,pollen,0.4117499999999999
TOP3+MEDIAN,puma32H,0.0386
TOP3+MEDIAN,puma8NH,0.02405
TOP3+MEDIAN,quake,0.2581
TOP3+MEDIAN,space_ga,0.01965
TOP3+MEDIAN,sylva_prior,0.00445
TOP3+MEDIAN,visualizing_soil,0.0009499999999999
TOP3+MEDIAN,wind,0.02145
TOP3+WEIGHTED,1043_ada_agnostic,0.077240182372152
TOP3+WEIGHTED,11_balance-scale,0.0242595120111342
TOP3+WEIGHTED,12_mfeat-factors,0.0039233619543
TOP3+WEIGHTED,1460_banana,0.1588144372556191
TOP3+WEIGHTED,1462_banknote-authentication,0.0043036292092215
TOP3+WEIGHTED,1466_cardiotocography,0.0071782965623026
TOP3+WEIGHTED,1475_first-order-theorem-proving,0.0360274014955297
TOP3+WEIGHTED,1479_hill-valley,0.0212092840280702
TOP3+WEIGHTED,1485_madelon,0.0863865394630656
TOP3+WEIGHTED,1489_phoneme,0.0216070847427605
TOP3+WEIGHTED,1494_qsar-biodeg,0.0320286935016333
TOP3+WEIGHTED,1496_ringnorm,0.0330304515674983
TOP3+WEIGHTED,1497_wall-robot-navigation,0.0228502487955779
TOP3+WEIGHTED,14_mfeat-fourier,0.0123117797289922
TOP3+WEIGHTED,1504_steel-plates-fault,0.0009259031364846
TOP3+WEIGHTED,1507_twonorm,0.0030205669288804
TOP3+WEIGHTED,1510_wdbc,0.0066114682173225
TOP3+WEIGHTED,1526_wall-robot-navigation,0.0361511943973528
TOP3+WEIGHTED,1527_volcanoes-a1,0.0430440300544834
TOP3+WEIGHTED,1535_volcanoes-b5,0.0481811595519765
TOP3+WEIGHTED,1538_volcanoes-d1,0.099952776369074
TOP3+WEIGHTED,1539_volcanoes-d2,0.0522396244793733
TOP3+WEIGHTED,1540_volcanoes-d3,0.02312733206733
TOP3+WEIGHTED,1541_volcanoes-d4,0.0823382099534212
TOP3+WEIGHTED,1547_autoUniv-au1-1000,0.136089623840017
TOP3+WEIGHTED,1566_hill-valley,0.0893703737349279
TOP3+WEIGHTED,1570_wilt,0.026878607501591
TOP3+WEIGHTED,16_mfeat-karhunen,0.0193446394945899
TOP3+WEIGHTED,182_satimage,0.0046471531988203
TOP3+WEIGHTED,18_mfeat-morphological,0.0032491016595857
TOP3+WEIGHTED,20_mfeat-pixel,0.0143526454935272
TOP3+WEIGHTED,22_mfeat-zernike,0.0400363029194294
TOP3+WEIGHTED,23_cmc,0.1507257477555637
TOP3+WEIGHTED,28_optdigits,0.0146813724301453
TOP3+WEIGHTED,292_Australian,0.016676716196436
TOP3+WEIGHTED,294_satellite_image,0.0065179938252642
TOP3+WEIGHTED,30_page-blocks,0.027750949337818
TOP3+WEIGHTED,312_scene,0.0061185376028589
TOP3+WEIGHTED,333_monks-problems-1,0.0438125416164917
TOP3+WEIGHTED,334_monks-problems-2,0.2290000757473481
TOP3+WEIGHTED,335_monks-problems-3,0.0095926337236831
TOP3+WEIGHTED,36_segment,0.0043181789474942
TOP3+WEIGHTED,375_JapaneseVowels,0.0078472063222802
TOP3+WEIGHTED,37_diabetes,0.0503680893524709
TOP3+WEIGHTED,40474_thyroid-allbp,0.0224593427311656
TOP3+WEIGHTED,40475_thyroid-allhyper,0.0343996535390508
TOP3+WEIGHTED,40733_yeast,0.1306673179867968
TOP3+WEIGHTED,44_spambase,0.0085211755256395
TOP3+WEIGHTED,4538_GesturePhaseSegmentationProcessed,0.0412174066617587
TOP3+WEIGHTED,458_analcatdata_authorship,0.0076506527083359
TOP3+WEIGHTED,54_vehicle,0.0220784542281151
TOP3+WEIGHTED,60_waveform-5000,0.0114585384341799
TOP3+WEIGHTED,679_rmftsa_sleepdata,0.3183043043055955
TOP3+WEIGHTED,AedesQuinx,0.0131529594895266
TOP3+WEIGHTED,AedesSex,0.0049530825328291
TOP3+WEIGHTED,anuranCalls,0.0072372881670597
TOP3+WEIGHTED,ArabicDigit,0.0029183593232343
TOP3+WEIGHTED,BNG,0.0049369947417126
TOP3+WEIGHTED,click-prediction,0.0546619748406259
TOP3+WEIGHTED,cmc,0.0341626630600747
TOP3+WEIGHTED,covtype_reduced,0.0198456132367714
TOP3+WEIGHTED,default_credit_card_clients,0.0901850483822123
TOP3+WEIGHTED,eeg,0.1426688560288377
TOP3+WEIGHTED,HTRU,0.0075593683750076
TOP3+WEIGHTED,jm1-processed,0.0578263283564105
TOP3+WEIGHTED,letter-recognition,0.037406016205
TOP3+WEIGHTED,magic,0.0186757574696338
TOP3+WEIGHTED,mozilla,0.0188754633695743
TOP3+WEIGHTED,namao,0.0060924959906752
TOP3+WEIGHTED,occupancy,0.0023285327884801
TOP3+WEIGHTED,phoneme,0.0231471905546941
TOP3+WEIGHTED,spambase,0.0079030496794984
TOP3+WEIGHTED,winetype,0.0027799919486168
TOP3+WEIGHTED,2dplanes,0.0235016456147802
TOP3+WEIGHTED,balloon,0.052856497921318
TOP3+WEIGHTED,bank8FM,0.0065602278580705
TOP3+WEIGHTED,churn,0.1041780750704917
TOP3+WEIGHTED,clean2,0.000489000861638
TOP3+WEIGHTED,cpu_act,0.0090182324308344
TOP3+WEIGHTED,delta_ailerons,0.0138595656828884
TOP3+WEIGHTED,electricity-normalized,0.0151832814095952
TOP3+WEIGHTED,elevators,0.0103894396819455
TOP3+WEIGHTED,file79b563a1a18,0.0976154844521003
TOP3+WEIGHTED,fried,0.0127197678551067
TOP3+WEIGHTED,fri_c2_1000_10,0.0234652461688334
TOP3+WEIGHTED,GAMETES_Epistasis_2-Way_20atts_0.1H_EDM-1_1,0.2420624731032442
TOP3+WEIGHTED,GAMETES_Epistasis_2-Way_20atts_0.4H_EDM-1_1,0.275405153403855
TOP3+WEIGHTED,gina_agnostic,0.011022848736419
TOP3+WEIGHTED,kin8nm,0.0180253653442717
TOP3+WEIGHTED,parity5_plus_5,0.2067946517682832
TOP3+WEIGHTED,pendigits,0.0021739730654065
TOP3+WEIGHTED,phpGUrE90,0.0192810772539177
TOP3+WEIGHTED,phphQEck0,0.00484338641551
TOP3+WEIGHTED,phpMD2hR6,0.0140763310614473
TOP3+WEIGHTED,phpmPOD5A,0.3489097988417279
TOP3+WEIGHTED,phpV5QYya,0.0091520034548704
TOP3+WEIGHTED,pol,0.0415550413233736
TOP3+WEIGHTED,pollen,0.3833151796291587
TOP3+WEIGHTED,puma32H,0.0381640537040818
TOP3+WEIGHTED,puma8NH,0.02388693357671
TOP3+WEIGHTED,quake,0.2466762733494641
TOP3+WEIGHTED,space_ga,0.01857981102206
TOP3+WEIGHTED,sylva_prior,0.0050581334664681
TOP3+WEIGHTED,visualizing_soil,0.0036599293766639
TOP3+WEIGHTED,wind,0.0183173054469336
TOP5+MEAN,1043_ada_agnostic,0.0688699999999999
TOP5+MEAN,11_balance-scale,0.0307299999999999
TOP5+MEAN,12_mfeat-factors,0.0043299999999999
TOP5+MEAN,1460_banana,0.15608
TOP5+MEAN,1462_banknote-authentication,0.0032799999999999
TOP5+MEAN,1466_cardiotocography,0.00453
TOP5+MEAN,1475_first-order-theorem-proving,0.03705
TOP5+MEAN,1479_hill-valley,0.03167
TOP5+MEAN,1485_madelon,0.07664
TOP5+MEAN,1489_phoneme,0.0227399999999999
TOP5+MEAN,1494_qsar-biodeg,0.0479299999999999
TOP5+MEAN,1496_ringnorm,0.02386
TOP5+MEAN,1497_wall-robot-navigation,0.02077
TOP5+MEAN,14_mfeat-fourier,0.01393
TOP5+MEAN,1504_steel-plates-fault,0.0019599999999999
TOP5+MEAN,1507_twonorm,0.00308
TOP5+MEAN,1510_wdbc,0.0075399999999999
TOP5+MEAN,1526_wall-robot-navigation,0.02767
TOP5+MEAN,1527_volcanoes-a1,0.04349
TOP5+MEAN,1535_volcanoes-b5,0.0461699999999999
TOP5+MEAN,1538_volcanoes-d1,0.17426
TOP5+MEAN,1539_volcanoes-d2,0.1423
TOP5+MEAN,1540_volcanoes-d3,0.02325
TOP5+MEAN,1541_volcanoes-d4,0.0701199999999999
TOP5+MEAN,1547_autoUniv-au1-1000,0.15474
TOP5+MEAN,1566_hill-valley,0.10502
TOP5+MEAN,1570_wilt,0.0335199999999999
TOP5+MEAN,16_mfeat-karhunen,0.01768
TOP5+MEAN,182_satimage,0.0069499999999999
TOP5+MEAN,18_mfeat-morphological,0.00284
TOP5+MEAN,20_mfeat-pixel,0.01456
TOP5+MEAN,22_mfeat-zernike,0.04081
TOP5+MEAN,23_cmc,0.09512
TOP5+MEAN,28_optdigits,0.01927
TOP5+MEAN,292_Australian,0.0151899999999999
TOP5+MEAN,294_satellite_image,0.0063099999999999
TOP5+MEAN,30_page-blocks,0.02144
TOP5+MEAN,312_scene,0.0069299999999999
TOP5+MEAN,333_monks-problems-1,0.0385499999999999
TOP5+MEAN,334_monks-problems-2,0.23937
TOP5+MEAN,335_monks-problems-3,0.00871
TOP5+MEAN,36_segment,0.00361
TOP5+MEAN,375_JapaneseVowels,0.00791
TOP5+MEAN,37_diabetes,0.0458499999999999
TOP5+MEAN,40474_thyroid-allbp,0.0238099999999999
TOP5+MEAN,40475_thyroid-allhyper,0.03134
TOP5+MEAN,40733_yeast,0.16741
TOP5+MEAN,44_spambase,0.0090299999999999
TOP5+MEAN,4538_GesturePhaseSegmentationProcessed,0.04824
TOP5+MEAN,458_analcatdata_authorship,0.00668
TOP5+MEAN,54_vehicle,0.0174499999999999
TOP5+MEAN,60_waveform-5000,0.0117699999999999
TOP5+MEAN,679_rmftsa_sleepdata,0.25733
TOP5+MEAN,AedesQuinx,0.01249
TOP5+MEAN,AedesSex,0.00661
TOP5+MEAN,anuranCalls,0.0069699999999999
TOP5+MEAN,ArabicDigit,0.00364
TOP5+MEAN,BNG,0.0063699999999999
TOP5+MEAN,click-prediction,0.09677
TOP5+MEAN,cmc,0.0293899999999999
TOP5+MEAN,covtype_reduced,0.02638
TOP5+MEAN,default_credit_card_clients,0.08184
TOP5+MEAN,eeg,0.14393
TOP5+MEAN,HTRU,0.0119899999999999
TOP5+MEAN,jm1-processed,0.0521399999999999
TOP5+MEAN,letter-recognition,0.0353399999999999
TOP5+MEAN,magic,0.0203499999999999
TOP5+MEAN,mozilla,0.0160699999999999
TOP5+MEAN,namao,0.0127199999999999
TOP5+MEAN,occupancy,0.0025199999999999
TOP5+MEAN,phoneme,0.0247199999999999
TOP5+MEAN,spambase,0.00901
TOP5+MEAN,winetype,0.0027199999999999
TOP5+MEAN,2dplanes,0.03437
TOP5+MEAN,balloon,0.0412
TOP5+MEAN,bank8FM,0.0063499999999999
TOP5+MEAN,churn,0.0546399999999999
TOP5+MEAN,clean2,0.0028499999999999
TOP5+MEAN,cpu_act,0.00991
TOP5+MEAN,delta_ailerons,0.01353
TOP5+MEAN,electricity-normalized,0.0157599999999999
TOP5+MEAN,elevators,0.0125699999999999
TOP5+MEAN,file79b563a1a18,0.08696
TOP5+MEAN,fried,0.01834
TOP5+MEAN,fri_c2_1000_10,0.0223199999999999
TOP5+MEAN,GAMETES_Epistasis_2-Way_20atts_0.1H_EDM-1_1,0.29972
TOP5+MEAN,GAMETES_Epistasis_2-Way_20atts_0.4H_EDM-1_1,0.27491
TOP5+MEAN,gina_agnostic,0.0124899999999999
TOP5+MEAN,kin8nm,0.01949
TOP5+MEAN,parity5_plus_5,0.17414
TOP5+MEAN,pendigits,0.00209
TOP5+MEAN,phpGUrE90,0.0351199999999999
TOP5+MEAN,phphQEck0,0.0290499999999999
TOP5+MEAN,phpMD2hR6,0.01188
TOP5+MEAN,phpmPOD5A,0.3031799999999999
TOP5+MEAN,phpV5QYya,0.0100199999999999
TOP5+MEAN,pol,0.04915
TOP5+MEAN,pollen,0.3322900000000001
TOP5+MEAN,puma32H,0.03847
TOP5+MEAN,puma8NH,0.02489
TOP5+MEAN,quake,0.24238
TOP5+MEAN,space_ga,0.02303
TOP5+MEAN,sylva_prior,0.0051699999999999
TOP5+MEAN,visualizing_soil,0.0026099999999999
TOP5+MEAN,wind,0.0182899999999999
TOP5+MEDIAN,1043_ada_agnostic,0.0374
TOP5+MEDIAN,11_balance-scale,0.0236999999999999
TOP5+MEDIAN,12_mfeat-factors,0.00385
TOP5+MEDIAN,1460_banana,0.13815
TOP5+MEDIAN,1462_banknote-authentication,0.0030999999999999
TOP5+MEDIAN,1466_cardiotocography,0.0
TOP5+MEDIAN,1475_first-order-theorem-proving,0.0375
TOP5+MEDIAN,1479_hill-valley,0.0171999999999999
TOP5+MEDIAN,1485_madelon,0.07585
TOP5+MEDIAN,1489_phoneme,0.0244499999999999
TOP5+MEDIAN,1494_qsar-biodeg,0.0568
TOP5+MEDIAN,1496_ringnorm,0.02205
TOP5+MEDIAN,1497_wall-robot-navigation,0.0198999999999999
TOP5+MEDIAN,14_mfeat-fourier,0.0123
TOP5+MEDIAN,1504_steel-plates-fault,0.00065
TOP5+MEDIAN,1507_twonorm,0.00295
TOP5+MEDIAN,1510_wdbc,0.0079
TOP5+MEDIAN,1526_wall-robot-navigation,0.0312499999999999
TOP5+MEDIAN,1527_volcanoes-a1,0.04475
TOP5+MEDIAN,1535_volcanoes-b5,0.06305
TOP5+MEDIAN,1538_volcanoes-d1,0.02705
TOP5+MEDIAN,1539_volcanoes-d2,0.09905
TOP5+MEDIAN,1540_volcanoes-d3,0.02335
TOP5+MEDIAN,1541_volcanoes-d4,0.0726
TOP5+MEDIAN,1547_autoUniv-au1-1000,0.18655
TOP5+MEDIAN,1566_hill-valley,0.1063
TOP5+MEDIAN,1570_wilt,0.0301999999999999
TOP5+MEDIAN,16_mfeat-karhunen,0.01655
TOP5+MEDIAN,182_satimage,0.0059
TOP5+MEDIAN,18_mfeat-morphological,0.00375
TOP5+MEDIAN,20_mfeat-pixel,0.01415
TOP5+MEDIAN,22_mfeat-zernike,0.03595
TOP5+MEDIAN,23_cmc,0.0337999999999999
TOP5+MEDIAN,28_optdigits,0.0138499999999999
TOP5+MEDIAN,292_Australian,0.0153499999999999
TOP5+MEDIAN,294_satellite_image,0.0063999999999999
TOP5+MEDIAN,30_page-blocks,0.01925
TOP5+MEDIAN,312_scene,0.00785
TOP5+MEDIAN,333_monks-problems-1,0.03045
TOP5+MEDIAN,334_monks-problems-2,0.25965
TOP5+MEDIAN,335_monks-problems-3,0.00745
TOP5+MEDIAN,36_segment,0.0032499999999999
TOP5+MEDIAN,375_JapaneseVowels,0.00875
TOP5+MEDIAN,37_diabetes,0.04885
TOP5+MEDIAN,40474_thyroid-allbp,0.0220999999999999
TOP5+MEDIAN,40475_thyroid-allhyper,0.0343
TOP5+MEDIAN,40733_yeast,0.08775
TOP5+MEDIAN,44_spambase,0.0085999999999999
TOP5+MEDIAN,4538_GesturePhaseSegmentationProcessed,0.0482
TOP5+MEDIAN,458_analcatdata_authorship,0.0052
TOP5+MEDIAN,54_vehicle,0.0238499999999999
TOP5+MEDIAN,60_waveform-5000,0.0117
TOP5+MEDIAN,679_rmftsa_sleepdata,0.5
TOP5+MEDIAN,AedesQuinx,0.0132499999999999
TOP5+MEDIAN,AedesSex,0.0052
TOP5+MEDIAN,anuranCalls,0.0068
TOP5+MEDIAN,ArabicDigit,0.0028
TOP5+MEDIAN,BNG,0.0050999999999999
TOP5+MEDIAN,click-prediction,0.0548
TOP5+MEDIAN,cmc,0.0281
TOP5+MEDIAN,covtype_reduced,0.01995
TOP5+MEDIAN,default_credit_card_clients,0.0370499999999999
TOP5+MEDIAN,eeg,0.0640999999999999
TOP5+MEDIAN,HTRU,0.0097499999999999
TOP5+MEDIAN,jm1-processed,0.05465
TOP5+MEDIAN,letter-recognition,0.0395499999999999
TOP5+MEDIAN,magic,0.0204999999999999
TOP5+MEDIAN,mozilla,0.0184499999999999
TOP5+MEDIAN,namao,0.00655
TOP5+MEDIAN,occupancy,0.0024
TOP5+MEDIAN,phoneme,0.02105
TOP5+MEDIAN,spambase,0.0079499999999999
TOP5+MEDIAN,winetype,0.0029999999999999
TOP5+MEDIAN,2dplanes,0.0142
TOP5+MEDIAN,balloon,0.03125
TOP5+MEDIAN,bank8FM,0.0059499999999999
TOP5+MEDIAN,churn,0.0422499999999999
TOP5+MEDIAN,clean2,0.0001
TOP5+MEDIAN,cpu_act,0.0109499999999999
TOP5+MEDIAN,delta_ailerons,0.0133999999999999
TOP5+MEDIAN,electricity-normalized,0.018
TOP5+MEDIAN,elevators,0.0098
TOP5+MEDIAN,file79b563a1a18,0.0583
TOP5+MEDIAN,fried,0.0136999999999999
TOP5+MEDIAN,fri_c2_1000_10,0.0217499999999999
TOP5+MEDIAN,GAMETES_Epistasis_2-Way_20atts_0.1H_EDM-1_1,0.34225
TOP5+MEDIAN,GAMETES_Epistasis_2-Way_20atts_0.4H_EDM-1_1,0.3045
TOP5+MEDIAN,gina_agnostic,0.0118
TOP5+MEDIAN,kin8nm,0.0187
TOP5+MEDIAN,parity5_plus_5,0.15815
TOP5+MEDIAN,pendigits,0.0021499999999999
TOP5+MEDIAN,phpGUrE90,0.0470999999999999
TOP5+MEDIAN,phphQEck0,0.0038999999999999
TOP5+MEDIAN,phpMD2hR6,0.01135
TOP5+MEDIAN,phpmPOD5A,0.3592499999999999
TOP5+MEDIAN,phpV5QYya,0.00955
TOP5+MEDIAN,pol,0.0221
TOP5+MEDIAN,pollen,0.3437
TOP5+MEDIAN,puma32H,0.03835
TOP5+MEDIAN,puma8NH,0.0245499999999999
TOP5+MEDIAN,quake,0.236
TOP5+MEDIAN,space_ga,0.0234999999999999
TOP5+MEDIAN,sylva_prior,0.0047
TOP5+MEDIAN,visualizing_soil,0.0009999999999999
TOP5+MEDIAN,wind,0.0182499999999999
TOP5+WEIGHTED,1043_ada_agnostic,0.0643379997047647
TOP5+WEIGHTED,11_balance-scale,0.0294187109177754
TOP5+WEIGHTED,12_mfeat-factors,0.0043689110113247
TOP5+WEIGHTED,1460_banana,0.1587804702057034
TOP5+WEIGHTED,1462_banknote-authentication,0.0032939693387369
TOP5+WEIGHTED,1466_cardiotocography,0.0046969494631447
TOP5+WEIGHTED,1475_first-order-theorem-proving,0.0363802512058756
TOP5+WEIGHTED,1479_hill-valley,0.0292710984399501
TOP5+WEIGHTED,1485_madelon,0.0779078031589643
TOP5+WEIGHTED,1489_phoneme,0.022656060473389
TOP5+WEIGHTED,1494_qsar-biodeg,0.0461792373776558
TOP5+WEIGHTED,1496_ringnorm,0.0245150778032739
TOP5+WEIGHTED,1497_wall-robot-navigation,0.0205611728669226
TOP5+WEIGHTED,14_mfeat-fourier,0.0136178235008787
TOP5+WEIGHTED,1504_steel-plates-fault,0.0018675519689151
TOP5+WEIGHTED,1507_twonorm,0.0030424935362902
TOP5+WEIGHTED,1510_wdbc,0.007367894398361
TOP5+WEIGHTED,1526_wall-robot-navigation,0.0283238117473937
TOP5+WEIGHTED,1527_volcanoes-a1,0.0434734747187069
TOP5+WEIGHTED,1535_volcanoes-b5,0.0465881235580273
TOP5+WEIGHTED,1538_volcanoes-d1,0.1201829671777199
TOP5+WEIGHTED,1539_volcanoes-d2,0.1037694850917506
TOP5+WEIGHTED,1540_volcanoes-d3,0.0231495474532737
TOP5+WEIGHTED,1541_volcanoes-d4,0.078350335632578
TOP5+WEIGHTED,1547_autoUniv-au1-1000,0.1472002659043867
TOP5+WEIGHTED,1566_hill-valley,0.1045068256835641
TOP5+WEIGHTED,1570_wilt,0.0318143095319238
TOP5+WEIGHTED,16_mfeat-karhunen,0.0180616389848222
TOP5+WEIGHTED,182_satimage,0.0062815623399752
TOP5+WEIGHTED,18_mfeat-morphological,0.0027864629970733
TOP5+WEIGHTED,20_mfeat-pixel,0.0145622963331183
TOP5+WEIGHTED,22_mfeat-zernike,0.0405695481495736
TOP5+WEIGHTED,23_cmc,0.1012547737561054
TOP5+WEIGHTED,28_optdigits,0.0187676953339286
TOP5+WEIGHTED,292_Australian,0.0154517166349033
TOP5+WEIGHTED,294_satellite_image,0.0063325626982056
TOP5+WEIGHTED,30_page-blocks,0.0219729102492605
TOP5+WEIGHTED,312_scene,0.0069037398714212
TOP5+WEIGHTED,333_monks-problems-1,0.0376075452671879
TOP5+WEIGHTED,334_monks-problems-2,0.2264936831865582
TOP5+WEIGHTED,335_monks-problems-3,0.0088154339424559
TOP5+WEIGHTED,36_segment,0.0036857142569834
TOP5+WEIGHTED,375_JapaneseVowels,0.0078308782479401
TOP5+WEIGHTED,37_diabetes,0.0459418328438151
TOP5+WEIGHTED,40474_thyroid-allbp,0.0233895841110706
TOP5+WEIGHTED,40475_thyroid-allhyper,0.0315946599573991
TOP5+WEIGHTED,40733_yeast,0.1612177433474468
TOP5+WEIGHTED,44_spambase,0.0087971489557426
TOP5+WEIGHTED,4538_GesturePhaseSegmentationProcessed,0.0472854232641246
TOP5+WEIGHTED,458_analcatdata_authorship,0.0067019700388729
TOP5+WEIGHTED,54_vehicle,0.0177610570180325
TOP5+WEIGHTED,60_waveform-5000,0.0116956417441737
TOP5+WEIGHTED,679_rmftsa_sleepdata,0.2613577717335179
TOP5+WEIGHTED,AedesQuinx,0.0124444338881793
TOP5+WEIGHTED,AedesSex,0.0061994836833878
TOP5+WEIGHTED,anuranCalls,0.0069777939533559
TOP5+WEIGHTED,ArabicDigit,0.0035804341573636
TOP5+WEIGHTED,BNG,0.0057493974065022
TOP5+WEIGHTED,click-prediction,0.0804117122249897
TOP5+WEIGHTED,cmc,0.0297652546750754
TOP5+WEIGHTED,covtype_reduced,0.0247796748286675
TOP5+WEIGHTED,default_credit_card_clients,0.0721485051754048
TOP5+WEIGHTED,eeg,0.1320893404603603
TOP5+WEIGHTED,HTRU,0.0105636878314497
TOP5+WEIGHTED,jm1-processed,0.0525484927922518
TOP5+WEIGHTED,letter-recognition,0.0361059791711835
TOP5+WEIGHTED,magic,0.0196621507428152
TOP5+WEIGHTED,mozilla,0.0164613237864662
TOP5+WEIGHTED,namao,0.0126608895504593
TOP5+WEIGHTED,occupancy,0.0024887661216241
TOP5+WEIGHTED,phoneme,0.0242226022493244
TOP5+WEIGHTED,spambase,0.0088672952655359
TOP5+WEIGHTED,winetype,0.0026924495043759
TOP5+WEIGHTED,2dplanes,0.0332535304260361
TOP5+WEIGHTED,balloon,0.0431054588984282
TOP5+WEIGHTED,bank8FM,0.0063841367497523
TOP5+WEIGHTED,churn,0.0555601913751343
TOP5+WEIGHTED,clean2,0.0024916591268945
TOP5+WEIGHTED,cpu_act,0.0097403826943948
TOP5+WEIGHTED,delta_ailerons,0.0134908878521413
TOP5+WEIGHTED,electricity-normalized,0.0154551551786371
TOP5+WEIGHTED,elevators,0.0125214158017218
TOP5+WEIGHTED,file79b563a1a18,0.0812347248322221
TOP5+WEIGHTED,fried,0.0168073247646026
TOP5+WEIGHTED,fri_c2_1000_10,0.0224891350673582
TOP5+WEIGHTED,GAMETES_Epistasis_2-Way_20atts_0.1H_EDM-1_1,0.2850726760686603
TOP5+WEIGHTED,GAMETES_Epistasis_2-Way_20atts_0.4H_EDM-1_1,0.2761453684688705
TOP5+WEIGHTED,gina_agnostic,0.012195939775396
TOP5+WEIGHTED,kin8nm,0.0193105948339087
TOP5+WEIGHTED,parity5_plus_5,0.1841495036276042
TOP5+WEIGHTED,pendigits,0.0020651967579536
TOP5+WEIGHTED,phpGUrE90,0.033947905552378
TOP5+WEIGHTED,phphQEck0,0.0233141679144423
TOP5+WEIGHTED,phpMD2hR6,0.0118413059413407
TOP5+WEIGHTED,phpmPOD5A,0.3069751308162401
TOP5+WEIGHTED,phpV5QYya,0.0099619434603768
TOP5+WEIGHTED,pol,0.0411439819561346
TOP5+WEIGHTED,pollen,0.3333157879643975
TOP5+WEIGHTED,puma32H,0.0384051236136589
TOP5+WEIGHTED,puma8NH,0.0249348084177234
TOP5+WEIGHTED,quake,0.2405476863521582
TOP5+WEIGHTED,space_ga,0.0224454919699946
TOP5+WEIGHTED,sylva_prior,0.0052110808078772
TOP5+WEIGHTED,visualizing_soil,0.0027014577952642
TOP5+WEIGHTED,wind,0.0176096479724257
TOPLINE,1043_ada_agnostic,0.04745
TOPLINE,11_balance-scale,0.01905
TOPLINE,12_mfeat-factors,0.0059499999999999
TOPLINE,1460_banana,0.0654
TOPLINE,1462_banknote-authentication,0.00515
TOPLINE,1466_cardiotocography,0.0
TOPLINE,1475_first-order-theorem-proving,0.07735
TOPLINE,1479_hill-valley,0.04285
TOPLINE,1485_madelon,0.1413
TOPLINE,1489_phoneme,0.0487
TOPLINE,1494_qsar-biodeg,0.0356
TOPLINE,1496_ringnorm,0.05055
TOPLINE,1497_wall-robot-navigation,0.04595
TOPLINE,14_mfeat-fourier,0.0007
TOPLINE,1504_steel-plates-fault,0.0
TOPLINE,1507_twonorm,0.00815
TOPLINE,1510_wdbc,0.0098
TOPLINE,1526_wall-robot-navigation,0.05785
TOPLINE,1527_volcanoes-a1,0.03405
TOPLINE,1535_volcanoes-b5,0.04125
TOPLINE,1538_volcanoes-d1,0.06315
TOPLINE,1539_volcanoes-d2,0.10385
TOPLINE,1540_volcanoes-d3,0.0599
TOPLINE,1541_volcanoes-d4,0.06885
TOPLINE,1547_autoUniv-au1-1000,0.19875
TOPLINE,1566_hill-valley,0.08455
TOPLINE,1570_wilt,0.03875
TOPLINE,16_mfeat-karhunen,0.0137
TOPLINE,182_satimage,0.0079
TOPLINE,18_mfeat-morphological,0.0065
TOPLINE,20_mfeat-pixel,0.0151
TOPLINE,22_mfeat-zernike,0.0323
TOPLINE,23_cmc,0.08745
TOPLINE,28_optdigits,0.01705
TOPLINE,292_Australian,0.02895
TOPLINE,294_satellite_image,0.0113
TOPLINE,30_page-blocks,0.03135
TOPLINE,312_scene,0.0283999999999999
TOPLINE,333_monks-problems-1,0.01185
TOPLINE,334_monks-problems-2,0.07185
TOPLINE,335_monks-problems-3,0.0935
TOPLINE,36_segment,0.01475
TOPLINE,375_JapaneseVowels,0.0044
TOPLINE,37_diabetes,0.01325
TOPLINE,40474_thyroid-allbp,0.06795
TOPLINE,40475_thyroid-allhyper,0.05225
TOPLINE,40733_yeast,0.0613
TOPLINE,44_spambase,0.0932
TOPLINE,4538_GesturePhaseSegmentationProcessed,0.0201
TOPLINE,458_analcatdata_authorship,0.0951999999999999
TOPLINE,54_vehicle,0.00275
TOPLINE,60_waveform-5000,0.01885
TOPLINE,679_rmftsa_sleepdata,0.0278
TOPLINE,AedesQuinx,0.11645
TOPLINE,AedesSex,0.03915
TOPLINE,anuranCalls,0.0105
TOPLINE,ArabicDigit,0.0058499999999999
TOPLINE,BNG,0.0089
TOPLINE,click-prediction,0.263
TOPLINE,cmc,0.263
TOPLINE,covtype_reduced,0.01925
TOPLINE,default_credit_card_clients,0.0152
TOPLINE,eeg,0.02235
TOPLINE,HTRU,0.0147
TOPLINE,jm1-processed,0.0497499999999999
TOPLINE,letter-recognition,0.0
TOPLINE,magic,0.128
TOPLINE,mozilla,0.0777
TOPLINE,namao,0.0539
TOPLINE,occupancy,0.01885
TOPLINE,phoneme,0.0802
TOPLINE,spambase,0.02085
TOPLINE,winetype,0.1413
TOPLINE,2dplanes,0.0494
TOPLINE,balloon,0.02805
TOPLINE,bank8FM,0.04135
TOPLINE,churn,0.04755
TOPLINE,clean2,0.03305
TOPLINE,cpu_act,0.02605
TOPLINE,delta_ailerons,0.09785
TOPLINE,electricity-normalized,0.05045
TOPLINE,elevators,0.0949499999999999
TOPLINE,file79b563a1a18,0.04905
TOPLINE,fried,0.0369
TOPLINE,fri_c2_1000_10,0.0163
TOPLINE,GAMETES_Epistasis_2-Way_20atts_0.1H_EDM-1_1,0.00695
TOPLINE,GAMETES_Epistasis_2-Way_20atts_0.4H_EDM-1_1,0.2270499999999999
TOPLINE,gina_agnostic,0.00575
TOPLINE,kin8nm,0.0554
TOPLINE,parity5_plus_5,0.03275
TOPLINE,pendigits,0.0308
TOPLINE,phpGUrE90,0.01905
TOPLINE,phphQEck0,0.0141999999999999
TOPLINE,phpMD2hR6,0.447
TOPLINE,phpmPOD5A,0.02405
TOPLINE,phpV5QYya,0.263
TOPLINE,pol,0.1139
TOPLINE,pollen,0.03895
TOPLINE,puma32H,0.2658
TOPLINE,puma8NH,0.03425
TOPLINE,quake,0.0204
TOPLINE,space_ga,0.00525
TOPLINE,sylva_prior,0.00095
TOPLINE,visualizing_soil,0.0268
TOPLINE,wind,0.004
X,1043_ada_agnostic,0.0554
X,11_balance-scale,0.0219499999999999
X,12_mfeat-factors,0.0086
X,1460_banana,0.4052
X,1462_banknote-authentication,0.0059
X,1466_cardiotocography,0.0
X,1475_first-order-theorem-proving,0.09725
X,1479_hill-valley,0.09945
X,1485_madelon,0.1593
X,1489_phoneme,0.066
X,1494_qsar-biodeg,0.08495
X,1496_ringnorm,0.0721
X,1497_wall-robot-navigation,0.0595
X,14_mfeat-fourier,0.0007
X,1504_steel-plates-fault,0.00395
X,1507_twonorm,0.01115
X,1510_wdbc,0.01645
X,1526_wall-robot-navigation,0.07165
X,1527_volcanoes-a1,0.0494
X,1535_volcanoes-b5,0.0414
X,1538_volcanoes-d1,0.5
X,1539_volcanoes-d2,0.5
X,1540_volcanoes-d3,0.0608999999999999
X,1541_volcanoes-d4,0.06885
X,1547_autoUniv-au1-1000,0.24245
X,1566_hill-valley,0.12895
X,1570_wilt,0.03905
X,16_mfeat-karhunen,0.01765
X,182_satimage,0.0149
X,18_mfeat-morphological,0.009
X,20_mfeat-pixel,0.01775
X,22_mfeat-zernike,0.03685
X,23_cmc,0.11065
X,28_optdigits,0.01705
X,292_Australian,0.03105
X,294_satellite_image,0.01365
X,30_page-blocks,0.0444
X,312_scene,0.0313
X,333_monks-problems-1,0.0181
X,334_monks-problems-2,0.1613
X,335_monks-problems-3,0.5
X,36_segment,0.01475
X,375_JapaneseVowels,0.00885
X,37_diabetes,0.01705
X,40474_thyroid-allbp,0.0906
X,40475_thyroid-allhyper,0.07205
X,40733_yeast,0.0789
X,44_spambase,0.0944999999999999
X,4538_GesturePhaseSegmentationProcessed,0.02475
X,458_analcatdata_authorship,0.12365
X,54_vehicle,0.00275
X,60_waveform-5000,0.041
X,679_rmftsa_sleepdata,0.03975
X,AedesQuinx,0.5
X,AedesSex,0.0484
X,anuranCalls,0.01275
X,ArabicDigit,0.00875
X,BNG,0.0110499999999999
X,click-prediction,0.4728
X,cmc,0.4533
X,covtype_reduced,0.0229
X,default_credit_card_clients,0.0191
X,eeg,0.04205
X,HTRU,0.02205
X,jm1-processed,0.0599
X,letter-recognition,0.00045
X,magic,0.145
X,mozilla,0.10335
X,namao,0.06755
X,occupancy,0.02385
X,phoneme,0.09805
X,spambase,0.02355
X,winetype,0.23315
X,2dplanes,0.06605
X,balloon,0.0369
X,bank8FM,0.0748
X,churn,0.04755
X,clean2,0.0458
X,cpu_act,0.0336
X,delta_ailerons,0.1169999999999999
X,electricity-normalized,0.0602
X,elevators,0.10975
X,file79b563a1a18,0.0591
X,fried,0.04355
X,fri_c2_1000_10,0.0201
X,GAMETES_Epistasis_2-Way_20atts_0.1H_EDM-1_1,0.00915
X,GAMETES_Epistasis_2-Way_20atts_0.4H_EDM-1_1,0.3536999999999999
X,gina_agnostic,0.0060999999999999
X,kin8nm,0.0673
X,parity5_plus_5,0.09185
X,pendigits,0.05395
X,phpGUrE90,0.0275499999999999
X,phphQEck0,0.0202
X,phpMD2hR6,0.5
X,phpmPOD5A,0.0365
X,phpV5QYya,0.563
X,pol,0.1177
X,pollen,0.0494
X,puma32H,0.4272999999999999
X,puma8NH,0.0461
X,quake,0.02505
X,space_ga,0.0058499999999999
X,sylva_prior,0.0025
X,visualizing_soil,0.03975
X,wind,0.00555
