V1,V2,V3,class
0.8525252525252526,0.6350806451612904,0.009968766085698744,1.0
0.9343434343434344,0.38810483870967744,0.1848134699458006,1.0
0.23333333333333334,0.9143145161290323,0.2774484617122521,1.0
0.6404040404040404,0.2661290322580645,0.23297565338507153,1.0
0.9777777777777777,0.8155241935483871,0.0616805755797839,1.0
0.5676767676767677,0.2399193548387097,0.34221982060879363,1.0
0.4161616161616162,0.3175403225806452,0.0648808289914079,1.0
0.3505050505050505,0.9465725806451613,0.19764476255470598,0.0
0.42828282828282827,0.6320564516129032,0.04965051089926198,1.0
0.6252525252525253,0.6995967741935484,0.07433019441423028,1.0
0.2797979797979798,0.4112903225806452,0.014866970543227942,1.0
0.0020202020202020193,0.5866935483870968,0.2587197588862933,1.0
0.6636363636363637,0.2933467741935484,0.10718985608176257,1.0
0.4090909090909091,0.2429435483870968,0.12622367768277443,1.0
0.491919191919192,0.9415322580645161,0.05312560412352885,1.0
0.08181818181818182,0.4737903225806452,0.926277713984921,0.0
0.6727272727272727,0.5413306451612904,0.2777046683172584,1.0
0.3191919191919192,0.16129032258064518,0.004222750680694332,1.0
0.8080808080808081,0.8104838709677419,0.08625544730179513,1.0
0.08282828282828283,0.0846774193548387,0.012630985626809532,1.0
0.41515151515151516,0.10282258064516128,0.09199680440489033,1.0
0.26262626262626265,0.4002016129032258,0.16643646891398678,1.0
0.0,0.07157258064516128,0.3085426269561957,1.0
0.24747474747474746,0.2247983870967742,0.3222007681539849,1.0
0.5464646464646464,0.8629032258064516,0.36656643553725377,1.0
0.11212121212121212,0.15221774193548387,0.13919704849991033,1.0
0.21515151515151515,0.5816532258064516,0.18499747287121426,1.0
0.21616161616161617,0.8014112903225806,0.6006554230786252,0.0
0.42828282828282827,0.2590725806451613,0.24294674862172494,1.0
0.9616161616161616,0.09879032258064516,0.10167442662126369,1.0
0.7171717171717171,0.6149193548387096,0.10343060644103408,1.0
0.0020202020202020193,0.655241935483871,0.7161650063702278,1.0
0.14646464646464646,0.2913306451612903,0.08530049541040807,1.0
0.6525252525252525,0.6370967741935484,0.01976284584980237,1.0
0.28585858585858587,0.8608870967741935,0.09624983404799459,1.0
0.396969696969697,0.5695564516129032,0.13987017312579053,1.0
0.5282828282828282,0.6612903225806451,0.20989376742496058,1.0
0.9787878787878788,0.023185483870967742,0.1468552968386434,1.0
0.02222222222222222,0.6048387096774194,0.025795346822222842,1.0
0.19191919191919193,0.21774193548387094,0.15062153393223565,1.0
0.4181818181818182,0.8225806451612903,0.0078026556979184925,1.0
0.6474747474747475,0.7399193548387096,0.13155044591595033,1.0
0.5282828282828282,0.7127016129032258,0.19127919299577734,1.0
0.1787878787878788,0.36693548387096775,0.20509105815657014,0.0
0.10505050505050506,0.10181451612903225,0.10417360559555233,1.0
0.5838383838383838,0.2590725806451613,0.0016956218949506496,1.0
0.9737373737373738,0.22983870967741937,0.010511458258121276,1.0
0.09696969696969698,0.7399193548387096,0.0038011743579113855,1.0
0.3575757575757576,0.7006048387096774,0.4852855888442986,0.0
0.5646464646464646,0.8951612903225806,0.3887981813989345,1.0
0.6676767676767676,0.4435483870967742,0.5525957222813569,0.0
0.9252525252525252,0.7258064516129032,0.011915936283746542,1.0
0.9050505050505051,0.7217741935483871,0.05405726450536996,1.0
0.050505050505050504,0.7449596774193549,0.14083677077195056,1.0
0.9,0.5594758064516129,0.4814308440144315,1.0
0.12525252525252525,0.28125,0.1303090084571472,1.0
0.7929292929292929,0.5080645161290323,0.09531817366615347,1.0
0.7333333333333334,0.37701612903225806,0.008631833437756975,1.0
0.7757575757575758,0.2973790322580645,0.2614471946541328,1.0
0.16363636363636364,0.5413306451612904,0.123729157010395,1.0
0.11313131313131314,0.9919354838709677,0.011573551093419954,1.0
0.09393939393939393,0.1502016129032258,0.24947535874747584,1.0
0.1898989898989899,0.5534274193548387,0.3815824717415761,1.0
0.02121212121212121,0.27822580645161293,0.1255412364530758,1.0
0.01717171717171717,0.3699596774193548,0.7996278016774545,0.0
0.3393939393939394,0.6814516129032258,0.04946883712480288,1.0
0.6060606060606061,0.09778225806451613,0.015421308470423334,1.0
0.9656565656565657,0.6229838709677419,0.011424485432325437,1.0
0.8787878787878788,0.6935483870967742,0.00850373013525385,1.0
0.14545454545454545,0.19254032258064513,0.021311731234613163,1.0
0.6878787878787879,0.1663306451612903,0.5247367477133562,0.0
0.39090909090909093,0.33669354838709675,0.31880719521312906,1.0
0.9717171717171718,0.9435483870967741,0.001062092835298789,1.0
0.3333333333333333,0.4627016129032258,0.3618079801370009,1.0
0.8727272727272727,0.8387096774193549,0.023596628321078117,1.0
0.9484848484848485,0.32963709677419356,0.29357550292192003,1.0
0.9393939393939394,0.5887096774193549,0.05026074844936779,1.0
0.09292929292929292,0.34475806451612906,0.00035403094509967037,1.0
0.052525252525252523,0.6693548387096774,0.1279379327853618,1.0
0.33232323232323235,0.04838709677419355,0.0745770844154181,1.0
0.15555555555555556,0.2540322580645161,0.863320763682015,0.0
0.5040404040404041,0.6391129032258065,0.07136518524902113,1.0
0.2505050505050505,0.7157258064516129,0.05020484882645737,1.0
0.9191919191919192,0.6673387096774194,0.317547124546689,1.0
0.9515151515151515,0.594758064516129,0.10277611502279071,1.0
0.9040404040404041,0.6068548387096774,0.06823946466794473,1.0
0.6242424242424243,0.1159274193548387,0.008231219473565421,1.0
0.6686868686868687,0.4314516129032258,0.029945893823324576,1.0
0.7121212121212122,0.20060483870967744,0.0401801831178481,1.0
0.07474747474747476,0.5151209677419355,0.34989670215516333,1.0
0.5777777777777778,0.5826612903225806,0.03794885650333879,1.0
0.3696969696969697,0.7227822580645161,0.020468578589046937,1.0
0.01919191919191919,0.8387096774193549,0.1519444916744499,1.0
0.06363636363636363,0.2651209677419355,0.1375363638692788,1.0
0.27070707070707073,0.6340725806451613,0.05416673460023613,1.0
0.5797979797979798,0.7953629032258065,0.09632436687854173,1.0
0.2272727272727273,0.4223790322580645,0.3083562948798275,1.0
0.6808080808080809,0.7923387096774194,0.019467043678567886,1.0
0.3101010101010101,0.6975806451612904,0.6259616482003816,0.0
0.2909090909090909,0.7842741935483871,0.09745167594056947,1.0
0.1575757575757576,0.8155241935483871,0.04001714255102584,1.0
0.8727272727272727,0.43951612903225806,0.5716202272785502,0.0
0.3878787878787879,0.6108870967741935,0.07453283054728066,1.0
0.9767676767676767,0.01915322580645161,0.031902380625190685,1.0
0.9585858585858585,0.9002016129032258,0.680535984217673,1.0
0.11515151515151517,0.7469758064516129,0.06245152454575742,1.0
0.6141414141414141,0.9566532258064516,0.21654116424939618,1.0
0.0101010101010101,0.5423387096774194,0.21018956959619506,1.0
0.40101010101010104,0.877016129032258,0.29958937068670366,1.0
0.42424242424242425,0.7288306451612904,0.34524771684977673,1.0
0.593939393939394,0.5846774193548387,0.036108827249202946,1.0
0.02222222222222222,0.751008064516129,0.5611809727000217,1.0
0.27474747474747474,0.7086693548387096,0.014466356579036277,1.0
0.9202020202020202,0.0877016129032258,0.20387058305635852,1.0
0.2909090909090909,0.2973790322580645,0.3670345948791287,1.0
0.10303030303030303,0.6431451612903226,0.6192117687339436,0.0
0.991919191919192,0.3215725806451613,0.07775870461940504,1.0
0.5393939393939394,0.5514112903225806,0.050502980148646404,1.0
0.8464646464646465,0.9495967741935484,0.7118886852175776,0.0
0.26262626262626265,0.342741935483871,0.019187545564015585,1.0
0.301010101010101,0.1975806451612903,0.007951721359013009,1.0
0.9797979797979798,0.2338709677419355,0.01064189071157906,1.0
0.8949494949494949,0.34072580645161293,0.012262979775982341,1.0
0.8020202020202021,0.6008064516129032,0.01556338667865409,1.0
0.5646464646464646,0.011088709677419355,0.43050395839204736,1.0
0.25555555555555554,0.9959677419354838,0.20209111172704208,1.0
0.2545454545454546,0.38205645161290325,0.04573986644648431,1.0
0.9191919191919192,0.2409274193548387,0.0882911252361177,1.0
0.9696969696969697,0.5131048387096774,0.29132787225072865,1.0
0.045454545454545456,0.038306451612903226,0.11059041647548229,1.0
0.43232323232323233,0.4566532258064516,0.01966967981161838,1.0
0.7464646464646465,0.8881048387096774,0.2151623068842714,1.0
0.0101010101010101,0.9939516129032258,0.18436627296251695,1.0
0.8161616161616162,0.720766129032258,0.2163175657577543,1.0
0.693939393939394,0.6945564516129032,0.360424464469967,1.0
0.34545454545454546,0.054435483870967735,0.002287226237419726,1.0
0.17777777777777778,0.9133064516129032,0.012589060909626748,1.0
0.8686868686868687,0.9143145161290323,0.18159458332654,1.0
0.6555555555555556,0.7278225806451613,0.32281333485504526,1.0
0.5292929292929293,0.2772177419354839,0.1514064578039368,1.0
0.4303030303030303,0.6461693548387096,0.603545899413287,1.0
0.22323232323232323,0.4475806451612903,0.28694208100321195,1.0
0.05656565656565656,0.19858870967741937,0.04830891994941089,1.0
0.4777777777777778,0.7086693548387096,0.07393656790290248,1.0
0.3393939393939394,0.7620967741935484,0.5221560484556567,0.0
0.20404040404040405,0.8568548387096774,0.008631833437756975,1.0
0.12121212121212122,0.05241935483870967,0.17467467584041596,1.0
0.10202020202020201,0.7157258064516129,0.28182726550690496,1.0
0.3595959595959596,0.8830645161290323,0.44005114815496316,0.0
0.8808080808080808,0.4122983870967742,0.202573245974645,1.0
0.26666666666666666,0.34072580645161293,0.19484512310727387,1.0
0.6414141414141414,0.9435483870967741,0.07578824291181141,1.0
0.01111111111111111,0.012096774193548387,0.0826382758692974,1.0
0.6848484848484848,0.311491935483871,0.027500285320991913,1.0
0.8343434343434344,0.49395161290322576,0.11772227669847513,1.0
0.4787878787878788,0.23588709677419356,0.09431430960471976,1.0
0.196969696969697,0.1723790322580645,0.40885915857092603,1.0
0.10707070707070707,0.6512096774193549,0.005627228706319709,1.0
0.5222222222222223,0.8467741935483871,0.3041638231615429,0.0
0.6424242424242425,0.7731854838709677,0.3900931893296935,1.0
0.36363636363636365,0.8245967741935484,0.14451915843117713,1.0
0.993939393939394,0.6592741935483871,0.059649555947370536,1.0
0.6424242424242425,0.47580645161290325,0.0006870995316078377,1.0
0.6292929292929293,0.9506048387096774,0.08207695048923824,1.0
0.33535353535353535,0.4183467741935484,0.6984192052471114,0.0
0.18181818181818182,0.7268145161290323,0.05791899678810086,1.0
0.26363636363636367,0.9022177419354839,0.42408947666307206,1.0
0.10101010101010102,0.6995967741935484,0.09941747934625389,1.0
0.29292929292929293,0.28931451612903225,0.27488872481314397,0.0
0.4161616161616162,0.7167338709677419,0.1686305291132224,1.0
0.20606060606060606,0.7237903225806451,0.6000381980756555,0.0
0.2787878787878788,0.5735887096774194,0.9116296836314259,0.0
0.5282828282828282,0.41330645161290325,0.08425237748083692,1.0
0.2606060606060606,0.6159274193548387,0.5660162900817765,0.0
0.3101010101010101,0.37197580645161293,0.25636964557309927,1.0
0.5878787878787879,0.5221774193548387,0.002277909633601305,1.0
0.07474747474747476,0.08870967741935483,0.18826992996243086,1.0
0.18888888888888888,0.8014112903225806,0.39286487896567057,1.0
0.6707070707070707,0.9768145161290323,0.08616926871647479,1.0
0.896969696969697,0.2409274193548387,0.23838627105261323,1.0
0.5898989898989899,0.2429435483870968,0.04136106265183159,1.0
0.3939393939393939,0.46875,0.5015314167526512,1.0
0.491919191919192,0.875,0.2538727957497655,1.0
0.5090909090909091,0.7963709677419355,0.8365634775155415,0.0
0.897979797979798,0.4435483870967742,0.29342876641177984,1.0
0.3666666666666667,0.8245967741935484,0.22920242883861563,1.0
0.3888888888888889,0.07560483870967742,0.27779317605353326,1.0
0.9303030303030303,0.9546370967741935,0.3503625323460837,1.0
0.25353535353535356,0.4737903225806452,0.11596609687870485,1.0
0.8616161616161616,0.4808467741935484,0.3727247106612228,1.0
0.8767676767676768,0.42036290322580644,0.07055929901872882,1.0
0.22222222222222224,0.09375,0.09633368348236016,1.0
0.11515151515151517,0.2338709677419355,0.047556604191074325,1.0
0.8696969696969697,0.3034274193548387,0.16239073370584223,1.0
0.07272727272727272,0.36794354838709675,0.3792183835226546,1.0
0.09797979797979797,0.7449596774193549,0.31026386951164686,1.0
0.06767676767676767,0.11491935483870967,0.14109064822600226,1.0
0.06262626262626261,0.8709677419354839,0.19544604405356125,1.0
0.7575757575757576,0.5796370967741935,0.032696621100710255,1.0
0.9676767676767677,0.14213709677419356,0.0989260284948329,1.0
0.8909090909090909,0.6784274193548387,0.11640164810721554,1.0
0.13333333333333333,0.626008064516129,0.07365474063739552,1.0
0.9131313131313131,0.6149193548387096,0.2510102692265588,1.0
0.3303030303030303,0.23185483870967744,0.03980518981415715,1.0
0.4393939393939394,0.748991935483871,0.3726268863211295,1.0
0.698989898989899,0.717741935483871,0.037082412348226734,1.0
0.028282828282828285,0.5826612903225806,0.001690963593041439,1.0
0.7070707070707071,0.9848790322580645,0.4603427112714602,1.0
0.13737373737373737,0.8518145161290323,0.08608309013115456,1.0
0.1303030303030303,0.5987903225806451,0.10811219985978515,1.0
0.3181818181818182,0.686491935483871,0.21708152727086394,0.0
0.4353535353535354,0.9425403225806451,0.9259050498321848,0.0
0.7202020202020202,0.6905241935483871,0.09329414148660387,1.0
0.2909090909090909,0.7358870967741935,0.0032468364307158826,1.0
0.12828282828282828,0.6995967741935484,0.00698279456189832,1.0
0.9777777777777777,0.23588709677419356,0.3730461334929578,1.0
0.4212121212121212,0.9556451612903226,0.06604773361966365,1.0
0.6111111111111112,0.4284274193548387,0.03407314931488026,1.0
0.491919191919192,0.15423387096774194,0.16173391313664431,1.0
0.34545454545454546,0.6673387096774194,0.45797862305253867,0.0
0.3898989898989899,0.9909274193548387,0.2814452847503499,1.0
0.38181818181818183,0.028225806451612906,0.013604570725833431,1.0
0.7808080808080808,0.43548387096774194,0.048805029102741204,1.0
0.25656565656565655,0.6491935483870968,0.24580927514493145,1.0
0.9424242424242424,0.9435483870967741,0.07308875695542705,1.0
0.9505050505050505,0.28931451612903225,0.2407689924791716,0.0
0.4121212121212121,0.5997983870967742,0.13785312839910469,1.0
0.4939393939393939,0.0070564516129032265,0.1826496887089749,1.0
0.7181818181818181,0.5362903225806451,0.17149538478738346,1.0
0.38686868686868686,0.7903225806451613,0.48655264696360256,0.0
0.6555555555555556,0.752016129032258,0.09200612100870875,1.0
0.8434343434343434,0.4405241935483871,0.02844592060856066,1.0
0.03434343434343434,0.03125,0.2803482546507321,1.0
0.2080808080808081,0.17036290322580644,0.4214738401410536,1.0
0.9090909090909091,0.8155241935483871,0.1297546705299517,1.0
0.9656565656565657,0.04233870967741935,0.022741829920739143,1.0
0.0808080808080808,0.09879032258064516,0.08514211314549502,1.0
0.04040404040404041,0.42943548387096775,0.1971207035899205,1.0
0.24242424242424243,0.2036290322580645,0.29199400942374476,1.0
0.8080808080808081,0.03024193548387097,0.04115609736782655,1.0
0.6313131313131313,0.4223790322580645,0.47571044926992756,0.0
0.7202020202020202,0.07963709677419355,0.06803682853489423,1.0
0.8282828282828283,0.9959677419354838,0.1167090960332231,1.0
0.2181818181818182,0.8820564516129032,0.02414397879540975,1.0
0.0606060606060606,0.02217741935483871,0.011021542317179112,1.0
0.21212121212121213,0.3548387096774194,0.03930209320796285,1.0
0.3,0.248991935483871,0.2302132803529131,1.0
0.5090909090909091,0.028225806451612906,0.003251494732625093,1.0
0.37676767676767675,0.49092741935483875,0.5275410454626976,0.0
0.01818181818181818,0.004032258064516129,0.014256732993122134,1.0
0.06767676767676767,0.4153225806451613,0.5710146480303535,0.0
0.4878787878787879,0.29435483870967744,0.21042248469165536,1.0
0.907070707070707,0.7338709677419355,0.04501550049960301,1.0
0.052525252525252523,0.5504032258064516,0.08755045523255411,1.0
0.6646464646464647,0.04233870967741935,0.010266897407887998,1.0
0.8,0.7661290322580645,0.5373374543777556,0.0
0.31414141414141417,0.8870967741935484,0.10630943702092288,1.0
0.3434343434343434,0.5362903225806451,0.19852751076650033,1.0
0.0,0.27923387096774194,0.3447562659983556,1.0
0.5181818181818182,0.05241935483870967,0.13769008783228254,1.0
0.40505050505050505,0.0564516129032258,0.10984741732096404,1.0
0.15353535353535355,0.14314516129032256,0.19359436904465221,1.0
0.888888888888889,0.7076612903225806,0.005650520215865762,1.0
0.0787878787878788,0.8508064516129032,0.13737332330245666,1.0
0.8111111111111111,0.37197580645161293,0.01886379358132584,1.0
0.5414141414141415,0.6098790322580645,0.27135307366405725,1.0
0.7151515151515152,0.7852822580645161,0.10769994014082052,1.0
0.4111111111111111,0.84375,0.31237175112556215,1.0
0.34545454545454546,0.2348790322580645,0.1175266280182885,1.0
0.17272727272727273,0.9112903225806451,0.2035398436208049,1.0
0.7454545454545455,0.2872983870967742,0.6000288814718371,1.0
0.7828282828282829,0.33870967741935487,0.10062630869169276,1.0
0.8848484848484849,0.592741935483871,0.1387894470828549,1.0
0.5404040404040404,0.17338709677419356,0.14554864315311145,1.0
0.8424242424242424,0.013104838709677418,0.15872465010329784,1.0
0.8585858585858586,0.00907258064516129,0.2315898085670831,1.0
0.5464646464646464,0.40423387096774194,0.1753664336739329,1.0
0.8777777777777778,0.8881048387096774,0.09170798968651961,1.0
0.9494949494949495,0.03629032258064516,0.04077644576222639,1.0
0.0808080808080808,0.3245967741935484,0.12041943350390494,1.0
0.7777777777777778,0.501008064516129,0.5637733177124944,1.0
0.7373737373737373,0.0967741935483871,0.22022821021053196,1.0
0.4444444444444445,0.1502016129032258,0.17918624123948101,1.0
0.046464646464646465,0.6502016129032258,0.07093662147337443,1.0
0.18181818181818182,0.342741935483871,0.06293598794431465,1.0
0.1595959595959596,0.2439516129032258,0.17544562480638937,1.0
0.2878787878787879,0.03326612903225806,0.13028804609855582,1.0
0.5212121212121212,0.09778225806451613,0.05388257818377473,1.0
0.05656565656565656,0.21572580645161288,0.06556327022110642,1.0
0.4767676767676768,0.1875,0.17139290214538105,1.0
0.37777777777777777,0.31048387096774194,0.0067498794664381245,1.0
0.45454545454545453,0.9183467741935484,0.03919029396214202,1.0
0.23535353535353537,0.10887096774193548,0.14574429183329807,1.0
0.6797979797979798,0.2963709677419355,0.025252654649800532,1.0
0.6111111111111112,0.532258064516129,0.2162756410405715,1.0
0.7535353535353535,0.6844758064516129,0.2040732191894088,1.0
0.6383838383838384,0.09274193548387097,0.6177257704249071,0.0
0.7696969696969697,0.9949596774193548,0.22473744645864246,1.0
0.8454545454545455,0.751008064516129,0.1955788056579737,1.0
0.40101010101010104,0.14415322580645162,0.10307424634497986,1.0
0.9151515151515152,0.9596774193548387,0.05996864962815107,1.0
0.6606060606060606,0.8810483870967741,0.01323656487500624,1.0
0.6868686868686869,0.938508064516129,0.06424031247889206,1.0
0.3424242424242424,0.2530241935483871,0.48040368844345194,1.0
0.29494949494949496,0.16028225806451613,0.029107399479667784,1.0
0.9242424242424242,0.43548387096774194,0.4026589587297742,0.0
0.6878787878787879,0.11290322580645161,0.2513363503602033,1.0
0.794949494949495,0.594758064516129,0.08250085596297585,1.0
0.10707070707070707,0.623991935483871,0.07242494893336537,0.0
0.04040404040404041,0.6542338709677419,0.16701875665263755,1.0
0.5434343434343435,0.6754032258064516,0.30355125646048253,1.0
0.4808080808080808,0.47076612903225806,0.2708429896049993,1.0
0.5393939393939394,0.5463709677419355,0.04101169000864113,1.0
0.14747474747474748,0.6673387096774194,0.19774957434766316,1.0
0.08888888888888888,0.9294354838709677,0.0028275892588875973,1.0
0.6343434343434343,0.8709677419354839,0.007120214468219976,1.0
0.17474747474747476,0.9455645161290323,0.02380858105794692,1.0
0.23232323232323232,0.4788306451612903,0.0822912323770616,1.0
0.7464646464646465,0.6330645161290323,0.09032680317044028,1.0
0.3595959595959596,0.5685483870967742,0.021491075858117492,1.0
0.7848484848484849,0.6764112903225806,0.014175212709711005,1.0
0.3787878787878788,0.41330645161290325,0.5384507885340559,0.0
0.05151515151515152,0.1875,0.13326237186758316,1.0
0.7222222222222222,0.21572580645161288,0.08993084750815783,1.0
0.5222222222222223,0.748991935483871,0.23266354715715498,1.0
0.24141414141414141,0.5272177419354839,0.5158417202177292,1.0
0.43434343434343436,0.24596774193548387,0.44174909920086836,0.0
0.3707070707070707,0.5191532258064516,0.13726618235854493,1.0
0.4161616161616162,0.08165322580645161,0.29011671375433523,1.0
0.18888888888888888,0.1461693548387097,0.3797983421103506,1.0
0.6282828282828283,0.008064516129032258,0.15955848614504564,1.0
0.5606060606060607,0.004032258064516129,0.1788089187848354,1.0
0.4131313131313131,0.0655241935483871,0.036630557063033864,1.0
0.13232323232323234,0.0,0.4378268089933177,1.0
0.6909090909090909,0.0625,0.31504328727049136,0.0
0.02222222222222222,0.9536290322580645,0.014498964692400751,1.0
0.7535353535353535,0.8356854838709677,0.013632520537288695,1.0
0.5333333333333333,0.0655241935483871,0.23789714935214668,1.0
0.2373737373737374,0.06451612903225806,0.13297355714921244,1.0
0.9454545454545454,0.10685483870967742,0.057420558483816,1.0
0.40404040404040403,0.6340725806451613,0.6959526343861873,1.0
0.6080808080808081,0.09375,0.04788035617376407,1.0
0.16464646464646465,0.11189516129032258,0.04436566738326875,1.0
0.2767676767676768,0.4959677419354839,0.018377001031813833,1.0
0.46464646464646464,0.10685483870967742,0.05572493658886535,1.0
0.5959595959595959,0.017137096774193547,0.1491448522270178,1.0
0.6191919191919192,0.157258064516129,0.3918377233946908,1.0
0.0101010101010101,0.7338709677419355,0.11226507601184144,1.0
0.9505050505050505,0.4596774193548387,0.09908208160879117,1.0
0.30303030303030304,0.8780241935483871,0.04542776021856754,1.0
0.698989898989899,0.3689516129032258,0.6851616780135137,0.0
0.05353535353535354,0.9536290322580645,0.07391793469526564,1.0
0.08484848484848484,0.655241935483871,0.07646369668864617,1.0
0.9757575757575757,0.3538306451612903,0.028832559667024693,1.0
0.03636363636363636,0.11693548387096774,0.07081783477468961,1.0
0.16767676767676767,0.17540322580645162,0.06252838652725934,1.0
0.98989898989899,0.9848790322580645,0.20171378927239658,1.0
0.4090909090909091,0.5272177419354839,0.3175634286033713,1.0
0.11919191919191921,0.2439516129032258,0.24911899865142173,1.0
0.5595959595959596,0.8366935483870968,0.6699732846385509,0.0
0.11313131313131314,0.16330645161290325,0.01136625665846036,1.0
0.05454545454545454,0.564516129032258,0.05183292534372452,1.0
0.15252525252525254,0.7701612903225806,0.012726480815948182,1.0
0.1808080808080808,0.7560483870967741,0.022702234354510797,1.0
0.5737373737373738,0.6784274193548387,0.2025522836160536,1.0
0.5909090909090909,0.20766129032258063,0.06649027230103821,1.0
0.26161616161616164,0.0625,0.17595337971449265,1.0
0.6222222222222222,0.6028225806451613,0.1626050155936657,1.0
0.8202020202020202,0.9627016129032258,0.22362877060425168,1.0
0.7212121212121212,0.5544354838709677,0.20524711127052853,1.0
0.10808080808080808,0.49092741935483875,0.23233280772160114,1.0
0.7474747474747475,0.4596774193548387,0.28670450760584254,1.0
0.8606060606060606,0.24697580645161293,0.03642559177902882,1.0
0.705050505050505,0.7439516129032258,0.1737919276286216,1.0
0.5767676767676768,0.8961693548387096,0.636864403818876,1.0
0.1696969696969697,0.26411290322580644,0.1940601992355726,1.0
0.5414141414141415,0.1875,0.03187675996469019,1.0
0.44646464646464645,0.014112903225806453,0.01235381666321178,1.0
0.9272727272727272,0.532258064516129,0.26129579984208373,1.0
0.7202020202020202,0.877016129032258,0.2586708467162466,1.0
0.38383838383838387,0.21875,0.34435099373225486,1.0
0.09494949494949495,0.3245967741935484,0.1981105927456266,1.0
0.35555555555555557,0.905241935483871,0.4563878129505452,0.0
0.3616161616161616,0.0,0.07728122867371168,1.0
0.44747474747474747,0.05241935483870967,0.062335066998027266,1.0
0.4222222222222222,0.8215725806451613,0.30325079598733873,1.0
0.3151515151515152,0.5393145161290323,0.17026559308335332,1.0
0.397979797979798,0.5211693548387096,0.04232533114703696,1.0
0.5868686868686869,0.9485887096774194,0.38862582422829406,1.0
0.34141414141414145,0.3235887096774194,0.15488155102820378,1.0
0.3696969696969697,0.2600806451612903,0.34426248599597997,1.0
0.4787878787878788,0.3810483870967742,0.22133222776301364,1.0
0.4585858585858586,0.4213709677419355,0.05513100309544172,1.0
0.6131313131313131,0.21673387096774194,0.6309320563375032,0.0
0.8262626262626263,0.02217741935483871,0.051308866378938944,1.0
0.4383838383838384,0.8578629032258065,0.2734469803722448,1.0
0.16565656565656567,0.7096774193548387,0.03220982855119836,1.0
0.11515151515151517,0.24798387096774194,0.09717450697697172,1.0
0.31717171717171716,0.18649193548387094,0.36751439997577684,1.0
0.2828282828282828,0.7026209677419355,0.5258757025301568,0.0
0.9393939393939394,0.8840725806451613,0.014203162521166268,1.0
0.005050505050505052,0.7217741935483871,0.07311903591783686,1.0
0.5888888888888889,0.8699596774193549,0.061417381521913894,1.0
0.3606060606060606,0.3084677419354839,0.10962381882932226,1.0
0.26666666666666666,0.3286290322580645,0.21279588951439532,1.0
0.025252525252525256,0.8820564516129032,0.1201935058613085,1.0
0.3494949494949495,0.7842741935483871,0.00038663905846403335,1.0
0.043434343434343436,0.27923387096774194,0.2502113704491302,1.0
0.5434343434343435,0.689516129032258,0.3633801570313575,1.0
0.3686868686868687,0.05544354838709677,0.1920221921502956,1.0
0.995959595959596,0.6290322580645161,0.2847433625020672,1.0
0.6606060606060606,0.9808467741935484,0.03732464404750535,1.0
0.3515151515151515,0.9657258064516129,0.8294153132358659,0.0
0.6303030303030303,0.03125,0.1856379893837301,1.0
0.13333333333333333,0.7127016129032258,0.13789272396533292,1.0
0.8757575757575757,0.10584677419354839,0.35030663272317364,1.0
0.5626262626262626,0.8266129032258065,0.699392790346135,1.0
0.9212121212121213,0.9838709677419355,0.36467749411307104,1.0
0.9828282828282828,0.8810483870967741,0.07237836591427327,1.0
0.2686868686868687,0.7389112903225806,0.04060874689349503,1.0
0.995959595959596,0.7056451612903226,0.01404012195434401,1.0
0.6545454545454545,0.06653225806451613,0.006223491350697996,1.0
0.7232323232323232,0.014112903225806453,0.31128403762976276,1.0
0.1505050505050505,0.5493951612903226,0.279547026722349,1.0
0.09797979797979797,0.13004032258064518,0.1362739640518842,1.0
0.06161616161616162,0.8991935483870968,0.23310841498948398,1.0
0.2676767676767677,0.9868951612903225,0.3263629609098597,0.0
0.897979797979798,0.1723790322580645,0.10451133248396971,1.0
0.26262626262626265,0.24596774193548387,0.010057273821973745,1.0
0.591919191919192,0.2560483870967742,0.06390025643952024,1.0
0.6868686868686869,0.498991935483871,0.3778651468180305,1.0
0.9101010101010101,0.4717741935483871,0.058915873396670704,1.0
0.7737373737373737,0.5241935483870968,0.2777698845439873,1.0
0.3373737373737374,0.8044354838709677,0.012113914114887714,1.0
0.4666666666666667,0.4596774193548387,0.6942919497555557,0.0
0.41414141414141414,0.29435483870967744,0.20917405977998849,1.0
0.11515151515151517,0.20564516129032256,0.20254995446509882,1.0
0.26363636363636367,0.467741935483871,0.39877393493749724,1.0
0.04242424242424243,0.6360887096774194,0.09318700054269224,1.0
0.34141414141414145,0.4586693548387097,0.05118775052929958,1.0
0.693939393939394,0.39818548387096775,0.03123857260312901,1.0
0.501010101010101,0.4717741935483871,0.010404317314209433,1.0
0.22121212121212122,0.4213709677419355,0.034566929317256134,1.0
0.028282828282828285,0.029233870967741937,0.16694655297304484,1.0
0.41919191919191917,0.11290322580645161,0.4501806256565293,1.0
0.38686868686868686,0.26411290322580644,0.315238935950678,1.0
0.09595959595959597,0.498991935483871,0.6671946075497099,0.0
0.9303030303030303,0.1340725806451613,0.433764769728491,1.0
0.025252525252525256,0.14213709677419356,0.22815896921095358,1.0
0.6454545454545455,0.7258064516129032,0.1823864946511049,1.0
0.8828282828282829,0.3850806451612903,0.2601847948367382,1.0
0.09292929292929292,0.3659274193548387,0.11295450469440382,1.0
0.8747474747474747,0.37298387096774194,0.04906822316061121,1.0
0.3090909090909091,0.22278225806451613,0.030933453828076107,1.0
0.08686868686868687,0.9657258064516129,0.003155999543486554,1.0
0.22525252525252526,0.6673387096774194,0.6106894053910528,0.0
0.6424242424242425,0.9939516129032258,0.3281657237487219,1.0
0.13333333333333333,0.8719758064516129,0.1221453343612654,1.0
0.44646464646464645,0.2096774193548387,0.00608374229342179,1.0
0.9232323232323233,0.1471774193548387,0.11047162977679748,1.0
0.4070707070707071,0.21068548387096775,0.30014370861389894,1.0
0.6393939393939394,0.5695564516129032,0.14217836172180154,1.0
0.3111111111111111,0.7953629032258065,0.4297656175394384,1.0
0.5181818181818182,0.9354838709677419,0.41342429444194706,1.0
0.2777777777777778,0.7923387096774194,0.43958065966213344,0.0
0.5656565656565656,0.8467741935483871,0.11431007054998243,1.0
0.6141414141414141,0.05040322580645161,0.27719225510724566,1.0
0.21313131313131314,0.908266129032258,0.6455218579171336,0.0
0.8020202020202021,0.7893145161290323,0.14019625425943483,1.0
0.702020202020202,0.08266129032258064,0.0673497290032864,1.0
0.3525252525252525,0.40625,0.2439063588150212,1.0
0.9848484848484848,0.046370967741935484,0.10343060644103408,1.0
0.9767676767676767,0.6360887096774194,0.04377639219175433,1.0
0.5131313131313131,0.498991935483871,0.0947219110217753,1.0
0.9060606060606061,0.7056451612903226,0.32169534239683606,1.0
0.08585858585858586,0.29838709677419356,0.028219992965964114,1.0
0.1,0.3185483870967742,0.13599213678637734,1.0
0.6303030303030303,0.0020161290322580627,0.15786053509914033,1.0
0.6545454545454545,0.2127016129032258,0.20587132372636208,1.0
0.5333333333333333,0.4435483870967742,0.12615613230509093,1.0
0.9191919191919192,0.28326612903225806,0.25156693630470883,1.0
0.9555555555555556,0.24697580645161293,0.6189788536384833,0.0
0.16666666666666669,0.845766129032258,0.2662359290167955,1.0
0.39494949494949494,0.13205645161290325,0.1504025937425031,1.0
0.6606060606060606,0.8911290322580645,0.38104676702201745,1.0
0.5191919191919192,0.3397177419354839,0.09002867184825125,1.0
0.7141414141414142,0.016129032258064516,0.029058487309621128,1.0
0.8949494949494949,0.5473790322580645,0.4001388173968943,1.0
0.11313131313131314,0.9717741935483871,0.038710488865493886,1.0
0.8565656565656565,1.0,0.027679629944496353,1.0
0.51010101010101,0.5231854838709677,0.16756144882505986,1.0
0.8161616161616162,0.07157258064516128,0.061613030202100405,1.0
0.09898989898989899,0.3709677419354839,0.7721135414507352,0.0
0.22828282828282828,0.22278225806451613,0.06362541662687704,1.0
0.0606060606060606,0.655241935483871,0.015505157904789013,1.0
0.11919191919191921,0.5856854838709677,0.06749879466438102,1.0
0.9383838383838384,0.7298387096774194,0.043727480021707676,1.0
0.09494949494949495,0.9213709677419355,0.04252097982722369,1.0
0.796969696969697,0.017137096774193547,0.2666481887357601,1.0
0.28585858585858587,0.17540322580645162,0.05360773837113164,1.0
0.03434343434343434,0.7782258064516129,0.033334808462271326,1.0
0.4595959595959596,0.7227822580645161,0.5634775155412597,0.0
0.8282828282828283,0.8598790322580645,0.14281887823431727,1.0
0.602020202020202,0.15423387096774194,0.08394958785673867,1.0
0.5787878787878787,0.7318548387096774,0.034205910919292704,1.0
0.12323232323232325,0.7620967741935484,0.20407787749131812,1.0
0.25353535353535356,0.035282258064516125,0.42517719015887145,0.0
0.1272727272727273,0.2973790322580645,0.08789982787574446,1.0
0.24141414141414141,0.7106854838709677,0.3383697340808356,0.0
0.7414141414141414,0.23286290322580644,0.08829811268898147,1.0
0.6050505050505051,0.37600806451612906,0.1343943392315199,1.0
0.32727272727272727,0.39213709677419356,0.14621710947708233,1.0
0.1181818181818182,0.658266129032258,0.3933866087795017,1.0
0.592929292929293,0.16733870967741937,0.07107171222874131,1.0
0.2090909090909091,0.6491935483870968,0.17693628141733497,1.0
0.3787878787878788,0.3125,0.26005669153423505,1.0
0.503030303030303,0.30443548387096775,0.029487051085267946,1.0
0.4777777777777778,0.6784274193548387,0.41116967631789203,1.0
0.14545454545454545,0.31451612903225806,0.008964902024265253,1.0
0.2202020202020202,0.2348790322580645,0.07365241148644097,1.0
0.14545454545454545,0.22177419354838707,0.02952431750054152,1.0
0.01616161616161616,0.1471774193548387,0.5063737215872699,1.0
0.5070707070707071,0.07963709677419355,0.02659191644869696,1.0
0.8424242424242424,0.14919354838709675,0.13424294441947082,1.0
0.8262626262626263,0.21169354838709675,0.12290463757246584,1.0
0.7585858585858586,0.08064516129032258,0.10198653284918058,1.0
0.38181818181818183,0.3235887096774194,0.02113704491301782,1.0
0.3686868686868687,0.5080645161290323,0.13450380932638628,1.0
0.08888888888888888,0.907258064516129,0.11828127292757973,1.0
0.08888888888888888,0.6935483870967742,0.28658572090715784,1.0
0.993939393939394,0.9949596774193548,0.34859703592249525,0.0
0.6232323232323232,0.48991935483870963,0.20513298287375314,1.0
0.6161616161616161,0.876008064516129,0.10227068926564209,1.0
0.47575757575757577,0.4254032258064516,0.04766607428594061,1.0
0.30707070707070705,0.3004032258064516,0.2144123202768895,1.0
0.7313131313131314,0.219758064516129,0.026911010129477497,1.0
0.49696969696969695,0.9354838709677419,0.19026834148147986,0.0
0.4868686868686869,0.4475806451612903,0.007467257960455775,1.0
0.14040404040404042,0.2651209677419355,0.10671936758893275,1.0
0.05858585858585858,0.13709677419354838,0.101597564639762,1.0
0.19393939393939394,0.35080645161290325,0.12639137655150567,1.0
0.0494949494949495,0.013104838709677418,0.0362974884765257,1.0
0.0808080808080808,0.7752016129032258,0.012563440249126034,1.0
0.5959595959595959,0.1713709677419355,0.14888398732010222,1.0
0.6686868686868687,0.008064516129032258,0.01905478395960336,1.0
0.24242424242424243,0.41935483870967744,0.2344220561278798,1.0
0.8202020202020202,0.8245967741935484,0.0014231112332622198,1.0
0.46565656565656566,0.36088709677419356,0.2883302549721549,1.0
0.36767676767676766,0.8639112903225806,0.08694953428626662,1.0
0.9666666666666667,0.12298387096774192,0.1080376670292379,1.0
0.8080808080808081,0.053427419354838704,0.137687758681328,1.0
0.39090909090909093,0.037298387096774195,0.09609145178308154,1.0
0.7646464646464647,0.18245967741935482,0.14267680002608651,1.0
0.9717171717171718,0.11693548387096774,0.7254280397166821,0.0
0.8828282828282829,0.6643145161290323,0.06653452616917566,1.0
0.5181818181818182,0.18649193548387094,0.2787178489825104,1.0
0.35555555555555557,0.07258064516129033,0.2351720427352617,1.0
0.9131313131313131,0.023185483870967742,0.05165358072022008,1.0
0.5040404040404041,0.3528225806451613,0.006374886162747173,1.0
0.8828282828282829,0.8699596774193549,0.13910388246172622,1.0
0.17979797979797982,0.2026209677419355,0.6532290184259133,1.0
0.7313131313131314,0.4969758064516129,0.8229379444311167,0.0
0.15454545454545454,0.5221774193548387,0.07627736461227796,1.0
0.5909090909090909,0.9254032258064516,0.20639538269114754,1.0
0.8909090909090909,0.8840725806451613,0.13647427103398002,1.0
0.048484848484848485,0.8387096774193549,0.14874190911187146,1.0
0.9808080808080808,0.6038306451612904,0.39645410058671327,1.0
0.7686868686868686,0.01008064516129032,0.10781639768855056,1.0
0.5909090909090909,0.5685483870967742,0.05217065223214179,1.0
0.7313131313131314,0.09274193548387097,0.1082239991056061,1.0
0.9313131313131313,0.16733870967741937,0.5951120438066713,0.0
0.6232323232323232,0.9616935483870968,0.1492100684537465,1.0
0.702020202020202,0.3276209677419355,0.14535299447292482,1.0
0.5212121212121212,0.5131048387096774,0.2332062393295773,1.0
0.6515151515151515,0.71875,0.05020251967550271,1.0
0.04242424242424243,0.5836693548387096,0.07334263440947886,1.0
0.29292929292929293,0.530241935483871,0.08639286720811667,1.0
0.4303030303030303,0.06048387096774194,0.09906810670306354,1.0
0.1696969696969697,0.012096774193548387,0.09240440582194576,1.0
0.1575757575757576,0.532258064516129,0.033768030539827354,1.0
0.703030303030303,0.7691532258064516,0.10155331077162444,1.0
0.7686868686868686,0.6048387096774194,0.1360713279188337,1.0
0.22121212121212122,0.008064516129032258,0.02184044850130784,1.0
0.27575757575757576,0.7046370967741935,0.22236637078685706,1.0
0.15656565656565657,0.623991935483871,0.24850643195036115,1.0
0.03636363636363636,0.1965725806451613,0.7765761946797534,0.0
0.2080808080808081,0.3004032258064516,0.04312190077351108,1.0
0.7888888888888889,0.8860887096774194,0.05219161459073329,1.0
0.38383838383838387,0.3840725806451613,0.5642531228091423,1.0
0.6080808080808081,0.10282258064516128,0.06819055249789796,1.0
0.9272727272727272,0.01008064516129032,0.002871843127025042,1.0
0.798989898989899,0.7348790322580645,0.29337286678886954,1.0
0.6737373737373737,0.9284274193548387,0.0963313543314056,1.0
0.8676767676767677,0.6330645161290323,0.2131382747047219,1.0
0.08282828282828283,0.8669354838709677,0.002429304445650482,1.0
0.5555555555555556,0.9929435483870968,0.026426546730920264,1.0
0.0101010101010101,0.8215725806451613,0.6716549316277738,0.0
0.06363636363636363,0.6068548387096774,0.2555614301918523,1.0
0.898989898989899,0.1784274193548387,0.09861625141787078,1.0
0.3787878787878788,0.4254032258064516,0.9235199992546719,0.0
0.35353535353535354,0.8356854838709677,0.3226246736277225,1.0
0.8484848484848485,0.28225806451612906,0.14486853107436748,1.0
0.7565656565656566,0.5554435483870968,0.3163569284088872,1.0
0.02424242424242424,0.8316532258064516,0.04591921106998875,1.0
0.5090909090909091,0.13004032258064518,0.298245450585898,1.0
0.5373737373737374,0.4637096774193548,0.7474315287848121,0.0
0.2898989898989899,0.06451612903225806,0.01718913404496658,1.0
0.2515151515151515,0.8387096774193549,0.2718724743269336,1.0
0.38383838383838387,0.9203629032258065,0.17131836931483369,1.0
0.4686868686868687,0.16935483870967744,0.03419193601356507,1.0
0.06666666666666668,0.6108870967741935,0.6952003186278508,0.0
0.18888888888888888,0.9737903225806451,0.23834900463733955,1.0
0.4161616161616162,0.6139112903225806,0.34068025182780115,1.0
0.6565656565656566,0.7056451612903226,0.05213804411877743,1.0
0.048484848484848485,0.7681451612903226,0.11591485555770353,1.0
0.9595959595959596,0.49395161290322576,0.038524156789125685,1.0
0.2868686868686869,0.7600806451612904,0.1889873084564484,1.0
0.34545454545454546,0.7641129032258065,0.006843045504622336,1.0
0.8727272727272727,0.3477822580645161,0.8007271609280271,0.0
0.3515151515151515,0.2842741935483871,0.09401850743348528,1.0
0.8898989898989899,0.07157258064516128,0.299903806065575,1.0
0.4575757575757576,0.1713709677419355,0.35642531228091423,1.0
0.05858585858585858,0.5423387096774194,0.0004798050966482448,1.0
0.5656565656565656,0.751008064516129,0.15955615699409098,1.0
0.6050505050505051,0.7721774193548387,0.011142658166818475,1.0
0.592929292929293,0.594758064516129,0.41391108699145907,1.0
0.7161616161616162,0.23185483870967744,0.014042451105298559,1.0
0.6878787878787879,0.498991935483871,0.5140692363412767,1.0
0.5484848484848485,0.9465725806451613,0.12987578637959107,1.0
0.6,0.5252016129032258,0.16393728993969836,1.0
0.3515151515151515,0.9284274193548387,0.02218516284258898,1.0
0.3515151515151515,0.9354838709677419,0.4416489457098205,0.0
0.5272727272727272,0.2429435483870968,0.06746618655101666,1.0
0.796969696969697,0.561491935483871,0.7940285227825903,0.0
0.8151515151515152,0.8165322580645161,0.04753331268152827,1.0
0.6555555555555556,0.5221774193548387,0.24406008277802504,1.0
0.6888888888888889,0.7671370967741935,0.15144372421921048,1.0
0.8525252525252526,0.5846774193548387,0.6961575996701923,0.0
0.08484848484848484,0.07661290322580645,0.12347527955634341,1.0
0.5858585858585859,0.4435483870967742,0.19665021509709057,1.0
0.6454545454545455,0.07661290322580645,0.03929277660414465,1.0
0.6181818181818182,0.20665322580645162,0.24496379334841079,1.0
0.9454545454545454,0.4959677419354839,0.6003176961902079,1.0
0.11414141414141415,0.9102822580645161,0.1164505602772622,1.0
0.4414141414141414,0.14415322580645162,0.2329709950831622,1.0
0.9979797979797981,0.4747983870967742,0.3686300632830315,1.0
0.08383838383838385,0.7288306451612904,0.28393281796986547,1.0
0.7070707070707071,0.9042338709677419,0.43587730964431537,1.0
0.9060606060606061,0.7842741935483871,0.07700871801202314,1.0
0.7191919191919192,0.4274193548387097,0.013455505064738804,1.0
0.2686868686868687,0.25705645161290325,0.014953149128548282,1.0
0.7767676767676768,0.9516129032258065,0.2212157702152835,1.0
0.9,0.4838709677419355,0.3713481824470526,1.0
0.7373737373737373,0.9929435483870968,0.20194204606594757,1.0
0.6878787878787879,0.9919354838709677,0.2412092020095915,1.0
0.0808080808080808,0.4737903225806452,0.017559469046748433,1.0
0.9111111111111111,0.8034274193548387,0.052028574023911145,1.0
0.4171717171717172,0.36088709677419356,0.402526197125362,1.0
0.5363636363636364,0.13205645161290325,0.241856705974971,1.0
0.05454545454545454,0.3840725806451613,0.04500851304673903,1.0
0.29292929292929293,0.4778225806451613,0.4745761527550363,0.0
0.5070707070707071,0.22681451612903225,0.023032973790064415,1.0
0.5757575757575758,0.627016129032258,0.2283383138344579,1.0
0.5848484848484848,0.4969758064516129,0.8116601955089311,0.0
0.696969696969697,0.5907258064516129,0.06250509501771329,1.0
0.9686868686868687,0.9939516129032258,0.18772490863905378,1.0
0.805050505050505,0.19052419354838707,0.23065348988333279,1.0
0.7585858585858586,0.8931451612903226,0.22207289776657713,1.0
0.3333333333333333,0.8165322580645161,0.14416512748607746,1.0
0.5242424242424243,0.8245967741935484,0.7077032009521569,0.0
0.8808080808080808,0.1935483870967742,0.16443572824398323,1.0
0.7212121212121212,0.686491935483871,0.101509056903487,1.0
0.44646464646464645,0.625,0.021167323875427746,1.0
0.9282828282828283,0.8881048387096774,0.3221076021158007,1.0
0.6393939393939394,0.5756048387096774,0.10688939560861888,1.0
0.6636363636363637,0.6804435483870968,0.06335057681423395,1.0
0.8191919191919192,0.1401209677419355,0.0705546407168196,1.0
0.24848484848484848,0.6512096774193549,0.7579616202505699,0.0
0.592929292929293,0.0,0.042986810018144195,1.0
0.30808080808080807,0.03125,0.14333129144432988,1.0
0.32525252525252524,0.4274193548387097,0.0051777025720814995,1.0
0.7282828282828283,0.38205645161290325,0.4799914287244871,1.0
0.25555555555555554,0.017137096774193547,0.09069247987031293,1.0
0.20606060606060606,0.970766129032258,0.214034997822244,1.0
0.46464646464646464,0.9959677419354838,0.029903969106141792,1.0
0.025252525252525256,0.7983870967741935,0.9525435492999736,0.0
0.6747474747474748,0.45161290322580644,0.15774174840045563,1.0
0.7616161616161616,0.4979838709677419,0.10432732955855606,1.0
0.6767676767676768,0.5665322580645161,0.12120435737560598,1.0
0.9494949494949495,0.15221774193548387,0.1618690038920113,1.0
0.32727272727272727,0.6633064516129032,0.02201979312481228,1.0
0.7222222222222222,0.2086693548387097,0.6106917345420073,0.0
0.302020202020202,0.4495967741935484,0.3940597334053817,1.0
0.32727272727272727,0.782258064516129,0.01582890988747876,1.0
0.8282828282828283,0.6350806451612904,0.23475745386534252,0.0
0.11313131313131314,0.59375,0.017054043289599807,1.0
0.25757575757575757,0.6784274193548387,0.21869329973144902,1.0
0.6575757575757576,0.12499999999999999,0.13822346340088654,1.0
0.16767676767676767,0.7006048387096774,0.4643558383662403,1.0
0.49696969696969695,0.26814516129032256,0.25075406262155253,1.0
0.33131313131313134,0.03326612903225806,0.3121877482001487,1.0
0.8606060606060606,0.4717741935483871,0.4911107953817595,1.0
0.26666666666666666,0.038306451612903226,0.08006456406446172,1.0
0.3060606060606061,0.12903225806451613,0.13303411507403207,1.0
0.11919191919191921,0.8921370967741935,0.2842728740092375,1.0
0.5262626262626263,0.7620967741935484,0.35509303793488156,0.0
0.30808080808080807,0.8659274193548387,0.748679953696479,0.0
0.7333333333333334,0.058467741935483875,0.026715361449290986,1.0
0.9222222222222223,0.28931451612903225,0.1677407934485643,1.0
0.3888888888888889,0.6935483870967742,0.22071267360908942,1.0
0.9949494949494949,0.9717741935483871,0.2561344013266844,1.0
0.33131313131313134,0.22580645161290325,0.04866528004546511,1.0
0.5595959595959596,0.7106854838709677,0.14111859803745752,1.0
0.5242424242424243,0.8024193548387096,0.4245226987406283,0.0
0.8101010101010101,0.7570564516129032,0.17594173395971968,1.0
0.13535353535353536,0.004032258064516129,0.0008617858532030676,1.0
0.048484848484848485,0.08165322580645161,0.371720846599789,1.0
0.3595959595959596,0.75,0.1460796895707609,0.0
0.05757575757575758,0.6068548387096774,0.07233411204613593,1.0
0.048484848484848485,0.9868951612903225,0.038521827638171136,1.0
0.6767676767676768,0.11290322580645161,0.2077952024148637,1.0
0.21010101010101012,0.30443548387096775,0.006200199841151943,1.0
0.9111111111111111,0.9284274193548387,0.1692780330786019,1.0
0.7191919191919192,0.6905241935483871,0.28408421278191476,1.0
0.5505050505050505,0.5151209677419355,0.2879785531780099,1.0
0.5373737373737374,0.4637096774193548,0.3538748919856245,0.0
0.2464646464646465,0.9737903225806451,0.21288206809971566,1.0
0.7434343434343434,0.13306451612903225,0.0035845633191332604,1.0
0.03838383838383838,0.2661290322580645,0.10630943702092288,1.0
0.6181818181818182,0.24193548387096775,0.0672519046631932,1.0
0.6616161616161617,0.33669354838709675,0.24514779627382421,0.0
0.3282828282828283,0.6008064516129032,0.09650604065300084,1.0
0.3484848484848485,0.7550403225806451,0.08318795549458358,1.0
0.04242424242424243,0.4808467741935484,0.3109300066846632,1.0
0.3393939393939394,0.811491935483871,0.035386790453276085,1.0
0.4717171717171717,0.6995967741935484,0.5347497676671922,0.0
0.3525252525252525,0.22177419354838707,0.23420777424005634,1.0
0.9848484848484848,0.9506048387096774,0.10954695684782034,1.0
0.21717171717171718,0.12499999999999999,0.06654850107490329,1.0
0.9202020202020202,0.3276209677419355,0.27673341236918914,1.0
0.32727272727272727,0.9425403225806451,0.1547348145180638,1.0
0.32525252525252524,0.36189516129032256,0.05191910392904475,1.0
0.8313131313131313,0.014112903225806453,0.09523898253369711,1.0
0.6505050505050505,0.3850806451612903,0.18106353690889065,1.0
0.4818181818181818,0.9506048387096774,0.4757710071947474,1.0
0.4181818181818182,0.31350806451612906,0.04019182887262118,1.0
0.797979797979798,0.5504032258064516,0.010606953447259926,1.0
0.30404040404040406,0.34072580645161293,0.08249619766106664,1.0
0.703030303030303,0.6703629032258065,0.10991729184960208,1.0
0.05151515151515152,0.17036290322580644,0.09691597122101092,1.0
0.3595959595959596,0.4415322580645161,0.31811310822865746,1.0
0.7070707070707071,0.813508064516129,0.2524706468750948,1.0
0.9808080808080808,0.28326612903225806,0.14585842023007356,1.0
0.028282828282828285,0.2338709677419355,0.003558942658632658,1.0
0.31616161616161614,0.7288306451612904,0.48267461062418926,1.0
0.17676767676767677,0.08971774193548387,0.06153383906964405,1.0
0.5525252525252525,0.28830645161290325,0.15205629092027084,1.0
0.5828282828282828,0.1411290322580645,0.14432118060003596,1.0
0.45252525252525255,0.7842741935483871,0.6774056053346873,0.0
0.25252525252525254,0.75,0.16192723266587639,1.0
0.6525252525252525,0.9526209677419355,0.036730710554081725,1.0
0.3181818181818182,0.3336693548387097,0.3710780009363188,1.0
0.31313131313131315,0.6875,0.022865274921332945,1.0
0.6676767676767676,0.2600806451612903,0.06868899080218294,1.0
0.6909090909090909,0.5201612903225806,0.4493817268791007,1.0
0.22525252525252526,0.32560483870967744,0.11856310019308658,1.0
0.298989898989899,0.2409274193548387,0.39167468282786877,1.0
0.08484848484848484,0.7762096774193549,0.057762943674142586,1.0
0.34545454545454546,0.6088709677419355,0.030111263541101496,1.0
0.32525252525252524,0.9949596774193548,0.20553126768699004,1.0
0.7070707070707071,0.4566532258064516,0.11782708849143231,1.0
0.4111111111111111,0.7903225806451613,0.5026866756261341,0.0
0.7747474747474747,0.2772177419354839,0.7547753417446739,0.0
0.804040404040404,0.907258064516129,0.0027926519945684625,1.0
0.31212121212121213,0.4788306451612903,0.31824819898402446,1.0
0.4797979797979798,0.01915322580645161,0.25840532350742196,1.0
0.2585858585858586,0.90625,0.23748488963318204,1.0
0.9636363636363636,0.6199596774193549,0.04456830351631924,1.0
0.9747474747474748,0.06451612903225806,0.2576110830319023,1.0
0.1303030303030303,0.4032258064516129,0.14536929852960712,1.0
0.8141414141414142,0.9516129032258065,0.20674009703242868,1.0
0.39292929292929296,0.7651209677419355,0.3226968773073151,1.0
0.7262626262626263,0.6905241935483871,0.1124583955410734,1.0
0.21515151515151515,0.6491935483870968,0.3509774281980991,1.0
0.8262626262626263,0.46068548387096775,0.031990888361465575,1.0
0.33434343434343433,0.1975806451612903,0.15705231971789324,1.0
0.1484848484848485,0.09879032258064516,0.5528961827545005,1.0
0.27474747474747474,0.3175403225806452,0.18973962421478507,1.0
0.9454545454545454,0.6612903225806451,0.042274089826035754,1.0
0.17979797979797982,0.28326612903225806,0.7677929664299472,0.0
0.0595959595959596,0.2842741935483871,0.05035158533659734,1.0
0.3333333333333333,0.22379032258064513,0.09020801647175569,1.0
0.9717171717171718,0.12499999999999999,0.11549095008396604,1.0
0.11010101010101012,0.8195564516129032,0.7877141945446626,0.0
0.2404040404040404,0.3649193548387097,0.15324182875616366,1.0
0.597979797979798,0.02016129032258064,0.04652013201627614,1.0
0.19494949494949496,0.0877016129032258,0.21114219233662745,1.0
0.9494949494949495,0.27419354838709675,0.21586571047256142,1.0
0.5616161616161616,0.6743951612903226,0.0445496703086824,1.0
0.5909090909090909,0.21875,0.10282036889092827,1.0
0.3474747474747475,0.011088709677419355,0.2988976128531866,1.0
0.38383838383838387,0.27620967741935487,0.13799986490924476,1.0
0.39292929292929296,0.3286290322580645,0.06093757642526576,1.0
0.491919191919192,0.16028225806451613,0.05424825488364726,1.0
0.07070707070707072,0.4979838709677419,0.024921915214247026,1.0
0.8343434343434344,0.5544354838709677,0.0009805725518876596,1.0
0.9575757575757576,0.01915322580645161,0.32730859619742825,1.0
0.3585858585858586,0.04032258064516129,0.08888040042763212,1.0
0.22828282828282828,0.25806451612903225,0.13602940320165102,1.0
0.9535353535353536,0.9798387096774194,0.010956326090450386,1.0
0.39494949494949494,0.9022177419354839,0.3461817063825725,1.0
0.7555555555555555,0.4112903225806452,0.22477937117582525,1.0
0.9373737373737374,0.9576612903225806,0.0,1.0
0.4353535353535354,0.8276209677419355,0.44837087536480347,0.0
0.46161616161616165,0.5262096774193549,0.010693132032580155,1.0
0.3464646464646465,0.9485887096774194,0.29823846313303415,0.0
0.51010101010101,0.49193548387096775,0.08148068784485996,1.0
0.45252525252525255,0.8578629032258065,0.34109018239581124,1.0
0.9373737373737374,0.6824596774193549,0.12420663295608858,1.0
0.3878787878787879,0.006048387096774195,0.03832850810893906,1.0
0.19595959595959597,0.5272177419354839,0.14802685976880847,1.0
0.26464646464646463,0.04032258064516129,0.007921442396603307,1.0
0.796969696969697,0.5050403225806451,0.135190908857994,1.0
0.5040404040404041,0.02116935483870968,0.05867131254643754,1.0
0.04141414141414142,0.7893145161290323,0.14493607645205098,1.0
0.48888888888888893,0.6522177419354839,0.4386722907898384,1.0
0.9929292929292929,0.7893145161290323,0.13086101723338794,1.0
0.6232323232323232,0.5604838709677419,0.1031860455908008,1.0
0.12424242424242424,0.5665322580645161,0.4385628206949721,1.0
0.9,0.25806451612903225,0.08758772164782769,1.0
0.5434343434343435,0.07157258064516128,0.7317703177660648,1.0
0.6414141414141414,0.6502016129032258,0.21472675565576083,1.0
0.7858585858585858,0.9838709677419355,0.39400616293342594,1.0
0.35353535353535354,0.7772177419354839,0.0479409140985837,1.0
0.396969696969697,0.34475806451612906,0.06553997871156036,1.0
0.5878787878787879,0.11995967741935483,0.03778348678556209,1.0
0.22424242424242424,0.13306451612903225,0.03782774065369954,1.0
0.2404040404040404,0.6401209677419355,0.0014627067994904541,1.0
0.302020202020202,0.0907258064516129,0.3094067419603532,1.0
0.6424242424242425,0.25201612903225806,0.10693597862771087,1.0
0.4636363636363636,0.9798387096774194,0.05432511686514918,1.0
0.8545454545454545,0.21169354838709675,0.13873820576185358,1.0
0.9787878787878788,0.7711693548387096,0.1734914671554778,1.0
0.0060606060606060615,0.689516129032258,0.05824973622365437,1.0
0.38383838383838387,0.038306451612903226,0.70522498433646,1.0
0.591919191919192,0.3548387096774194,0.11637136914480573,1.0
0.15454545454545454,0.03225806451612903,0.10094773152342784,1.0
0.22424242424242424,0.21169354838709675,0.21726087189436827,1.0
0.5404040404040404,0.5594758064516129,0.12689447315769986,1.0
0.32323232323232326,0.248991935483871,0.20077747058864626,1.0
0.6595959595959596,0.908266129032258,0.5023908734548994,1.0
0.701010101010101,0.3276209677419355,0.11472698857085639,1.0
0.5393939393939394,0.3840725806451613,0.11572386517942623,1.0
0.8585858585858586,0.02217741935483871,0.028608961175382808,1.0
0.2595959595959596,0.6058467741935484,0.45358351520120377,1.0
0.6767676767676768,0.6370967741935484,0.007830605509373756,1.0
0.6242424242424243,0.6612903225806451,0.3359241255785028,1.0
0.2515151515151515,0.9798387096774194,0.40574741289557714,1.0
0.9242424242424242,0.19556451612903225,0.12042875010772325,1.0
0.9323232323232323,0.16733870967741937,0.05808203735492312,1.0
0.01616161616161616,0.4092741935483871,0.33987669474846327,1.0
0.8090909090909091,0.5745967741935484,0.5656762340424046,0.0
0.4393939393939394,0.5272177419354839,0.21371590414146335,1.0
0.00909090909090909,0.8054435483870968,0.05152780656867151,1.0
0.7252525252525253,0.7721774193548387,0.011014554864315351,1.0
0.37373737373737376,0.04435483870967742,0.015877822057525415,1.0
0.6747474747474748,0.9223790322580645,0.10169305982890053,1.0
0.295959595959596,0.5352822580645161,0.032983106668126316,1.0
0.7232323232323232,0.3538306451612903,1.0,0.0
0.4131313131313131,0.4425403225806452,0.08947433392105586,1.0
0.9323232323232323,0.6441532258064516,0.5319780780312153,1.0
0.2202020202020202,0.6461693548387096,0.6300050542575715,0.0
0.5696969696969697,0.17338709677419356,0.016052508379120534,1.0
0.05151515151515152,0.7883064516129032,0.05245946695051251,1.0
0.03737373737373737,0.844758064516129,0.22034233860730756,1.0
0.44646464646464645,0.2026209677419355,0.04668783088500761,1.0
0.7606060606060606,0.9435483870967741,0.039858760286113015,1.0
0.9252525252525252,0.3689516129032258,0.09840662783195642,1.0
0.6090909090909091,0.6330645161290323,0.2449987306127297,1.0
0.5343434343434343,0.2721774193548387,0.5923310375668758,0.0
0.9767676767676767,0.00504032258064516,0.06456872276349113,1.0
0.33535353535353535,0.28326612903225806,0.05771868980600503,1.0
0.6363636363636364,0.6975806451612904,0.13850063236448418,1.0
0.30707070707070705,0.6723790322580645,0.06893122250146166,1.0
0.6838383838383838,0.2923387096774194,0.18174830728954383,1.0
0.8585858585858586,0.5725806451612904,0.17996184850736363,1.0
0.030303030303030304,0.7137096774193549,0.16676487919858574,1.0
0.5626262626262626,0.6612903225806451,0.017049384987690597,1.0
0.696969696969697,0.8286290322580645,0.13144097582108394,1.0
0.296969696969697,0.3538306451612903,0.12278818002473568,1.0
0.00808080808080808,0.2963709677419355,0.26321502022867604,1.0
0.9505050505050505,0.6058467741935484,0.2361875525514685,1.0
0.7898989898989899,0.6179435483870968,0.3038936416508091,1.0
0.4171717171717172,0.46068548387096775,0.5846285353600051,1.0
0.3212121212121212,0.26310483870967744,0.07019595146981072,1.0
0.3505050505050505,0.9717741935483871,0.11488071253386001,1.0
0.5848484848484848,0.28225806451612906,0.032801432893667326,1.0
0.7353535353535353,0.717741935483871,0.03621829734406923,1.0
0.5484848484848485,0.9949596774193548,0.24992488488171416,1.0
0.4222222222222222,0.6592741935483871,0.16584952287342702,1.0
0.3202020202020202,0.49495967741935487,0.4574499057858439,1.0
0.5515151515151515,0.3901209677419355,0.4328168052899677,1.0
0.6626262626262627,0.7399193548387096,0.15310673800079666,1.0
0.907070707070707,0.4627016129032258,0.009805725518876707,1.0
0.22323232323232323,0.4596774193548387,0.8404112348925448,0.0
0.12121212121212122,0.3034274193548387,0.03032321627797019,1.0
0.45151515151515154,0.11391129032258064,0.042891314829005434,1.0
0.6686868686868687,0.248991935483871,0.025893171162316264,1.0
0.8868686868686869,0.6794354838709677,0.06856088749967981,1.0
0.9222222222222223,0.31350806451612906,0.2984131494546294,1.0
0.47575757575757577,0.1340725806451613,0.14554398485120223,1.0
0.8343434343434344,0.9042338709677419,0.05018854476977508,1.0
0.05555555555555556,0.7237903225806451,0.3730717541534585,1.0
0.02424242424242424,0.13709677419354838,0.2394856303031856,1.0
0.029292929292929294,0.1502016129032258,0.2567982093487462,1.0
0.13434343434343435,0.5282258064516129,0.06699336890723229,1.0
0.24848484848484848,0.4022177419354839,0.06334591851232474,1.0
0.98989898989899,0.3004032258064516,0.09323125441082958,1.0
0.05151515151515152,0.9092741935483871,0.22943068563216662,1.0
0.15151515151515152,0.0,0.017480277914291964,1.0
0.5171717171717172,0.04032258064516129,0.27673807067109824,1.0
0.40101010101010104,0.5866935483870968,0.09388108752716384,1.0
0.37777777777777777,0.40625,0.02283033765701392,1.0
0.06565656565656566,0.9506048387096774,0.1412699928495066,1.0
0.46060606060606063,0.9879032258064515,0.08428032729229218,1.0
0.5212121212121212,0.00504032258064516,0.05547804658767752,1.0
0.8191919191919192,0.9737903225806451,0.28200195182849996,1.0
0.7363636363636363,0.9405241935483871,0.025115234743479098,1.0
0.8303030303030303,0.9858870967741935,0.26204578644946563,1.0
0.5424242424242425,0.27318548387096775,0.29242024404843714,1.0
0.695959595959596,0.5544354838709677,0.28536291665599145,1.0
0.31717171717171716,0.6471774193548387,0.04292625209332446,1.0
0.3101010101010101,0.5695564516129032,0.019835049529395077,1.0
0.8747474747474747,0.2409274193548387,0.15578991990049873,1.0
0.8686868686868687,0.908266129032258,0.5070724668736506,1.0
0.23232323232323232,0.752016129032258,0.31422575528542596,1.0
0.7858585858585858,0.14919354838709675,0.17496349055878668,1.0
0.4353535353535354,0.4415322580645161,0.4881970275375518,0.0
0.5303030303030303,0.9838709677419355,0.04365760549306974,1.0
0.7777777777777778,0.18548387096774194,0.09259073789831396,1.0
0.22626262626262628,0.7368951612903226,0.07416715384740802,1.0
0.703030303030303,0.6764112903225806,0.2543339676387766,1.0
0.8777777777777778,0.12499999999999999,0.07982000321422833,1.0
0.0595959595959596,0.9657258064516129,0.09293312308864055,1.0
0.44343434343434346,0.4012096774193548,0.1833600797501287,1.0
0.8797979797979798,0.23286290322580644,0.07256236883968692,1.0
0.6545454545454545,0.6471774193548387,0.10064727105028415,1.0
0.9717171717171718,0.008064516129032258,0.0012763747231222533,1.0
0.7101010101010101,0.5120967741935484,0.05013031599591,1.0
0.0898989898989899,0.47076612903225806,0.3109230192317993,1.0
0.41919191919191917,0.9102822580645161,0.3348643618941587,1.0
0.4404040404040404,0.627016129032258,0.07261593931164279,1.0
0.3474747474747475,0.08568548387096774,0.5205698966555723,0.0
0.31212121212121213,0.9465725806451613,0.18298508644643774,1.0
0.7585858585858586,0.5221774193548387,0.087638962968829,1.0
0.34040404040404043,0.06955645161290322,0.10272720285274406,1.0
0.9060606060606061,0.842741935483871,0.7004432374266609,1.0
0.1787878787878788,0.6622983870967742,0.030535169014838992,1.0
0.7606060606060606,0.05745967741935484,0.501384680242511,1.0
0.2292929292929293,0.6189516129032258,0.08900850373013525,1.0
0.6565656565656566,0.2399193548387097,0.012593719211535959,1.0
0.705050505050505,0.06451612903225806,0.017873904425619758,1.0
0.33636363636363636,0.7147177419354839,0.8553690423230018,0.0
0.2606060606060606,0.10584677419354839,0.3996450373945186,1.0
0.8464646464646465,0.7026209677419355,0.17436489876345385,1.0
0.1575757575757576,0.1622983870967742,0.2931679015048645,1.0
0.24343434343434345,0.9112903225806451,0.06534898833328284,1.0
0.16262626262626265,0.3548387096774194,0.04414439804258152,1.0
0.014141414141414142,0.9354838709677419,0.006987452863807531,1.0
0.2363636363636364,0.4344758064516129,0.13819784274038582,1.0
0.2797979797979798,0.9879032258064515,0.04607060588203782,1.0
0.5858585858585859,0.7782258064516129,0.2964030921808074,1.0
0.03232323232323232,0.01915322580645161,0.02280471699651332,1.0
0.12323232323232325,0.7530241935483871,0.007634956829187023,1.0
0.4393939393939394,0.8407258064516129,0.023920380303767863,1.0
0.5888888888888889,0.6471774193548387,0.08527953305181668,1.0
0.993939393939394,0.4979838709677419,0.13136644299053668,1.0
0.803030303030303,0.3336693548387097,0.3640579399591466,1.0
0.39494949494949494,0.008064516129032258,0.017061030742463457,1.0
0.5050505050505051,0.9919354838709677,0.18689806005016996,1.0
0.13535353535353536,0.4858870967741935,0.04043638972285435,0.0
0.701010101010101,0.5705645161290323,0.002960350863299821,1.0
0.7737373737373737,0.4213709677419355,0.021162665573518535,1.0
0.9232323232323233,0.3951612903225806,0.00635392380415567,1.0
0.8777777777777778,0.29435483870967744,0.13431980640097274,1.0
0.7515151515151515,0.8679435483870968,0.044789572857006466,1.0
0.2868686868686869,0.9828629032258064,0.15193750422158614,1.0
0.05353535353535354,0.8004032258064516,0.04767539088975903,1.0
0.08585858585858586,0.004032258064516129,0.3611138931525293,1.0
0.7878787878787878,0.405241935483871,0.02056640292914025,1.0
0.9535353535353536,0.7278225806451613,0.018390975937541465,1.0
0.7434343434343434,0.532258064516129,0.6445808809314741,1.0
0.8262626262626263,0.5383064516129032,0.010830551938901811,1.0
0.4,0.7268145161290323,0.01842824235281515,1.0
0.19797979797979798,0.3840725806451613,0.8404065765906354,0.0
0.6373737373737374,0.4223790322580645,0.25323926669011354,1.0
0.5898989898989899,0.0030241935483870976,0.07674552395415302,1.0
0.028282828282828285,0.9576612903225806,0.0030115921843011373,1.0
0.4686868686868687,0.21572580645161288,0.33090480527133437,1.0
0.4818181818181818,0.8256048387096774,0.08631134692470555,1.0
0.045454545454545456,0.9526209677419355,0.036646861119716045,1.0
0.052525252525252523,0.6673387096774194,0.09271185374795332,1.0
0.8202020202020202,0.1340725806451613,0.07862747792547187,1.0
0.8464646464646465,0.6038306451612904,0.2165341767965323,1.0
0.02121212121212121,0.05141129032258064,0.1724876030940441,1.0
0.604040404040404,0.4122983870967742,0.33717487964112447,1.0
0.8575757575757575,0.6179435483870968,0.049601598729215324,1.0
0.33636363636363636,0.9616935483870968,0.14549740183211013,1.0
0.5858585858585859,0.49193548387096775,0.018323430559858078,1.0
0.15151515151515152,0.6058467741935484,0.47079361160476174,0.0
0.6272727272727273,0.7056451612903226,0.1981618340666278,1.0
0.31717171717171716,0.5393145161290323,0.08332071709899591,1.0
0.014141414141414142,0.9455645161290323,0.07365939893930473,1.0
0.4383838383838384,0.4002016129032258,0.2036539720175805,1.0
0.7555555555555555,0.3004032258064516,0.11346225960250722,1.0
0.8626262626262626,0.8195564516129032,0.41182416773613517,0.0
0.9383838383838384,0.8316532258064516,0.7058841340566122,0.0
0.5545454545454546,0.7449596774193549,0.5929296293622086,1.0
0.5404040404040404,0.047379032258064516,0.1573807300024922,1.0
0.6535353535353535,0.8326612903225806,0.35174371886216327,0.0
0.004040404040404039,0.30544354838709675,0.013925993557568517,1.0
0.7353535353535353,0.3911290322580645,0.17174460393952606,1.0
0.5151515151515151,0.9143145161290323,0.06163632171164646,1.0
0.3111111111111111,0.7560483870967741,0.06387230662806498,1.0
0.7222222222222222,0.2338709677419355,0.5008396589191342,1.0
0.20707070707070707,0.3649193548387097,0.1219170775677142,1.0
0.6696969696969697,0.29939516129032256,0.07630531442373323,1.0
0.18383838383838386,0.7913306451612904,0.07567178536408137,1.0
0.2919191919191919,0.2247983870967742,0.12417635399367877,1.0
0.048484848484848485,0.8225806451612903,0.015612298848700745,1.0
0.7515151515151515,0.07560483870967742,0.19267668356853873,1.0
0.8444444444444444,0.1935483870967742,0.34452800920480464,0.0
0.7151515151515152,0.9032258064516129,0.12304904493165114,1.0
0.7515151515151515,0.5241935483870968,0.0910045860982297,1.0
0.9616161616161616,0.8467741935483871,0.8199636186620893,0.0
0.9888888888888888,0.5282258064516129,0.1380021940601993,1.0
0.4272727272727273,0.025201612903225805,0.20599243957600155,1.0
0.5454545454545454,0.11491935483870967,0.22660076722232447,1.0
0.6646464646464647,0.595766129032258,0.0539361486557306,1.0
0.9848484848484848,0.21370967741935482,0.027442056547126947,1.0
0.08282828282828283,0.19455645161290325,0.175904467544446,1.0
0.9616161616161616,0.9264112903225806,0.04392778700380362,1.0
0.07575757575757575,0.44455645161290325,0.6980861366606033,0.0
0.23232323232323232,0.7943548387096774,0.023738706529308984,1.0
0.13535353535353536,0.783266129032258,0.02703678428102607,1.0
0.7414141414141414,0.9506048387096774,0.026102794748230518,1.0
0.7282828282828283,0.5463709677419355,0.29062679781339296,1.0
0.8282828282828283,0.21572580645161288,0.004162192755874816,1.0
0.0595959595959596,0.008064516129032258,0.06245851199862118,1.0
0.704040404040404,0.9274193548387096,0.3271385681777421,0.0
0.1575757575757576,0.6945564516129032,0.21258626592848118,1.0
0.8424242424242424,0.11491935483870967,0.12621901938086522,1.0
0.6444444444444445,0.9274193548387096,0.21610328386993105,1.0
0.05656565656565656,0.7379032258064516,0.009528556555278955,1.0
0.7373737373737373,0.25201612903225806,0.15047246827114125,1.0
1.0,0.05040322580645161,0.07565082300548986,1.0
0.6202020202020202,0.21774193548387094,0.17577636424194298,1.0
0.7424242424242424,0.6139112903225806,0.06194144048669936,1.0
0.7373737373737373,0.9274193548387096,0.30312036353388105,1.0
0.2787878787878788,0.011088709677419355,0.3713644865037349,1.0
0.5727272727272728,0.40625,0.35334617471892993,1.0
0.796969696969697,0.28931451612903225,0.3274250537451582,0.0
0.6474747474747475,0.8598790322580645,0.2685650799713981,1.0
0.7,0.10181451612903225,0.778476781858709,0.0
