X1,X2,X3,X4,X5,X6,X7,X8,X9,X10,X11,X12,X13,X14,class
1.0,0.412331,0.1442855,0.5,0.9230769999999999,0.875,0.245614,1.0,1.0,0.11940299999999998,0.0,0.5,0.15999999999999998,0.0,0.0
0.0,0.22300750000000003,0.1339285,0.5,0.5384615,0.375,0.008772000000000002,0.0,1.0,0.01492549999999998,1.0,0.5,0.020000000000000018,0.0015399999999999858,1.0
1.0,0.26797000000000004,0.142857,0.5,1.0,0.375,0.1754385,1.0,1.0,0.04477599999999998,1.0,0.5,0.14500000000000002,0.022789999999999977,0.0
0.0,0.0627065,0.01928550000000001,0.5,0.5384615,0.375,0.0614035,0.0,1.0,0.01492549999999998,1.0,0.5,0.03999999999999998,4.999999999999449e-05,1.0
1.0,0.1729325,0.03571449999999998,0.5,0.3846155,0.375,0.017544000000000004,0.0,0.0,0.0,0.0,0.5,0.09999999999999998,0.0,1.0
1.0,0.35594000000000003,0.072857,0.5,0.6153845,0.375,0.001403500000000002,1.0,0.0,0.0,1.0,0.5,0.2,0.057999999999999996,0.0
0.0,0.595188,0.005892999999999982,0.5,0.0,0.0,0.0,0.0,0.0,0.0,1.0,0.0,0.031000000000000028,0.00026999999999999247,1.0
0.0,0.038797000000000026,0.007500000000000007,0.5,0.3846155,0.375,0.004386000000000001,0.0,0.0,0.0,0.0,0.5,0.09999999999999998,1.0000000000010001e-05,1.0
1.0,0.29203,0.11303550000000001,0.0,1.0,0.375,0.1110525,1.0,1.0,0.04477599999999998,1.0,0.5,0.19,0.0,0.0
1.0,0.393534,0.1785715,0.5,0.15384599999999998,0.5,0.0073685,0.0,0.0,0.0,0.0,0.5,0.275,0.0,1.0
1.0,0.736842,0.25,0.5,0.6923075,1.0,0.0,0.0,0.0,0.0,0.0,0.5,0.0,0.00012000000000000899,1.0
1.0,0.2593985,0.07446449999999999,0.5,0.5384615,0.375,0.002982499999999999,0.0,0.0,0.0,0.0,0.5,0.15000000000000002,0.0,1.0
1.0,0.42481199999999997,0.007321499999999981,0.5,0.15384599999999998,0.875,0.1798245,1.0,0.0,0.0,0.0,0.5,0.2,0.0,0.0
0.0,0.2769925,0.052142999999999995,0.5,0.6153845,0.375,0.03806999999999999,1.0,1.0,0.23880600000000002,0.0,0.5,0.06,0.020789999999999975,0.0
1.0,0.4184965,0.0625,0.5,0.230769,0.375,0.0073685,1.0,0.0,0.0,0.0,0.5,0.08000000000000002,0.0,1.0
1.0,0.5162405,0.21571449999999998,0.5,0.230769,0.375,0.001403500000000002,0.0,0.0,0.0,0.0,0.5,0.0,0.02689999999999998,0.0
0.0,0.6717295,0.75,0.5,0.15384599999999998,0.5,0.350877,1.0,1.0,0.19402999999999998,0.0,0.5,0.0,0.067,0.0
0.0,0.756842,0.005892999999999982,0.5,0.0,0.0,0.0,1.0,1.0,0.01492549999999998,0.0,0.5,0.11599999999999999,0.0010000000000000009,0.0
1.0,0.07398500000000002,0.1785715,0.5,0.769231,0.375,0.013158000000000003,1.0,1.0,0.029850500000000002,0.0,0.5,0.0,0.00037999999999999146,1.0
1.0,0.142857,0.03571449999999998,0.5,0.5384615,0.375,0.029298500000000005,1.0,0.0,0.0,0.0,0.0,0.15000000000000002,0.0,0.0
0.0,0.530075,0.053571499999999994,0.5,0.30769250000000004,0.25,0.0,1.0,0.0,0.0,1.0,0.5,0.04999999999999999,0.00026999999999999247,1.0
1.0,0.4673685,0.25,0.0,0.5384615,0.375,0.0570175,0.0,0.0,0.0,0.0,0.5,0.08000000000000002,2.0000000000020002e-05,1.0
1.0,0.3834585,0.3392855,0.5,0.4615385,0.375,0.22807,1.0,1.0,0.208955,0.0,0.5,0.12,0.04607,0.0
0.0,0.244361,0.1889285,0.5,0.6923075,0.125,0.0789475,1.0,1.0,0.074627,1.0,0.5,0.04949999999999999,0.0050000000000000044,0.0
1.0,0.121504,0.05499999999999999,0.5,0.230769,0.375,0.002982499999999999,0.0,0.0,0.0,1.0,0.5,0.178,0.0,1.0
1.0,0.1403005,0.4107145,0.5,0.6153845,0.875,0.0745615,1.0,1.0,0.16417900000000002,1.0,0.5,0.14500000000000002,0.002840000000000009,0.0
1.0,0.13654149999999998,0.10714299999999999,0.5,0.4615385,0.375,0.045263,1.0,1.0,0.01492549999999998,0.0,0.5,0.13,0.008000000000000007,0.0
0.0,0.106466,0.3035715,0.5,0.5384615,0.375,0.005789500000000003,0.0,0.0,0.0,0.0,0.5,0.0,0.003510000000000013,1.0
0.0,0.631579,0.252857,0.5,0.230769,0.875,0.236842,1.0,1.0,0.04477599999999998,1.0,0.5,0.04999999999999999,0.0005000000000000004,1.0
1.0,0.412331,0.04767850000000001,0.5,0.07692300000000002,0.375,0.005789500000000003,0.0,0.0,0.0,0.0,0.5,0.08400000000000002,0.0,1.0
1.0,0.37969949999999997,0.1785715,0.5,0.9230769999999999,0.375,0.122807,1.0,1.0,0.149254,1.0,0.5,0.0,0.0,0.0
1.0,0.09398499999999999,0.25,0.5,0.5384615,0.375,0.017544000000000004,0.0,0.0,0.0,0.0,0.5,0.0,0.0,1.0
1.0,0.142857,0.450893,0.5,0.5384615,0.375,0.004386000000000001,0.0,1.0,0.029850500000000002,0.0,0.5,0.0,0.055520000000000014,1.0
1.0,0.18676700000000002,0.4464285,0.0,0.230769,0.875,0.043859499999999996,0.0,0.0,0.0,1.0,0.5,0.0,0.00017000000000000348,1.0
1.0,0.68797,0.09821449999999998,0.5,0.6153845,0.375,0.0614035,1.0,1.0,0.074627,1.0,0.5,0.030000000000000027,0.0005800000000000249,0.0
1.0,0.14541349999999997,0.03571449999999998,0.5,0.5384615,0.375,0.017544000000000004,0.0,0.0,0.0,1.0,0.0,0.14,0.0,1.0
1.0,0.0965415,0.200893,0.5,0.6153845,0.375,0.06,1.0,0.0,0.0,0.0,0.0,0.06,0.0,0.0
1.0,0.142857,0.142857,0.5,0.5384615,0.5,0.008772000000000002,1.0,0.0,0.0,1.0,0.5,0.08000000000000002,0.0,0.0
0.0,0.1754885,0.040178500000000006,0.5,0.769231,0.375,0.045263,1.0,1.0,0.029850500000000002,0.0,0.5,0.09999999999999998,0.0,1.0
1.0,0.31954899999999997,0.12053550000000002,0.5,0.5384615,0.875,0.290877,0.0,0.0,0.0,1.0,0.5,0.0,0.0,1.0
0.0,0.1741355,0.07446449999999999,0.5,0.5384615,0.875,0.096491,1.0,0.0,0.0,1.0,0.5,0.18,1.0000000000010001e-05,1.0
0.0,0.07518799999999998,0.267857,0.5,0.769231,0.375,0.09508749999999999,1.0,1.0,0.074627,0.0,0.5,0.09200000000000003,0.26726,0.0
1.0,0.14661649999999998,0.11303550000000001,0.0,0.230769,0.375,0.014561500000000005,0.0,1.0,0.01492549999999998,1.0,0.5,0.14,0.0008000000000000229,1.0
0.0,0.482406,0.375,0.5,0.769231,0.375,0.1754385,1.0,1.0,0.1044775,1.0,0.5,0.0,0.0,0.0
0.0,0.0815035,0.30660699999999996,0.5,0.9230769999999999,0.875,0.026316000000000006,1.0,1.0,0.1044775,0.0,0.5,0.04799999999999999,0.0,0.0
1.0,0.33834600000000004,0.1785715,0.5,0.5384615,0.5,0.0877195,1.0,1.0,0.08955200000000002,0.0,0.5,0.0,0.0036700000000000066,0.0
1.0,0.1478195,0.0639285,0.5,0.5384615,0.375,0.018947500000000006,0.0,0.0,0.0,1.0,0.5,0.068,1.0000000000010001e-05,1.0
0.0,0.273233,0.11160700000000001,0.5,0.0,0.0,0.1066665,0.0,1.0,0.029850500000000002,1.0,0.5,0.09999999999999998,3.999999999998449e-05,1.0
1.0,0.06646600000000003,0.08785700000000002,0.5,0.5384615,0.75,0.03368399999999999,0.0,1.0,0.029850500000000002,1.0,0.5,0.08000000000000002,0.005869999999999986,1.0
1.0,0.2981955,0.09821449999999998,0.5,0.4615385,0.375,0.149123,1.0,1.0,0.08955200000000002,0.0,0.5,0.10199999999999998,0.0,0.0
1.0,0.14406000000000002,0.4151785,0.0,0.6153845,0.375,0.029298500000000005,1.0,0.0,0.0,1.0,0.5,0.08000000000000002,0.0030000000000000027,0.0
1.0,0.3082705,0.0625,0.5,0.6153845,0.5,0.008772000000000002,1.0,0.0,0.0,1.0,0.5,0.08150000000000002,0.0,1.0
1.0,0.2793985,0.267857,0.5,0.6923075,0.5,0.055614,1.0,0.0,0.0,1.0,0.0,0.21000000000000002,0.0,1.0
1.0,0.07639099999999999,0.014821499999999987,0.0,0.5384615,0.375,0.005789500000000003,0.0,1.0,0.01492549999999998,0.0,0.5,0.09999999999999998,1.0000000000010001e-05,1.0
1.0,0.342105,0.15178550000000002,0.5,0.769231,0.375,0.122807,0.0,0.0,0.0,0.0,0.5,0.22699999999999998,0.0005000000000000004,1.0
1.0,0.12661650000000002,0.08035700000000001,0.5,0.15384599999999998,0.375,0.004386000000000001,0.0,0.0,0.0,0.0,0.5,0.08000000000000002,9.999999999998899e-05,1.0
1.0,0.263158,0.10125,0.5,0.0,0.0,0.0,0.0,1.0,0.074627,0.0,0.5,0.08800000000000002,0.0014600000000000168,1.0
1.0,0.23939850000000001,0.05053550000000001,0.5,0.6153845,0.875,0.026316000000000006,1.0,1.0,0.01492549999999998,0.0,0.5,0.12,0.0010000000000000009,0.0
0.0,0.24060150000000002,0.023749999999999993,0.5,0.6153845,0.375,0.008772000000000002,0.0,0.0,0.0,1.0,0.5,0.15000000000000002,0.0,1.0
0.0,0.1590975,0.08928550000000002,0.0,0.15384599999999998,0.5,0.1578945,0.0,0.0,0.0,0.0,0.5,0.09999999999999998,0.0045600000000000085,1.0
1.0,0.3070675,0.1875,0.5,0.6153845,0.375,0.002982499999999999,0.0,0.0,0.0,1.0,0.5,0.14500000000000002,6.0000000000004494e-05,0.0
1.0,0.6353385,0.4464285,0.5,0.230769,0.875,0.2807015,1.0,0.0,0.0,1.0,0.5,0.01200000000000001,0.02028000000000002,0.0
1.0,0.29203,0.03571449999999998,0.5,1.0,0.375,0.026316000000000006,1.0,1.0,0.1044775,1.0,0.5,0.16999999999999998,0.040710000000000024,0.0
1.0,0.12406,0.028214499999999976,0.5,0.6153845,0.375,0.010175500000000004,0.0,1.0,0.01492549999999998,0.0,0.5,0.21000000000000002,0.002829999999999999,1.0
1.0,0.038797000000000026,0.145893,0.5,0.15384599999999998,0.875,0.014561500000000005,0.0,0.0,0.0,1.0,0.5,0.06,0.0,1.0
1.0,0.3282705,0.026785500000000018,0.5,0.230769,0.375,0.0526315,0.0,0.0,0.0,1.0,0.5,0.11549999999999999,0.0,1.0
1.0,0.125263,0.40928549999999997,0.5,0.230769,0.375,0.055614,0.0,0.0,0.0,1.0,0.5,0.04999999999999999,0.01212000000000002,1.0
0.0,0.137895,0.41375,0.5,0.9230769999999999,0.375,0.001403500000000002,1.0,0.0,0.0,0.0,0.5,0.03999999999999998,0.013490000000000002,0.0
0.0,0.3169925,0.04464299999999999,0.0,0.15384599999999998,0.875,0.017544000000000004,0.0,0.0,0.0,1.0,0.5,0.08000000000000002,0.0,1.0
1.0,0.5237595,0.232143,0.5,0.769231,0.875,0.2105265,1.0,0.0,0.0,1.0,0.5,0.175,0.0,0.0
1.0,0.141654,0.3973215,0.5,1.0,0.875,0.016140500000000002,1.0,1.0,0.01492549999999998,0.0,0.5,0.04999999999999999,0.0,0.0
0.0,0.105263,0.36910699999999996,0.5,0.9230769999999999,0.875,0.011754500000000001,1.0,1.0,0.01492549999999998,1.0,0.5,0.03999999999999998,0.0005000000000000004,0.0
1.0,0.469925,0.3035715,0.5,0.9230769999999999,0.875,0.491228,1.0,1.0,0.01492549999999998,1.0,0.5,0.043999999999999984,0.020000000000000018,0.0
0.0,0.087669,0.023749999999999993,0.5,0.6153845,0.375,0.058421,0.0,0.0,0.0,0.0,0.5,0.10999999999999999,4.999999999999449e-05,1.0
1.0,0.24180449999999998,0.072857,0.0,1.0,0.875,0.001403500000000002,0.0,0.0,0.0,0.0,0.5,0.064,1.0000000000010001e-05,1.0
1.0,0.12902249999999998,0.392857,0.5,0.6153845,0.375,0.0701755,1.0,1.0,0.01492549999999998,0.0,0.5,0.03999999999999998,0.0027800000000000047,0.0
1.0,0.16285699999999997,0.4464285,0.5,0.6153845,0.375,0.030702000000000007,1.0,0.0,0.0,1.0,0.5,0.13,0.0,1.0
0.0,0.04135349999999999,0.04464299999999999,0.5,0.769231,0.375,0.008772000000000002,0.0,1.0,0.01492549999999998,0.0,0.5,0.05399999999999999,0.0009799999999999809,1.0
1.0,0.454887,0.0714285,0.5,0.4615385,0.375,0.0614035,1.0,1.0,0.029850500000000002,1.0,0.5,0.0,0.00014999999999998348,0.0
1.0,0.1754885,0.01928550000000001,0.5,0.6153845,0.375,0.005789500000000003,0.0,1.0,0.01492549999999998,0.0,0.5,0.136,0.0044399999999999995,1.0
0.0,0.142857,0.2098215,0.5,0.769231,0.375,0.111228,1.0,1.0,0.149254,0.0,0.5,0.06,0.0024500000000000077,0.0
0.0,0.5777445,0.0,0.0,0.0,0.0,0.0,0.0,0.0,0.0,0.0,0.5,0.0,0.0,1.0
1.0,0.31954899999999997,0.08928550000000002,0.5,0.15384599999999998,0.375,0.035087499999999994,0.0,0.0,0.0,1.0,0.5,0.10499999999999998,0.0,1.0
1.0,0.17924800000000002,0.010357000000000005,0.0,0.5384615,0.375,0.0526315,0.0,0.0,0.0,1.0,0.5,0.08000000000000002,0.0,1.0
0.0,0.16165400000000002,0.0625,0.0,0.5384615,0.375,0.005789500000000003,0.0,0.0,0.0,0.0,0.5,0.066,0.0,1.0
1.0,0.13413550000000002,0.375,0.5,0.769231,0.875,0.046841999999999995,1.0,0.0,0.0,0.0,0.5,0.04999999999999999,0.0,0.0
1.0,0.16917300000000002,0.4017855,0.5,0.5384615,0.375,0.0877195,1.0,1.0,0.2537315,0.0,0.5,0.09999999999999998,0.01207999999999998,0.0
1.0,0.4097745,0.0014284999999999992,0.5,0.6923075,0.375,0.001403500000000002,0.0,1.0,0.01492549999999998,0.0,0.0,0.28,0.0,0.0
1.0,0.26947350000000003,0.029642999999999975,0.5,1.0,0.375,0.046841999999999995,1.0,1.0,0.11940299999999998,1.0,0.5,0.15150000000000002,0.032899999999999985,0.0
1.0,0.12781949999999997,0.3214285,0.5,0.3846155,0.375,0.002982499999999999,0.0,0.0,0.0,0.0,0.5,0.0,0.0,1.0
0.0,0.3258645,0.4285715,0.5,0.769231,0.875,0.491228,1.0,1.0,0.11940299999999998,0.0,0.5,0.0,0.06590000000000001,0.0
1.0,0.13533849999999997,0.4107145,0.5,0.15384599999999998,0.375,0.014561500000000005,0.0,0.0,0.0,0.0,0.5,0.0,0.0,1.0
0.0,0.16165400000000002,0.455357,0.5,0.5384615,0.5,0.1666665,1.0,1.0,0.029850500000000002,0.0,0.5,0.03649999999999998,0.0044399999999999995,0.0
0.0,0.38090250000000003,0.142857,0.5,0.5384615,0.375,0.105263,0.0,0.0,0.0,0.0,0.5,0.24,0.0,1.0
0.0,0.139098,0.419643,0.5,1.0,0.875,0.017544000000000004,1.0,1.0,0.029850500000000002,1.0,0.5,0.15000000000000002,0.005510000000000015,0.0
1.0,0.113985,0.267857,0.5,0.3846155,0.375,0.049649,1.0,1.0,0.01492549999999998,0.0,0.5,0.03999999999999998,0.09799999999999998,0.0
1.0,0.5815035,0.053571499999999994,0.5,0.07692300000000002,0.375,0.131579,0.0,0.0,0.0,1.0,0.5,0.0,0.003500000000000003,1.0
1.0,0.4273685,0.18,0.5,0.769231,0.875,0.4473685,1.0,0.0,0.0,1.0,0.5,0.045999999999999985,0.0,0.0
0.0,0.03127799999999997,0.2723215,0.5,0.769231,0.375,0.004386000000000001,0.0,1.0,0.01492549999999998,1.0,0.5,0.0,0.0015999999999999903,1.0
1.0,0.13413550000000002,0.005892999999999982,0.5,0.5384615,0.25,0.0789475,0.0,0.0,0.0,1.0,0.0,0.0,0.0,0.0
0.0,0.506316,0.2857145,0.5,0.6923075,0.5,0.22807,1.0,1.0,0.08955200000000002,0.0,0.5,0.1875,0.511,0.0
0.0,0.263158,0.1339285,0.5,0.9230769999999999,0.875,0.021930000000000005,1.0,1.0,0.13432850000000002,1.0,0.5,0.09050000000000002,0.0,0.0
1.0,0.05007499999999998,0.0030355000000000243,0.0,0.5384615,0.375,0.001403500000000002,0.0,0.0,0.0,0.0,0.5,0.07,0.007220000000000004,1.0
1.0,0.10150399999999998,0.357143,0.0,0.5384615,0.375,0.0877195,1.0,0.0,0.0,0.0,0.0,0.020000000000000018,0.0,0.0
1.0,0.254436,0.08928550000000002,0.5,0.9230769999999999,0.875,0.0789475,0.0,0.0,0.0,1.0,0.0,0.16999999999999998,0.0,1.0
1.0,0.24180449999999998,0.04464299999999999,0.0,0.230769,0.375,0.008772000000000002,0.0,0.0,0.0,0.0,0.5,0.11199999999999999,0.0,1.0
1.0,0.17172949999999998,0.21428550000000002,0.5,0.5384615,0.375,0.035087499999999994,1.0,1.0,0.04477599999999998,0.0,0.5,0.0,0.0,0.0
1.0,0.11157899999999998,0.0,0.5,0.5384615,0.375,0.017544000000000004,0.0,0.0,0.0,1.0,0.0,0.0,0.0,1.0
0.0,0.2206015,0.125,0.5,0.6153845,0.375,0.029298500000000005,1.0,0.0,0.0,0.0,0.0,0.14,0.0,0.0
1.0,0.11909799999999998,0.041607000000000005,0.0,0.230769,0.375,0.0877195,1.0,1.0,0.01492549999999998,0.0,0.5,0.09000000000000002,0.00019999999999997797,1.0
1.0,0.07639099999999999,0.1264285,0.0,0.0,0.0,0.0,0.0,0.0,0.0,1.0,0.5,0.09000000000000002,1.0000000000010001e-05,1.0
0.0,0.12781949999999997,0.04464299999999999,0.0,0.0,0.0,0.114035,0.0,0.0,0.0,0.0,0.5,0.14,0.0,1.0
0.0,0.22300750000000003,0.059464499999999976,0.5,0.769231,0.375,0.084737,1.0,0.0,0.0,1.0,0.5,0.21999999999999997,0.0,1.0
0.0,0.130376,0.2023215,0.5,0.769231,0.375,0.090702,1.0,1.0,0.1044775,0.0,0.5,0.0645,0.03256999999999999,0.0
1.0,0.13413550000000002,0.026785500000000018,0.5,0.15384599999999998,0.375,0.055614,0.0,1.0,0.01492549999999998,1.0,0.5,0.2,8.999999999997899e-05,1.0
1.0,0.14406000000000002,0.053571499999999994,0.5,0.5384615,0.875,0.049649,1.0,0.0,0.0,0.0,0.5,0.21100000000000002,0.0020000000000000018,0.0
1.0,0.10405999999999999,0.1889285,0.5,0.769231,0.375,0.013158000000000003,1.0,1.0,0.01492549999999998,0.0,0.5,0.08000000000000002,0.0,1.0
0.0,0.4097745,0.072857,0.0,0.769231,0.875,0.004386000000000001,1.0,1.0,0.34328349999999996,1.0,0.5,0.22749999999999998,0.012359999999999982,0.0
1.0,0.10405999999999999,0.04464299999999999,0.0,0.5384615,0.875,0.0482455,1.0,1.0,0.04477599999999998,1.0,0.5,0.07,0.0020999999999999908,1.0
1.0,0.3846615,0.2098215,0.5,0.9230769999999999,0.875,0.350877,1.0,1.0,0.208955,1.0,0.5,0.1995,0.0,0.0
1.0,0.2857145,0.053571499999999994,0.5,0.9230769999999999,0.875,0.1929825,1.0,1.0,0.04477599999999998,1.0,0.5,0.0,0.0,0.0
1.0,0.21428550000000002,0.10714299999999999,0.5,0.6153845,0.375,0.026316000000000006,0.0,0.0,0.0,1.0,0.5,0.15000000000000002,0.0006700000000000039,1.0
1.0,0.0702255,0.37196450000000003,0.0,0.3846155,0.375,0.004386000000000001,1.0,0.0,0.0,0.0,0.5,0.06,0.0037499999999999756,1.0
1.0,0.3145865,0.03857149999999998,0.5,0.4615385,0.375,0.040877,0.0,0.0,0.0,0.0,0.0,0.014000000000000012,0.0,1.0
1.0,0.60406,0.34375,0.5,0.6923075,0.375,0.304035,1.0,1.0,0.074627,0.0,0.5,0.0,0.0,0.0
0.0,0.04766900000000002,0.017857000000000012,0.5,0.15384599999999998,0.375,0.005789500000000003,0.0,1.0,0.08955200000000002,1.0,0.5,0.12,0.00035000000000001696,1.0
1.0,0.38225549999999997,0.0610715,0.5,1.0,0.375,0.004386000000000001,1.0,1.0,0.074627,1.0,0.5,0.24,0.0,0.0
0.0,0.1666165,0.16071449999999998,0.5,0.6153845,0.375,0.035087499999999994,0.0,0.0,0.0,1.0,0.5,0.18,6.0000000000004494e-05,1.0
1.0,0.04135349999999999,0.004464499999999982,0.5,0.5384615,0.375,0.005789500000000003,0.0,0.0,0.0,0.0,0.5,0.066,0.0,1.0
1.0,0.5827065,0.232143,0.5,0.230769,0.375,0.2207015,1.0,1.0,0.22388049999999998,0.0,0.5,0.0,0.11202000000000001,0.0
0.0,0.670376,0.357143,0.5,0.769231,0.375,0.140351,1.0,1.0,0.208955,0.0,0.5,0.0,0.01601999999999998,0.0
0.0,0.659098,0.0714285,0.5,0.0,0.0,0.22807,0.0,1.0,0.01492549999999998,0.0,0.5,0.0,9.999999999998899e-05,1.0
1.0,0.414737,0.0,0.5,0.5384615,0.5,0.526316,1.0,0.0,0.0,0.0,0.5,0.0,0.0,0.0
0.0,0.330827,0.0326785,0.5,0.3846155,0.375,0.026316000000000006,1.0,1.0,0.05970150000000002,0.0,0.5,0.0,0.01583000000000001,0.0
0.0,0.2030075,0.010357000000000005,0.5,0.4615385,0.875,0.004386000000000001,0.0,1.0,0.01492549999999998,1.0,0.5,0.136,0.0010800000000000254,1.0
1.0,0.7330825,0.455357,0.0,0.5384615,0.875,0.1754385,1.0,0.0,0.0,0.0,0.5,0.055999999999999994,0.0,1.0
0.0,0.17172949999999998,0.1026785,0.5,1.0,0.875,0.030702000000000007,1.0,0.0,0.0,0.0,0.5,0.18,0.0,0.0
0.0,0.3545865,0.08928550000000002,0.5,0.15384599999999998,0.875,0.0073685,0.0,0.0,0.0,0.0,0.5,0.13,0.0024600000000000177,1.0
1.0,0.28451099999999996,0.1964285,0.5,0.769231,0.875,0.1929825,1.0,1.0,0.1791045,1.0,0.5,0.20400000000000001,0.010000000000000009,0.0
1.0,0.1741355,0.020714500000000025,0.5,0.5384615,0.375,0.010175500000000004,1.0,1.0,0.1044775,1.0,0.5,0.04799999999999999,0.05124000000000001,0.0
1.0,0.3070675,0.09821449999999998,0.5,0.15384599999999998,0.5,0.0877195,0.0,0.0,0.0,1.0,0.5,0.11599999999999999,0.0020000000000000018,1.0
0.0,0.0777445,0.3214285,0.5,0.3846155,0.375,0.026316000000000006,1.0,1.0,0.029850500000000002,0.0,0.5,0.043999999999999984,0.005910000000000026,0.0
0.0,0.236842,0.03875000000000001,0.0,1.0,0.375,0.035087499999999994,0.0,0.0,0.0,0.0,0.5,0.14,0.000130000000000019,1.0
1.0,0.613985,0.33625,0.5,0.0,0.0,0.5057895,1.0,1.0,0.16417900000000002,1.0,0.5,0.015000000000000013,0.0030000000000000027,0.0
1.0,0.10030050000000001,0.06553550000000002,0.5,0.5384615,0.375,0.0789475,1.0,1.0,0.01492549999999998,0.0,0.5,0.04999999999999999,0.0015000000000000013,0.0
0.0,0.11022549999999998,0.1785715,0.0,0.0,0.0,0.0,0.0,0.0,0.0,0.0,0.5,0.0,0.0,1.0
1.0,0.1942855,0.09678550000000002,0.0,0.9230769999999999,0.375,0.1842105,1.0,1.0,0.01492549999999998,0.0,0.5,0.10549999999999998,0.0,0.0
1.0,0.0526315,0.10714299999999999,0.5,0.230769,0.375,0.001403500000000002,0.0,0.0,0.0,1.0,0.5,0.08000000000000002,0.00040000000000001146,1.0
1.0,0.6905265,0.05499999999999999,0.5,0.769231,0.375,0.004386000000000001,1.0,0.0,0.0,1.0,0.5,0.13,0.0,0.0
1.0,0.38225549999999997,0.05803550000000002,0.5,0.5384615,0.375,0.0526315,1.0,1.0,0.149254,0.0,0.5,0.09300000000000003,0.046999999999999986,0.0
1.0,0.264361,0.6964285,0.5,0.5384615,0.375,0.245614,1.0,1.0,0.23880600000000002,0.0,0.5,0.0,0.04999999999999999,0.0
0.0,0.06646600000000003,0.357143,0.0,0.769231,0.875,0.005789500000000003,0.0,0.0,0.0,0.0,0.5,0.16999999999999998,0.0,1.0
1.0,0.412331,0.04464299999999999,0.0,0.6153845,0.375,0.008772000000000002,0.0,0.0,0.0,0.0,0.5,0.0,0.0019500000000000073,1.0
1.0,0.09398499999999999,0.3944645,0.5,0.5384615,0.375,0.0701755,0.0,0.0,0.0,1.0,0.5,0.068,0.0,1.0
1.0,0.339549,0.135357,0.5,0.6153845,0.375,0.040877,1.0,0.0,0.0,1.0,0.5,0.09999999999999998,0.0,1.0
1.0,0.6566915,0.3035715,0.5,0.6923075,0.875,0.245614,1.0,1.0,0.04477599999999998,0.0,0.5,0.0,0.0,0.0
1.0,0.4034585,0.1175,0.5,0.4615385,0.375,0.122807,0.0,0.0,0.0,1.0,0.0,0.2,0.0,1.0
1.0,0.0890225,0.013392999999999988,0.5,0.769231,0.375,0.0701755,1.0,1.0,0.029850500000000002,1.0,0.5,0.03999999999999998,0.0,0.0
1.0,0.27819550000000004,0.5,0.0,0.0,0.0,0.0,0.0,1.0,0.029850500000000002,0.0,0.5,0.08000000000000002,1.0000000000010001e-05,1.0
0.0,0.03127799999999997,0.020892999999999995,0.5,0.5384615,0.875,0.0526315,1.0,1.0,0.029850500000000002,0.0,0.5,0.04999999999999999,0.0,0.0
0.0,0.105263,0.3660715,0.5,0.769231,0.375,0.024912500000000004,1.0,1.0,0.029850500000000002,1.0,0.5,0.024500000000000022,0.0,0.0
1.0,0.2093235,0.026785500000000018,0.5,0.769231,0.875,0.005789500000000003,0.0,0.0,0.0,1.0,0.5,0.10999999999999999,0.0025100000000000122,1.0
0.0,0.20421050000000002,0.059464499999999976,0.5,0.0,0.0,0.0,0.0,0.0,0.0,0.0,0.5,0.16999999999999998,1.0000000000010001e-05,1.0
0.0,0.0777445,0.330357,0.0,0.5384615,0.375,0.035087499999999994,1.0,1.0,0.05970150000000002,1.0,0.5,0.03999999999999998,0.0050000000000000044,0.0
1.0,0.238045,0.16071449999999998,0.5,0.6153845,0.375,0.263158,1.0,1.0,0.029850500000000002,1.0,0.5,0.16499999999999998,0.0,0.0
0.0,0.236842,0.0714285,0.0,0.6923075,0.875,0.0701755,0.0,0.0,0.0,0.0,0.5,0.128,0.00017000000000000348,1.0
1.0,0.1954885,0.16071449999999998,0.0,0.5384615,0.5,0.0877195,0.0,0.0,0.0,0.0,0.5,0.09999999999999998,0.0121,1.0
1.0,0.274436,0.0625,0.0,0.6923075,0.875,0.001403500000000002,1.0,0.0,0.0,1.0,0.5,0.1965,0.0,0.0
0.0,0.11909799999999998,0.4107145,0.0,0.30769250000000004,0.25,0.0,1.0,1.0,0.16417900000000002,1.0,0.5,0.0,0.0,0.0
1.0,0.24315799999999999,0.06553550000000002,0.5,0.5384615,0.875,0.1521055,1.0,0.0,0.0,0.0,0.5,0.13,0.0020000000000000018,0.0
1.0,0.137895,0.11303550000000001,0.0,0.5384615,0.375,0.005789500000000003,0.0,0.0,0.0,0.0,0.5,0.08000000000000002,0.010579999999999978,1.0
0.0,0.3733835,0.1785715,0.5,0.9230769999999999,0.375,0.473684,1.0,0.0,0.0,1.0,0.5,0.49,0.0,1.0
1.0,0.07263150000000002,0.3675,0.5,0.0,0.0,0.014561500000000005,0.0,0.0,0.0,0.0,0.5,0.03999999999999998,0.0,1.0
1.0,0.378496,0.0625,0.5,0.230769,0.375,0.017544000000000004,0.0,0.0,0.0,1.0,0.5,0.15000000000000002,2.0000000000020002e-05,1.0
1.0,0.23939850000000001,0.026785500000000018,0.0,0.5384615,0.375,0.001403500000000002,0.0,0.0,0.0,0.0,0.5,0.12,0.0,1.0
1.0,0.17037600000000003,0.0610715,0.5,1.0,0.375,0.058421,1.0,1.0,0.01492549999999998,1.0,0.5,0.1975,0.00019999999999997797,0.0
1.0,0.6177445,0.5535715,0.5,0.6923075,1.0,0.0,1.0,1.0,0.29850750000000004,0.0,0.5,0.07600000000000001,0.0013000000000000234,1.0
1.0,0.225564,0.041607000000000005,0.5,0.230769,0.375,0.017544000000000004,1.0,0.0,0.0,0.0,0.0,0.14,0.0,1.0
1.0,0.131579,0.004464499999999982,0.0,0.230769,0.375,0.004386000000000001,0.0,0.0,0.0,0.0,0.5,0.09999999999999998,0.0006999999999999784,1.0
1.0,0.1942855,0.520893,0.5,0.15384599999999998,0.5,0.0,0.0,0.0,0.0,1.0,0.5,0.08900000000000002,0.0,1.0
0.0,0.17037600000000003,0.09071449999999998,0.0,0.3846155,0.375,0.008772000000000002,1.0,0.0,0.0,1.0,0.5,0.185,0.0,0.0
1.0,0.2793985,0.125,0.5,0.230769,0.375,0.017544000000000004,0.0,0.0,0.0,1.0,0.5,0.11599999999999999,0.0,1.0
1.0,0.255639,0.05660700000000002,0.5,0.07692300000000002,0.375,0.020526500000000003,0.0,0.0,0.0,1.0,0.0,0.0,0.0,1.0
0.0,0.13654149999999998,0.08178550000000001,0.5,0.769231,0.875,0.080351,1.0,1.0,0.1044775,1.0,0.5,0.07,0.023839999999999972,0.0
1.0,0.388421,0.4969645,0.5,0.6153845,0.375,0.3026315,1.0,1.0,0.08955200000000002,1.0,0.5,0.034999999999999976,0.0,0.0
1.0,0.357143,0.0298215,0.5,0.6923075,0.375,0.001403500000000002,0.0,0.0,0.0,0.0,0.5,0.06,4.999999999999449e-05,1.0
0.0,0.838346,0.21428550000000002,0.5,0.0,0.0,0.0,0.0,0.0,0.0,0.0,0.0,0.0,0.0,1.0
0.0,0.0627065,0.364643,0.5,0.0,0.0,0.0,0.0,0.0,0.0,0.0,0.5,0.0,0.0005000000000000004,1.0
1.0,0.3221055,0.16071449999999998,0.5,1.0,0.875,0.2017545,0.0,0.0,0.0,1.0,0.0,0.35550000000000004,0.0,0.0
0.0,0.106466,0.10714299999999999,0.5,0.3846155,0.375,0.001403500000000002,1.0,0.0,0.0,0.0,0.5,0.04999999999999999,0.0,0.0
1.0,0.32330800000000004,0.11303550000000001,0.5,1.0,0.875,0.131579,1.0,0.0,0.0,1.0,0.5,0.33999999999999997,0.0,1.0
0.0,0.22180450000000002,0.10857149999999999,0.0,1.0,0.875,0.08912300000000001,1.0,1.0,0.01492549999999998,0.0,0.5,0.034999999999999976,0.0,0.0
1.0,0.137895,0.0060715000000000074,0.5,0.4615385,0.375,0.002982499999999999,0.0,0.0,0.0,0.0,0.0,0.0,0.0,1.0
0.0,0.122857,0.416607,0.5,0.230769,0.875,0.002982499999999999,0.0,0.0,0.0,0.0,0.5,0.15999999999999998,4.999999999999449e-05,1.0
1.0,0.14541349999999997,0.020892999999999995,0.5,0.5384615,0.875,0.002982499999999999,1.0,0.0,0.0,0.0,0.5,0.09000000000000002,0.0,1.0
1.0,0.11157899999999998,0.03125,0.0,0.5384615,0.875,0.008772000000000002,0.0,0.0,0.0,0.0,0.5,0.14,0.0020399999999999863,1.0
1.0,0.10150399999999998,0.08625,0.5,0.5384615,0.375,0.0701755,1.0,1.0,0.16417900000000002,1.0,0.5,0.09999999999999998,0.030000000000000027,0.0
0.0,0.5037595,0.026785500000000018,0.5,0.769231,0.875,0.096491,1.0,1.0,0.01492549999999998,0.0,0.5,0.16649999999999998,0.008919999999999983,0.0
1.0,0.12781949999999997,0.016428500000000013,0.5,0.230769,0.375,0.004386000000000001,0.0,0.0,0.0,1.0,0.5,0.14,0.0005499999999999949,1.0
1.0,0.6102255,0.2410715,0.5,0.5384615,0.875,0.0921055,1.0,1.0,0.16417900000000002,1.0,0.5,0.0,0.002840000000000009,0.0
1.0,0.26797000000000004,0.142857,0.0,0.15384599999999998,0.375,0.002982499999999999,0.0,0.0,0.0,1.0,0.5,0.20550000000000002,0.0,1.0
1.0,0.08526299999999998,0.2589285,0.5,0.4615385,0.375,0.001403500000000002,0.0,1.0,0.01492549999999998,0.0,0.5,0.04999999999999999,1.0000000000010001e-05,1.0
1.0,0.3545865,0.0951785,0.5,0.9230769999999999,0.375,0.005789500000000003,0.0,0.0,0.0,1.0,0.5,0.0,0.0050100000000000144,1.0
1.0,0.11654150000000002,0.4107145,0.5,0.15384599999999998,0.375,0.017544000000000004,1.0,0.0,0.0,1.0,0.5,0.04999999999999999,0.0006800000000000139,1.0
0.0,0.20556400000000002,0.517857,0.5,1.0,0.875,0.1082455,1.0,1.0,0.01492549999999998,0.0,0.5,0.06,0.00010999999999999899,0.0
1.0,0.0627065,0.007321499999999981,0.5,0.3846155,0.375,0.001403500000000002,0.0,0.0,0.0,0.0,0.5,0.14,0.007500000000000007,1.0
0.0,0.1478195,0.020892999999999995,0.0,0.0,0.0,0.004386000000000001,0.0,0.0,0.0,0.0,0.5,0.06,0.0008699999999999819,1.0
1.0,0.4410525,0.013392999999999988,0.0,0.5384615,0.375,0.013158000000000003,1.0,1.0,0.11940299999999998,1.0,0.5,0.15000000000000002,0.0016200000000000103,0.0
1.0,0.17924800000000002,0.1160715,0.5,0.5384615,0.875,0.080351,0.0,1.0,0.01492549999999998,1.0,0.5,0.20800000000000002,0.00020999999999998797,1.0
1.0,0.313233,0.0,0.5,0.5384615,0.375,0.0,0.0,0.0,0.0,0.0,1.0,0.09200000000000003,0.0,1.0
1.0,0.0965415,0.330357,0.5,0.5384615,0.375,0.058421,1.0,1.0,0.04477599999999998,1.0,0.5,0.020000000000000018,0.00028000000000000247,0.0
0.0,0.548872,0.0298215,0.5,0.3846155,0.375,0.017544000000000004,0.0,0.0,0.0,1.0,0.5,0.12,0.0011700000000000044,1.0
1.0,0.037594000000000016,0.0,0.0,0.3846155,0.375,0.008772000000000002,0.0,0.0,0.0,0.0,0.5,0.030000000000000027,0.0,1.0
1.0,0.19804500000000003,0.08035700000000001,0.5,0.15384599999999998,0.5,0.017544000000000004,0.0,0.0,0.0,1.0,0.5,0.32,0.03999999999999998,1.0
1.0,0.565113,0.357143,0.5,0.15384599999999998,0.5,0.0,1.0,1.0,0.16417900000000002,0.0,0.5,0.0,0.012490000000000001,0.0
1.0,0.021353500000000025,0.25,0.5,0.6923075,0.375,0.035087499999999994,0.0,0.0,0.0,0.0,0.5,0.3,0.0,1.0
1.0,0.095188,0.008928500000000006,0.5,0.769231,0.375,0.004386000000000001,0.0,0.0,0.0,0.0,0.5,0.09999999999999998,0.0,1.0
1.0,0.4598495,0.017857000000000012,0.5,0.15384599999999998,0.875,0.1754385,1.0,0.0,0.0,1.0,0.5,0.15999999999999998,0.0,0.0
1.0,0.26797000000000004,0.10714299999999999,0.0,0.15384599999999998,0.5,0.245614,0.0,0.0,0.0,0.0,0.5,0.0,1.0000000000010001e-05,1.0
0.0,0.16917300000000002,0.440357,0.5,0.9230769999999999,0.875,0.122807,1.0,1.0,0.08955200000000002,0.0,0.5,0.2,0.004579999999999973,0.0
1.0,0.1766915,0.013392999999999988,0.5,0.4615385,0.375,0.008772000000000002,1.0,1.0,0.04477599999999998,0.0,0.5,0.13,0.15108,0.0
1.0,0.2105265,0.020892999999999995,0.0,0.9230769999999999,0.375,0.008772000000000002,1.0,1.0,0.029850500000000002,0.0,0.5,0.13,0.0050000000000000044,0.0
1.0,0.3458645,0.004464499999999982,0.0,0.5384615,0.375,0.0526315,0.0,0.0,0.0,1.0,0.5,0.11599999999999999,0.0011300000000000199,0.0
0.0,0.1729325,0.482143,0.0,0.0,0.0,0.0701755,0.0,1.0,0.01492549999999998,1.0,0.5,0.09999999999999998,1.0000000000010001e-05,1.0
0.0,0.06766899999999998,0.357143,0.5,0.6153845,0.375,0.035087499999999994,0.0,1.0,0.01492549999999998,0.0,0.5,0.06,1.0000000000010001e-05,1.0
1.0,0.398496,0.767857,0.5,0.6923075,1.0,0.7017545000000001,1.0,1.0,0.16417900000000002,0.0,0.5,0.0,0.01200000000000001,0.0
1.0,0.3057145,0.0028569999999999984,0.0,0.4615385,0.5,0.001403500000000002,1.0,1.0,0.01492549999999998,1.0,0.5,0.14,0.020000000000000018,0.0
0.0,0.29323299999999997,0.10714299999999999,0.0,0.3846155,0.375,0.0701755,0.0,0.0,0.0,0.0,0.5,0.09000000000000002,0.0,1.0
1.0,0.09398499999999999,0.0,0.5,0.07692300000000002,0.375,0.017544000000000004,0.0,0.0,0.0,0.0,0.5,0.07200000000000001,0.0,1.0
1.0,0.526316,0.3035715,0.5,0.5384615,0.875,0.4385965,1.0,1.0,0.13432850000000002,0.0,0.5,0.09050000000000002,0.01655000000000001,0.0
1.0,0.0789475,0.0625,0.0,0.5384615,0.375,0.08193,0.0,0.0,0.0,1.0,0.5,0.055999999999999994,6.0000000000004494e-05,1.0
1.0,0.472481,0.053571499999999994,0.5,0.5384615,0.375,0.0877195,1.0,0.0,0.0,1.0,0.5,0.07,0.0,1.0
1.0,0.330827,0.08625,0.5,0.6153845,0.375,0.004386000000000001,0.0,1.0,0.029850500000000002,0.0,0.5,0.10999999999999999,1.0000000000010001e-05,1.0
1.0,0.22436099999999998,0.333393,0.5,0.769231,0.875,0.198772,1.0,1.0,0.08955200000000002,0.0,0.5,0.1905,0.0016800000000000148,0.0
0.0,0.3996995,0.2901785,0.0,0.230769,0.375,0.005789500000000003,0.0,1.0,0.029850500000000002,0.0,0.5,0.09200000000000003,0.00018000000000001348,1.0
1.0,0.3045115,0.16071449999999998,0.5,0.3846155,0.375,0.035087499999999994,1.0,0.0,0.0,1.0,0.5,0.12,0.0,1.0
1.0,0.26797000000000004,0.1785715,0.0,0.3846155,0.375,0.2982455,1.0,0.0,0.0,0.0,0.5,0.0,0.0,1.0
0.0,0.061353500000000005,0.392857,0.5,1.0,0.875,0.035087499999999994,1.0,1.0,0.16417900000000002,0.0,0.5,0.0,0.030000000000000027,0.0
0.0,0.13413550000000002,0.011964499999999989,0.5,0.769231,0.375,0.026316000000000006,0.0,0.0,0.0,0.0,0.0,0.08000000000000002,0.0,1.0
1.0,0.21172950000000001,0.03571449999999998,0.0,0.07692300000000002,0.875,0.105263,0.0,0.0,0.0,0.0,0.5,0.08800000000000002,0.005369999999999986,1.0
1.0,0.218045,0.18303550000000002,0.5,1.0,0.375,0.1666665,1.0,1.0,0.029850500000000002,0.0,0.5,0.21000000000000002,7.00000000000145e-05,0.0
1.0,0.16917300000000002,0.4464285,0.5,0.3846155,0.375,0.105263,1.0,0.0,0.0,1.0,0.0,0.010000000000000009,0.0,0.0
0.0,0.48616550000000003,0.10714299999999999,0.5,0.5384615,0.375,0.0833335,1.0,1.0,0.11940299999999998,1.0,0.5,0.198,0.041590000000000016,0.0
1.0,0.299549,0.04464299999999999,0.5,0.6153845,0.375,0.040877,0.0,0.0,0.0,0.0,0.5,0.06,0.0,1.0
1.0,0.07263150000000002,0.2039285,0.5,0.07692300000000002,0.375,0.018947500000000006,0.0,0.0,0.0,0.0,0.5,0.06,0.0,1.0
0.0,0.112782,0.083393,0.5,0.15384599999999998,0.5,0.017544000000000004,1.0,1.0,0.05970150000000002,0.0,0.0,0.03999999999999998,0.0,0.0
1.0,0.3221055,0.8973215,0.5,1.0,0.875,0.0570175,1.0,1.0,0.01492549999999998,1.0,0.5,0.2575,0.0050000000000000044,0.0
0.0,0.3433085,0.010357000000000005,0.5,0.0,0.0,0.0,0.0,1.0,0.149254,0.0,0.5,0.09999999999999998,0.00018000000000001348,1.0
1.0,0.6466165,0.4375,0.5,0.4615385,0.375,0.043859499999999996,1.0,1.0,0.05970150000000002,1.0,0.5,0.09999999999999998,0.0,0.0
1.0,0.5049625,0.232143,0.5,0.5384615,0.375,0.035087499999999994,0.0,0.0,0.0,1.0,0.5,0.0,0.0022800000000000042,1.0
1.0,0.11654150000000002,0.3482145,0.5,0.5384615,0.375,0.008772000000000002,1.0,0.0,0.0,0.0,0.5,0.07,0.0,1.0
0.0,0.299549,0.013392999999999988,0.5,0.9230769999999999,0.375,0.013158000000000003,0.0,0.0,0.0,0.0,0.5,0.15000000000000002,0.00043999999999999595,0.0
1.0,0.1942855,0.0625,0.0,0.5384615,0.375,0.035087499999999994,1.0,1.0,0.074627,1.0,0.5,0.08000000000000002,0.05776999999999999,0.0
0.0,0.12030099999999999,0.419643,0.5,0.5384615,0.375,0.008772000000000002,0.0,0.0,0.0,1.0,0.5,0.09000000000000002,0.0,1.0
0.0,0.5827065,0.25,0.5,0.3846155,0.875,0.105263,0.0,0.0,0.0,0.0,0.5,0.0,0.0,1.0
1.0,0.37097749999999996,0.025178499999999993,0.5,0.5384615,0.375,0.013158000000000003,0.0,1.0,0.029850500000000002,0.0,0.5,0.11249999999999999,0.0050000000000000044,1.0
0.0,0.10150399999999998,0.4226785,0.5,0.5384615,0.875,0.2105265,1.0,0.0,0.0,0.0,0.5,0.16999999999999998,0.0,0.0
1.0,0.141654,0.0,0.5,0.5384615,0.375,0.0,0.0,0.0,0.0,0.0,1.0,0.09200000000000003,0.0,0.0
1.0,0.21172950000000001,0.05499999999999999,0.5,0.6153845,0.375,0.131579,1.0,1.0,0.074627,1.0,0.5,0.04999999999999999,2.999999999997449e-05,0.0
1.0,0.4210525,0.034285500000000024,0.5,1.0,0.375,0.0877195,1.0,0.0,0.0,0.0,0.5,0.255,0.006000000000000005,0.0
1.0,0.12661650000000002,0.4330355,0.5,0.5384615,0.375,0.1170175,0.0,1.0,0.029850500000000002,1.0,0.5,0.09000000000000002,0.0017300000000000093,1.0
1.0,0.1553385,0.03125,0.5,0.4615385,0.375,0.002982499999999999,0.0,1.0,0.05970150000000002,0.0,0.5,0.127,0.019500000000000017,1.0
1.0,0.17172949999999998,0.10714299999999999,0.5,0.5384615,0.375,0.043859499999999996,0.0,1.0,0.01492549999999998,0.0,0.5,0.0,0.00021999999999999797,1.0
1.0,0.387218,0.15178550000000002,0.5,0.5384615,0.5,0.22807,1.0,1.0,0.23880600000000002,0.0,0.5,0.058499999999999996,0.0121,0.0
0.0,0.511278,0.2857145,0.5,0.5384615,0.375,0.276316,1.0,1.0,0.08955200000000002,1.0,0.5,0.0,0.0126,0.0
1.0,0.2281205,0.013392999999999988,0.5,0.5384615,0.375,0.010175500000000004,0.0,0.0,0.0,0.0,0.5,0.10999999999999999,0.0014000000000000123,1.0
0.0,0.1553385,0.017857000000000012,0.5,0.769231,0.875,0.043859499999999996,1.0,1.0,0.01492549999999998,0.0,0.5,0.0,0.006780000000000008,0.0
0.0,0.16285699999999997,0.02392850000000002,0.5,0.3846155,0.875,0.0614035,1.0,0.0,0.0,0.0,0.5,0.2,0.0,1.0
1.0,0.113985,0.375,0.5,0.5384615,0.375,0.105263,1.0,0.0,0.0,1.0,0.5,0.0,0.0,0.0
0.0,0.0350375,0.011964499999999989,0.5,0.0,0.0,0.0,0.0,1.0,0.01492549999999998,0.0,0.5,0.08000000000000002,0.0012599999999999834,1.0
1.0,0.20556400000000002,0.4464285,0.5,0.3846155,0.5,0.008772000000000002,0.0,0.0,0.0,1.0,0.5,0.36,0.0,1.0
1.0,0.662857,0.2514285,0.5,0.4615385,0.375,0.491228,1.0,1.0,0.08955200000000002,1.0,0.5,0.18,0.013319999999999999,0.0
1.0,0.9473685000000001,0.7960715,0.5,0.6923075,1.0,0.4473685,1.0,1.0,0.01492549999999998,1.0,0.5,0.0,0.0010899999999999799,0.0
1.0,0.236842,0.020714500000000025,0.5,0.6153845,0.375,0.010175500000000004,0.0,1.0,0.01492549999999998,0.0,0.5,0.16999999999999998,0.02803,1.0
1.0,0.1954885,0.0714285,0.5,0.07692300000000002,0.375,0.026316000000000006,0.0,0.0,0.0,1.0,0.5,0.03999999999999998,0.0,1.0
0.0,0.10030050000000001,0.267857,0.5,0.230769,0.375,0.0526315,1.0,1.0,0.01492549999999998,0.0,0.5,0.08000000000000002,0.0023400000000000087,0.0
0.0,0.2793985,0.01928550000000001,0.5,0.9230769999999999,0.375,0.001403500000000002,1.0,0.0,0.0,0.0,0.5,0.21999999999999997,0.11176999999999998,0.0
1.0,0.18165399999999998,0.458393,0.5,0.9230769999999999,0.375,0.017544000000000004,0.0,0.0,0.0,0.0,0.5,0.0,2.0000000000020002e-05,1.0
1.0,0.18676700000000002,0.008928500000000006,0.5,0.15384599999999998,0.5,0.0,1.0,0.0,0.0,1.0,0.5,0.0,0.0,0.0
0.0,0.03263149999999998,0.1026785,0.5,0.769231,0.375,0.002982499999999999,0.0,0.0,0.0,0.0,0.5,0.06,0.0,1.0
1.0,0.8333835,0.3214285,0.5,0.0,0.0,0.140351,0.0,1.0,0.01492549999999998,0.0,0.5,0.034999999999999976,6.0000000000004494e-05,1.0
0.0,0.3458645,0.18303550000000002,0.5,0.6923075,0.375,0.1754385,1.0,0.0,0.0,1.0,0.5,0.0,0.03999999999999998,0.0
1.0,0.26947350000000003,0.5773215,0.5,0.07692300000000002,0.375,0.105263,1.0,1.0,0.13432850000000002,0.0,0.5,0.125,0.007299999999999973,0.0
1.0,0.367218,0.361607,0.5,1.0,0.375,0.0877195,1.0,1.0,0.08955200000000002,0.0,0.5,0.26,0.0019600000000000173,0.0
1.0,0.3521805,0.142857,0.5,0.5384615,0.5,0.1754385,1.0,0.0,0.0,1.0,0.0,0.14,0.0,1.0
0.0,0.651579,0.6964285,0.5,0.5384615,0.375,0.1929825,1.0,1.0,0.1044775,0.0,0.5,0.0,0.030000000000000027,0.0
1.0,0.27563899999999997,0.142857,0.5,0.4615385,0.375,0.0877195,1.0,0.0,0.0,1.0,0.5,0.18,0.0,0.0
0.0,0.378496,0.059464499999999976,0.5,0.3846155,0.375,0.008772000000000002,0.0,0.0,0.0,0.0,0.5,0.0,0.0039000000000000146,1.0
1.0,0.756842,0.7142855,0.5,1.0,0.875,0.614035,1.0,1.0,0.13432850000000002,1.0,0.5,0.0,0.010000000000000009,0.0
1.0,0.52,0.4285715,0.5,0.4615385,0.375,0.5614034999999999,1.0,0.0,0.0,0.0,0.0,0.05499999999999999,0.0,0.0
0.0,0.1778945,0.0,0.5,0.5384615,0.375,0.0,0.0,0.0,0.0,0.0,1.0,0.09200000000000003,0.0,0.0
0.0,0.1478195,0.4107145,0.0,0.230769,0.875,0.105263,0.0,0.0,0.0,1.0,0.5,0.010000000000000009,0.00015999999999999348,1.0
1.0,0.05007499999999998,0.008928500000000006,0.5,0.769231,0.375,0.011754500000000001,0.0,1.0,0.05970150000000002,0.0,0.5,0.08000000000000002,8.00000000000245e-05,1.0
1.0,0.2718795,0.0014284999999999992,0.0,0.4615385,0.375,0.001403500000000002,0.0,0.0,0.0,0.0,0.5,0.0,0.0,1.0
1.0,0.33714299999999997,0.6473215,0.5,0.6153845,0.375,0.002982499999999999,0.0,0.0,0.0,0.0,0.5,0.15999999999999998,0.035519999999999996,1.0
1.0,0.3446615,0.1576785,0.0,0.230769,0.375,0.008772000000000002,1.0,1.0,0.149254,1.0,0.5,0.15999999999999998,0.0,0.0
1.0,0.518797,0.895893,0.5,0.6153845,0.375,0.0614035,1.0,1.0,0.04477599999999998,0.0,0.5,0.06,0.00013999999999997348,0.0
1.0,0.122857,0.01928550000000001,0.0,1.0,0.375,0.001403500000000002,1.0,1.0,0.01492549999999998,1.0,0.5,0.42,0.0005899999999999794,0.0
0.0,0.40721799999999997,0.357143,0.5,0.769231,0.875,0.0614035,1.0,0.0,0.0,0.0,0.5,0.014500000000000013,0.008369999999999989,0.0
0.0,0.274436,0.21428550000000002,0.5,0.07692300000000002,0.375,0.043859499999999996,0.0,0.0,0.0,0.0,0.5,0.136,0.0,1.0
0.0,0.37594,0.053571499999999994,0.5,0.0,0.0,0.0,0.0,0.0,0.0,0.0,0.5,0.03799999999999998,0.0,1.0
1.0,0.1590975,0.236607,0.0,0.07692300000000002,0.375,0.1929825,1.0,0.0,0.0,1.0,0.0,0.04999999999999999,0.0,0.0
1.0,0.29203,0.03714299999999998,0.5,0.8461540000000001,0.875,0.22807,1.0,0.0,0.0,1.0,0.5,0.08200000000000002,0.31284999999999996,0.0
1.0,0.2469175,0.017857000000000012,0.5,0.5384615,0.375,0.0614035,1.0,1.0,0.16417900000000002,0.0,0.5,0.016000000000000014,0.005400000000000016,0.0
1.0,0.06511299999999998,0.1964285,0.5,0.230769,0.375,0.017544000000000004,1.0,0.0,0.0,0.0,0.5,0.03999999999999998,0.0,0.0
0.0,0.03383449999999999,0.005892999999999982,0.5,0.3846155,0.375,0.035087499999999994,0.0,1.0,0.029850500000000002,1.0,0.5,0.15999999999999998,1.0000000000010001e-05,1.0
0.0,0.24812050000000002,0.1964285,0.5,0.230769,0.375,0.1929825,0.0,0.0,0.0,1.0,0.0,0.04999999999999999,0.0,1.0
1.0,0.0815035,0.3392855,0.5,0.6153845,0.375,0.0526315,1.0,0.0,0.0,0.0,0.5,0.06,0.022060000000000024,0.0
1.0,0.10902250000000002,0.10714299999999999,0.0,0.07692300000000002,0.375,0.03806999999999999,1.0,1.0,0.11940299999999998,1.0,0.5,0.08000000000000002,1.0000000000010001e-05,0.0
1.0,0.08390999999999998,0.3898215,0.5,0.5384615,0.5,0.020526500000000003,0.0,1.0,0.029850500000000002,1.0,0.5,0.09999999999999998,7.00000000000145e-05,1.0
1.0,0.2469175,0.03875000000000001,0.0,0.5384615,0.375,0.001403500000000002,0.0,0.0,0.0,0.0,0.5,0.08500000000000002,0.0017900000000000138,1.0
0.0,0.10405999999999999,0.06553550000000002,0.5,0.769231,0.375,0.073158,1.0,1.0,0.074627,0.0,0.5,0.10999999999999999,0.025029999999999997,0.0
1.0,0.156692,0.03125,0.5,0.769231,0.375,0.1622805,1.0,1.0,0.029850500000000002,1.0,0.5,0.26,0.020000000000000018,0.0
1.0,0.17924800000000002,0.07892850000000001,0.0,0.3846155,0.375,0.140351,1.0,0.0,0.0,0.0,0.5,0.09399999999999997,0.0,1.0
0.0,0.11654150000000002,0.21428550000000002,0.5,0.3846155,0.375,0.0877195,1.0,1.0,0.04477599999999998,0.0,0.5,0.03999999999999998,0.009180000000000021,0.0
0.0,0.16165400000000002,0.03714299999999998,0.0,0.0,0.0,0.017544000000000004,1.0,1.0,0.04477599999999998,0.0,0.5,0.09000000000000002,0.0014700000000000268,1.0
1.0,0.2894735,0.08928550000000002,0.0,0.6153845,0.375,0.245614,0.0,0.0,0.0,1.0,0.5,0.14,0.0,1.0
0.0,0.18676700000000002,0.0714285,0.5,0.30769250000000004,0.25,0.0,0.0,0.0,0.0,1.0,0.5,0.138,1.0000000000010001e-05,1.0
0.0,0.16797,0.04464299999999999,0.5,0.0,0.0,0.0,1.0,0.0,0.0,0.0,0.5,0.03999999999999998,0.0,1.0
1.0,0.23187950000000002,0.125,0.5,0.6153845,0.375,0.122807,1.0,1.0,0.04477599999999998,1.0,0.5,0.16449999999999998,0.0,1.0
1.0,0.3070675,0.05499999999999999,0.5,0.9230769999999999,0.375,0.054035,1.0,1.0,0.01492549999999998,1.0,0.5,0.26,0.5,0.0
1.0,0.3446615,0.0714285,0.5,0.15384599999999998,0.375,0.008772000000000002,0.0,0.0,0.0,1.0,0.5,0.11049999999999999,0.0,1.0
1.0,0.18045099999999997,0.026785500000000018,0.5,0.5384615,0.5,0.008772000000000002,1.0,0.0,0.0,0.0,0.5,0.1745,0.00023000000000000798,0.0
1.0,0.21172950000000001,0.142857,0.0,0.15384599999999998,0.875,0.2017545,1.0,1.0,0.029850500000000002,1.0,0.5,0.03749999999999998,0.0,1.0
1.0,0.4085715,0.08035700000000001,0.0,1.0,0.875,0.350877,1.0,0.0,0.0,1.0,0.5,0.08800000000000002,0.0,1.0
1.0,0.318346,0.08928550000000002,0.5,0.6153845,0.375,0.0,1.0,0.0,0.0,1.0,0.5,0.1195,0.0020000000000000018,0.0
0.0,0.1478195,0.029642999999999975,0.5,0.769231,0.375,0.014561500000000005,0.0,1.0,0.01492549999999998,1.0,0.5,0.09999999999999998,0.00010999999999999899,1.0
1.0,0.641654,1.0,0.0,0.5384615,0.375,1.0,1.0,1.0,0.597015,0.0,0.5,0.0,0.00014999999999998348,0.0
1.0,0.3609025,0.25,0.5,0.769231,0.875,0.4035085,1.0,1.0,0.1044775,1.0,0.5,0.15000000000000002,4.999999999999449e-05,1.0
0.0,0.546316,0.447857,0.5,0.3846155,0.375,0.080351,1.0,1.0,0.04477599999999998,1.0,0.5,0.07800000000000001,0.0,0.0
1.0,0.280752,0.07732149999999999,0.0,0.230769,0.0,0.0,0.0,0.0,0.0,0.0,0.5,0.06,0.0,1.0
0.0,0.517594,0.04767850000000001,0.5,0.15384599999999998,0.75,0.011754500000000001,0.0,0.0,0.0,0.0,0.5,0.0,0.0011999999999999789,1.0
1.0,0.2030075,0.059464499999999976,0.5,0.9230769999999999,0.875,0.178421,1.0,1.0,0.13432850000000002,0.0,0.5,0.1995,0.00827,0.0
1.0,0.139098,0.026785500000000018,0.5,0.4615385,0.375,0.017544000000000004,0.0,0.0,0.0,1.0,0.0,0.15999999999999998,0.0,1.0
1.0,0.4586465,0.017857000000000012,0.5,0.4615385,0.375,0.377193,1.0,0.0,0.0,0.0,0.0,0.2,0.0,1.0
1.0,0.218045,0.03125,0.5,0.4615385,0.375,0.03368399999999999,1.0,1.0,0.04477599999999998,1.0,0.5,0.198,0.0,0.0
0.0,0.412331,0.232143,0.5,0.769231,0.375,0.017544000000000004,1.0,1.0,0.04477599999999998,1.0,0.5,0.07250000000000001,0.0,0.0
1.0,0.442406,0.08035700000000001,0.5,0.15384599999999998,0.5,0.026316000000000006,1.0,0.0,0.0,0.0,0.5,0.28,0.0,1.0
1.0,0.26797000000000004,0.013392999999999988,0.5,0.07692300000000002,0.375,0.030702000000000007,1.0,0.0,0.0,1.0,0.0,0.464,0.0,1.0
1.0,0.15293250000000003,0.023749999999999993,0.5,0.5384615,0.375,0.005789500000000003,0.0,0.0,0.0,0.0,0.5,0.04999999999999999,0.0,0.0
1.0,0.142857,0.053571499999999994,0.5,0.769231,0.375,0.0833335,1.0,1.0,0.04477599999999998,1.0,0.5,0.0,0.005819999999999992,0.0
0.0,0.3996995,0.2692855,0.0,0.769231,0.875,0.2807015,1.0,1.0,0.208955,0.0,0.5,0.0,0.02300000000000002,0.0
1.0,0.08390999999999998,0.3392855,0.5,0.769231,0.375,0.035087499999999994,1.0,0.0,0.0,1.0,0.5,0.030000000000000027,0.0040000000000000036,0.0
1.0,0.5237595,0.007321499999999981,0.0,0.230769,0.375,0.008772000000000002,1.0,1.0,0.16417900000000002,0.0,0.5,0.19,0.02732000000000001,0.0
1.0,0.16285699999999997,0.04464299999999999,0.5,0.5384615,0.375,0.008772000000000002,0.0,0.0,0.0,0.0,0.5,0.05499999999999999,0.0,1.0
1.0,0.3070675,0.3275,0.5,0.5384615,0.375,0.1578945,1.0,1.0,0.1791045,1.0,0.5,0.0,0.0022099999999999898,0.0
1.0,0.358346,0.0,0.5,0.5384615,0.375,0.0,0.0,0.0,0.0,0.0,1.0,0.09200000000000003,0.0,0.0
1.0,0.537594,0.270893,0.5,0.15384599999999998,0.5,0.2661405,1.0,1.0,0.22388049999999998,1.0,0.5,0.0,0.04999999999999999,0.0
1.0,0.512481,0.14875,0.5,1.0,0.5,0.002982499999999999,0.0,0.0,0.0,1.0,0.5,0.26,0.0,1.0
1.0,0.121504,0.392857,0.5,1.0,0.375,0.010175500000000004,1.0,1.0,0.08955200000000002,0.0,0.5,0.0605,0.0,0.0
1.0,0.9184965,0.6785715,0.0,0.0,0.0,0.001403500000000002,0.0,1.0,0.029850500000000002,0.0,0.5,0.0,0.003510000000000013,1.0
0.0,0.13413550000000002,0.028214499999999976,0.5,0.15384599999999998,0.375,0.002982499999999999,0.0,0.0,0.0,0.0,0.5,0.07200000000000001,0.0,1.0
0.0,0.2093235,0.053571499999999994,0.5,0.4615385,0.375,0.0701755,1.0,0.0,0.0,0.0,0.0,0.184,0.0,1.0
0.0,0.368421,0.21428550000000002,0.5,0.230769,0.375,0.035087499999999994,1.0,0.0,0.0,1.0,0.5,0.0,0.0,0.0
1.0,0.4034585,0.053571499999999994,0.5,0.15384599999999998,0.5,0.0,0.0,0.0,0.0,0.0,0.0,0.15000000000000002,0.0,1.0
1.0,0.225564,0.053571499999999994,0.0,0.5384615,0.375,0.0526315,1.0,0.0,0.0,1.0,0.5,0.0,0.0022499999999999742,1.0
1.0,0.112782,0.053571499999999994,0.5,0.6153845,0.375,0.0526315,0.0,0.0,0.0,0.0,0.5,0.07500000000000001,8.00000000000245e-05,0.0
1.0,0.3157895,0.08928550000000002,0.5,0.9230769999999999,0.5,0.017544000000000004,0.0,0.0,0.0,0.0,0.5,0.174,0.0,1.0
0.0,0.21548850000000003,0.5357145,0.0,0.6923075,1.0,0.0,1.0,0.0,0.0,0.0,0.5,0.0,0.13212000000000002,0.0
1.0,0.1830075,0.03125,0.5,0.230769,0.375,0.013158000000000003,0.0,1.0,0.029850500000000002,1.0,0.5,0.08700000000000002,2.999999999997449e-05,1.0
1.0,0.538797,0.6785715,0.5,0.0,0.0,0.0,1.0,1.0,0.01492549999999998,0.0,0.5,0.046999999999999986,0.0,1.0
1.0,0.132782,0.3585715,0.5,1.0,0.375,0.001403500000000002,1.0,1.0,0.13432850000000002,0.0,0.5,0.030000000000000027,0.003960000000000019,0.0
1.0,0.105263,0.18160700000000002,0.0,0.30769250000000004,0.375,0.010175500000000004,0.0,0.0,0.0,0.0,0.5,0.07,0.0018400000000000083,1.0
0.0,0.2018045,0.04464299999999999,0.5,0.0,0.0,0.0,0.0,1.0,0.01492549999999998,0.0,0.5,0.045999999999999985,0.0030000000000000027,1.0
0.0,0.137895,0.04464299999999999,0.5,0.769231,0.375,0.008772000000000002,0.0,0.0,0.0,1.0,0.5,0.06,0.008089999999999986,1.0
1.0,0.15293250000000003,0.020892999999999995,0.0,0.9230769999999999,0.875,0.004386000000000001,0.0,0.0,0.0,0.0,0.5,0.12,1.0000000000010001e-05,1.0
1.0,0.33714299999999997,0.1964285,0.5,0.15384599999999998,0.5,0.1754385,0.0,0.0,0.0,0.0,0.5,0.10499999999999998,0.006869999999999987,1.0
1.0,0.0965415,0.29178550000000003,0.5,0.3846155,0.375,0.068772,1.0,1.0,0.208955,0.0,0.5,0.030000000000000027,0.0015800000000000258,0.0
1.0,0.386015,0.0610715,0.0,0.4615385,0.375,0.005789500000000003,0.0,0.0,0.0,0.0,0.0,0.2,0.0,1.0
1.0,0.5326315,0.08178550000000001,0.5,0.0,0.0,0.010175500000000004,0.0,0.0,0.0,0.0,0.5,0.09999999999999998,2.999999999997449e-05,1.0
0.0,0.05383450000000001,0.3392855,0.5,0.3846155,0.375,0.0614035,0.0,1.0,0.149254,1.0,0.5,0.0,9.999999999998899e-05,1.0
0.0,0.14661649999999998,0.053571499999999994,0.5,0.6153845,0.375,0.030702000000000007,0.0,0.0,0.0,1.0,0.5,0.08000000000000002,0.0,1.0
1.0,0.31082699999999996,0.15178550000000002,0.5,0.15384599999999998,0.5,0.114035,1.0,1.0,0.029850500000000002,0.0,0.5,0.137,0.006099999999999994,0.0
1.0,0.5100750000000001,0.08928550000000002,0.5,0.4615385,0.5,0.0877195,1.0,1.0,0.1791045,1.0,0.5,0.20500000000000002,0.02510000000000001,0.0
1.0,0.03639100000000001,0.0014284999999999992,0.5,0.5384615,0.375,0.001403500000000002,0.0,0.0,0.0,0.0,0.5,0.0,0.0,0.0
1.0,0.5801505,0.04910700000000001,0.0,0.5384615,0.875,0.33193,1.0,0.0,0.0,1.0,0.5,0.09999999999999998,0.0010000000000000009,1.0
0.0,0.09894750000000002,0.357143,0.5,0.5384615,0.875,0.035087499999999994,1.0,1.0,0.05970150000000002,0.0,0.5,0.025000000000000022,0.014649999999999996,0.0
1.0,0.4085715,0.0298215,0.5,0.0,0.0,0.0,1.0,0.0,0.0,0.0,0.5,0.065,1.0000000000010001e-05,1.0
1.0,0.29203,0.10857149999999999,0.0,0.5384615,0.875,0.071579,1.0,1.0,0.01492549999999998,1.0,0.5,0.09000000000000002,0.18026999999999999,0.0
0.0,0.4950375,0.016428500000000013,0.5,0.9230769999999999,0.875,0.014561500000000005,1.0,1.0,0.16417900000000002,1.0,0.5,0.21999999999999997,6.0000000000004494e-05,0.0
0.0,0.10405999999999999,0.10714299999999999,0.5,0.769231,0.375,0.005789500000000003,1.0,1.0,0.04477599999999998,0.0,0.5,0.04999999999999999,6.0000000000004494e-05,0.0
1.0,0.3921805,0.017857000000000012,0.5,0.4615385,0.375,0.008772000000000002,1.0,0.0,0.0,0.0,0.0,0.14400000000000002,0.0,1.0
0.0,0.2706765,0.10714299999999999,0.0,0.30769250000000004,0.25,0.0,0.0,0.0,0.0,0.0,0.5,0.08000000000000002,0.00019999999999997797,1.0
1.0,0.263158,0.040178500000000006,0.5,0.0,0.0,0.0,0.0,1.0,0.01492549999999998,0.0,0.5,0.04799999999999999,0.00019000000000002348,1.0
0.0,0.26797000000000004,0.4017855,0.5,0.0,0.0,0.0,0.0,0.0,0.0,0.0,0.5,0.09200000000000003,0.05199999999999999,1.0
1.0,0.131579,0.4107145,0.0,0.4615385,0.375,0.0526315,0.0,0.0,0.0,1.0,0.5,0.0,0.03999999999999998,1.0
1.0,0.33578949999999996,0.09071449999999998,0.5,0.0,0.0,0.0,0.0,0.0,0.0,0.0,0.5,0.0,0.010000000000000009,1.0
0.0,0.06511299999999998,0.013392999999999988,1.0,0.9230769999999999,0.0,0.350877,0.0,0.0,0.0,1.0,0.0,0.15000000000000002,0.0,0.0
1.0,0.18045099999999997,0.017857000000000012,0.5,0.5384615,0.375,0.051227999999999996,1.0,1.0,0.074627,1.0,0.5,0.15600000000000003,0.0,0.0
1.0,0.0714285,0.0714285,0.5,0.15384599999999998,0.375,0.0526315,1.0,1.0,0.029850500000000002,0.0,0.5,0.06,0.0030000000000000027,0.0
1.0,0.517594,0.2723215,0.5,0.6153845,0.875,0.5438595,1.0,1.0,0.1791045,0.0,0.5,0.0,0.007900000000000018,0.0
0.0,0.4849625,0.142857,0.5,0.30769250000000004,0.25,0.0,1.0,0.0,0.0,0.0,0.5,0.04999999999999999,0.009599999999999997,0.0
0.0,0.3609025,0.1964285,0.5,0.769231,0.375,0.004386000000000001,1.0,0.0,0.0,1.0,0.5,0.11399999999999999,0.0,0.0
1.0,0.42601500000000003,0.03714299999999998,0.5,0.6153845,0.375,0.1754385,1.0,1.0,0.08955200000000002,1.0,0.5,0.25,0.09999999999999998,0.0
0.0,0.16165400000000002,0.017857000000000012,0.5,0.769231,0.875,0.0526315,1.0,0.0,0.0,0.0,0.5,0.14,0.008240000000000025,0.0
1.0,0.6741355,0.09678550000000002,0.5,0.5384615,0.375,0.084737,0.0,0.0,0.0,1.0,0.5,0.15999999999999998,0.0,1.0
1.0,0.06390950000000001,0.005892999999999982,0.5,0.769231,0.75,0.0073685,0.0,0.0,0.0,0.0,0.5,0.09999999999999998,0.00040000000000001146,0.0
1.0,0.141654,0.0,0.5,0.9230769999999999,0.375,0.002982499999999999,1.0,0.0,0.0,0.0,0.5,0.0,0.0,0.0
1.0,0.5726315,0.072857,0.0,0.0,0.0,0.0526315,0.0,0.0,0.0,0.0,0.5,0.06,1.0000000000010001e-05,1.0
1.0,0.08526299999999998,0.232143,0.5,0.6153845,0.875,0.051227999999999996,1.0,1.0,0.1044775,0.0,0.5,0.03999999999999998,0.02954000000000001,0.0
1.0,0.18797000000000003,0.05499999999999999,0.5,0.6153845,0.375,0.004386000000000001,0.0,0.0,0.0,0.0,0.5,0.04999999999999999,0.0,1.0
1.0,0.299549,0.07732149999999999,0.5,0.5384615,0.375,0.0526315,0.0,0.0,0.0,0.0,1.0,0.06,0.0,1.0
1.0,0.21684199999999998,0.004464499999999982,0.0,0.230769,0.375,0.002982499999999999,0.0,0.0,0.0,0.0,0.5,0.10799999999999998,0.02100000000000002,1.0
1.0,0.388421,0.1785715,0.5,0.0,0.0,0.0,0.0,1.0,0.029850500000000002,0.0,0.5,0.008500000000000008,1.0000000000010001e-05,1.0
1.0,0.5726315,0.10714299999999999,0.0,0.0,0.0,0.0526315,0.0,0.0,0.0,0.0,0.5,0.09000000000000002,3.999999999998449e-05,1.0
1.0,0.16165400000000002,0.47625,0.0,0.3846155,0.375,0.001403500000000002,0.0,0.0,0.0,1.0,0.5,0.06,0.0047499999999999765,1.0
0.0,0.05759399999999998,0.3214285,0.5,0.3846155,0.375,0.0482455,1.0,0.0,0.0,1.0,0.5,0.0,0.0,0.0
1.0,0.160451,0.0714285,0.5,0.6923075,0.125,0.005789500000000003,0.0,1.0,0.029850500000000002,0.0,0.5,0.15999999999999998,0.013000000000000012,1.0
0.0,0.07639099999999999,0.34071450000000003,0.5,0.3846155,0.375,0.002982499999999999,1.0,0.0,0.0,0.0,0.5,0.04999999999999999,0.0,0.0
1.0,0.22300750000000003,0.12946449999999998,0.5,0.3846155,0.375,0.008772000000000002,0.0,0.0,0.0,1.0,0.5,0.04999999999999999,0.0,1.0
0.0,0.12030099999999999,0.0625,0.0,0.30769250000000004,0.25,0.0,0.0,0.0,0.0,0.0,0.5,0.08000000000000002,0.0,1.0
0.0,0.2906765,0.05803550000000002,0.5,0.07692300000000002,0.375,0.018947500000000006,0.0,0.0,0.0,1.0,0.5,0.0,0.0,1.0
1.0,0.0815035,0.142857,0.0,0.15384599999999998,0.375,0.035087499999999994,0.0,0.0,0.0,1.0,0.5,0.18,0.010000000000000009,1.0
1.0,0.19924799999999998,0.053571499999999994,0.0,0.6153845,0.375,0.013158000000000003,1.0,0.0,0.0,1.0,0.5,0.13,0.010649999999999993,0.0
1.0,0.04766900000000002,0.011964499999999989,0.0,0.230769,0.375,0.010175500000000004,0.0,0.0,0.0,0.0,0.0,0.09999999999999998,0.0,1.0
0.0,0.16917300000000002,0.03125,0.5,1.0,0.875,0.036490999999999996,1.0,0.0,0.0,1.0,0.5,0.08000000000000002,0.058599999999999985,0.0
0.0,0.4574435,0.2380355,0.5,0.769231,0.375,0.258772,1.0,1.0,0.04477599999999998,1.0,0.5,0.0,0.0,0.0
0.0,0.21684199999999998,0.013392999999999988,0.5,0.769231,0.375,0.020526500000000003,1.0,1.0,0.05970150000000002,0.0,0.5,0.03999999999999998,0.0,0.0
0.0,0.13413550000000002,0.25,0.5,0.5384615,0.375,0.005789500000000003,0.0,0.0,0.0,0.0,0.5,0.08000000000000002,0.0,1.0
1.0,0.150376,0.4285715,0.5,0.5384615,0.375,0.073158,0.0,0.0,0.0,0.0,0.0,0.03999999999999998,0.0,1.0
1.0,0.44360900000000003,0.10714299999999999,0.5,0.769231,0.875,0.2105265,1.0,1.0,0.16417900000000002,0.0,0.5,0.03999999999999998,0.0,0.0
1.0,0.17172949999999998,0.125,0.5,0.9230769999999999,0.375,0.021930000000000005,1.0,1.0,0.1044775,0.0,0.5,0.0,0.07058999999999999,0.0
1.0,0.256842,0.0,0.5,0.6153845,0.375,0.043859499999999996,1.0,1.0,0.01492549999999998,0.0,0.5,0.10099999999999998,0.0,0.0
1.0,0.437293,0.04464299999999999,0.5,0.4615385,0.375,0.486842,0.0,1.0,0.01492549999999998,1.0,0.5,0.176,0.0011200000000000099,1.0
1.0,0.3169925,0.08928550000000002,0.0,0.6153845,0.375,0.105263,0.0,0.0,0.0,0.0,0.0,0.09999999999999998,0.0,1.0
1.0,0.357143,0.0625,0.0,0.5384615,0.5,0.008772000000000002,1.0,0.0,0.0,1.0,0.5,0.08200000000000002,0.0040000000000000036,1.0
0.0,0.131579,0.392857,0.0,0.769231,0.375,0.105263,1.0,0.0,0.0,1.0,0.5,0.134,0.0,1.0
1.0,0.26060150000000004,0.053571499999999994,0.0,0.6153845,0.375,0.001403500000000002,0.0,0.0,0.0,0.0,0.0,0.08000000000000002,0.0,1.0
1.0,0.43609,0.145893,0.5,0.3846155,0.375,0.001403500000000002,0.0,0.0,0.0,0.0,0.5,0.05399999999999999,0.0010000000000000009,1.0
1.0,0.2030075,0.022321499999999994,0.5,0.3846155,0.375,0.015965000000000007,1.0,0.0,0.0,1.0,0.5,0.09999999999999998,0.0,1.0
1.0,0.64406,0.6607145,0.5,0.07692300000000002,0.5,0.526316,1.0,1.0,0.2537315,1.0,0.5,0.0,0.0,0.0
0.0,0.14541349999999997,0.028214499999999976,0.0,0.769231,0.375,0.0526315,1.0,1.0,0.029850500000000002,1.0,0.5,0.03999999999999998,0.0040000000000000036,0.0
1.0,0.3221055,0.08928550000000002,0.5,0.230769,0.375,0.1578945,1.0,1.0,0.1044775,0.0,0.5,0.07500000000000001,0.012699999999999989,0.0
1.0,0.318346,0.1785715,0.5,1.0,0.875,0.263158,1.0,1.0,0.08955200000000002,1.0,0.5,0.0,0.010000000000000009,0.0
1.0,0.19669150000000002,0.01928550000000001,0.5,0.230769,0.0,0.0,0.0,0.0,0.0,0.0,0.5,0.04999999999999999,0.0,1.0
0.0,0.105263,0.34071450000000003,0.5,0.15384599999999998,0.375,0.001403500000000002,0.0,0.0,0.0,0.0,0.5,0.09999999999999998,0.010000000000000009,1.0
1.0,0.3733835,0.11910700000000002,0.5,0.6153845,0.375,0.140351,1.0,1.0,0.208955,0.0,0.5,0.1915,0.013440000000000007,0.0
0.0,0.095188,0.004464499999999982,0.5,0.769231,0.375,0.035087499999999994,0.0,1.0,0.01492549999999998,0.0,0.5,0.12,0.00768000000000002,0.0
1.0,0.1403005,0.08928550000000002,0.5,0.0,0.0,0.002982499999999999,0.0,0.0,0.0,1.0,0.5,0.04999999999999999,0.042080000000000006,1.0
1.0,0.4398495,0.010357000000000005,0.0,0.9230769999999999,0.875,0.0614035,1.0,1.0,0.11940299999999998,0.0,0.5,0.04999999999999999,0.0037499999999999756,0.0
0.0,0.09022550000000001,0.026785500000000018,0.5,0.5384615,0.375,0.027895000000000003,1.0,1.0,0.074627,1.0,0.5,0.07,4.999999999999449e-05,1.0
1.0,0.437293,0.1651785,0.5,0.769231,0.375,0.1607015,1.0,0.0,0.0,0.0,0.0,0.0,0.0,0.0
1.0,0.160451,0.44053549999999997,0.5,0.769231,0.875,0.055614,1.0,0.0,0.0,1.0,0.5,0.06,0.0,0.0
1.0,0.0,0.142857,0.0,0.6153845,0.375,0.0614035,1.0,1.0,0.029850500000000002,1.0,0.5,0.06,0.010000000000000009,0.0
1.0,1.0,0.1964285,0.5,0.5384615,0.375,0.018947500000000006,1.0,0.0,0.0,0.0,0.5,0.0,0.003400000000000014,1.0
0.0,0.4598495,0.0,0.5,0.5384615,0.375,0.0877195,1.0,0.0,0.0,0.0,0.5,0.0,0.0,0.0
1.0,0.139098,0.022321499999999994,0.0,0.3846155,0.375,0.004386000000000001,1.0,0.0,0.0,0.0,0.5,0.09000000000000002,1.0000000000010001e-05,1.0
0.0,0.139098,0.06553550000000002,0.5,0.30769250000000004,0.25,0.0,0.0,1.0,0.01492549999999998,0.0,0.5,0.09999999999999998,0.0005299999999999749,1.0
1.0,0.1478195,0.016428500000000013,0.0,0.6153845,0.375,0.0921055,1.0,1.0,0.08955200000000002,1.0,0.5,0.10399999999999998,0.003469999999999973,1.0
1.0,0.11533850000000001,0.026785500000000018,0.0,0.8461540000000001,0.75,0.026316000000000006,0.0,0.0,0.0,1.0,0.5,0.066,2.0000000000020002e-05,1.0
1.0,0.432331,0.1755355,0.0,0.6153845,0.375,0.1110525,1.0,0.0,0.0,1.0,0.5,0.026000000000000023,0.014419999999999988,0.0
1.0,0.2981955,0.011964499999999989,0.0,0.9230769999999999,0.375,0.002982499999999999,0.0,0.0,0.0,0.0,0.5,0.09000000000000002,0.0,1.0
0.0,0.29323299999999997,0.08928550000000002,0.0,0.5384615,0.375,0.0877195,0.0,0.0,0.0,1.0,0.5,0.0,2.0000000000020002e-05,1.0
1.0,0.3157895,0.5357145,0.5,0.8461540000000001,0.75,0.1885965,1.0,1.0,0.13432850000000002,1.0,0.5,0.0,0.0013400000000000079,0.0
0.0,0.0815035,0.020892999999999995,0.0,0.3846155,0.375,0.020526500000000003,1.0,0.0,0.0,1.0,0.5,0.08000000000000002,0.0,1.0
0.0,0.0890225,0.007500000000000007,0.5,0.769231,0.875,0.010175500000000004,1.0,1.0,0.16417900000000002,0.0,0.5,0.03999999999999998,0.0009899999999999909,0.0
1.0,0.1403005,0.4107145,0.5,0.15384599999999998,0.375,0.122807,1.0,1.0,0.13432850000000002,0.0,0.5,0.028000000000000025,0.007419999999999982,0.0
1.0,0.3057145,0.08928550000000002,0.5,0.5384615,0.375,0.035087499999999994,0.0,0.0,0.0,0.0,0.5,0.22999999999999998,0.00015999999999999348,1.0
0.0,0.651579,0.011964499999999989,0.5,0.15384599999999998,0.5,0.035087499999999994,1.0,0.0,0.0,1.0,0.5,0.126,0.02196999999999999,1.0
1.0,0.23308250000000003,0.5282145,0.5,0.3846155,0.375,0.176842,1.0,1.0,0.074627,1.0,0.5,0.08400000000000002,0.0,0.0
1.0,0.2281205,0.5357145,0.5,0.5384615,0.875,0.187193,1.0,1.0,0.16417900000000002,0.0,0.5,0.0,0.022830000000000017,0.0
1.0,0.27819550000000004,0.005892999999999982,0.0,0.5384615,0.875,0.114035,1.0,1.0,0.01492549999999998,1.0,0.5,0.21600000000000003,0.08000000000000002,0.0
1.0,0.2469175,0.232143,0.5,0.9230769999999999,0.375,0.109649,1.0,1.0,0.11940299999999998,0.0,0.5,0.16499999999999998,0.01200000000000001,0.0
1.0,0.393534,0.22178550000000002,0.5,0.769231,0.375,0.001403500000000002,1.0,1.0,0.01492549999999998,0.0,0.5,0.09999999999999998,0.0030000000000000027,0.0
0.0,0.13413550000000002,0.026785500000000018,0.5,0.5384615,0.375,0.0701755,0.0,1.0,0.029850500000000002,1.0,0.5,0.09999999999999998,0.003939999999999999,1.0
0.0,0.131579,0.014821499999999987,0.5,0.15384599999999998,0.375,0.011754500000000001,0.0,0.0,0.0,1.0,0.0,0.07200000000000001,0.0,1.0
0.0,0.1654135,0.4464285,0.5,0.3846155,0.375,0.0526315,1.0,1.0,0.1791045,1.0,0.5,0.06,0.005670000000000008,0.0
0.0,0.1854135,0.30946450000000003,0.5,0.3846155,0.375,0.049649,1.0,0.0,0.0,0.0,0.5,0.08000000000000002,0.0015000000000000013,0.0
0.0,0.10030050000000001,0.0298215,0.5,0.769231,0.375,0.055614,1.0,1.0,0.01492549999999998,0.0,0.5,0.0,0.0,0.0
1.0,0.556391,0.020892999999999995,0.5,0.0,0.0,0.0,0.0,0.0,0.0,0.0,0.5,0.07250000000000001,0.0,1.0
0.0,0.5,0.4642855,0.5,0.15384599999999998,0.5,0.181228,1.0,1.0,0.13432850000000002,1.0,0.5,0.0,0.0,0.0
1.0,0.31082699999999996,0.04767850000000001,0.5,0.15384599999999998,0.5,0.004386000000000001,0.0,0.0,0.0,1.0,0.5,0.21999999999999997,0.044999999999999984,1.0
0.0,0.7093235,0.1785715,0.5,0.3846155,0.375,0.140351,1.0,1.0,0.05970150000000002,0.0,0.5,0.0,0.0009899999999999909,0.0
0.0,0.1929325,0.09071449999999998,0.0,0.0,0.0,0.0,0.0,0.0,0.0,1.0,0.5,0.09000000000000002,0.0005999999999999894,1.0
0.0,0.7732330000000001,0.5,0.5,0.0,0.0,0.0,1.0,1.0,0.16417900000000002,1.0,0.5,0.0,0.014000000000000012,0.0
1.0,0.10405999999999999,0.0298215,0.0,0.5384615,0.375,0.0701755,0.0,0.0,0.0,1.0,0.0,0.12,0.0,1.0
1.0,0.423609,0.015000000000000013,0.5,0.5384615,0.875,0.0073685,1.0,1.0,0.08955200000000002,0.0,0.5,0.10999999999999999,0.009479999999999988,0.0
0.0,0.21684199999999998,0.020892999999999995,0.5,0.3846155,0.375,0.001403500000000002,0.0,0.0,0.0,0.0,0.5,0.13,0.010039999999999993,1.0
0.0,0.25067649999999997,0.04910700000000001,0.5,0.6153845,0.875,0.001403500000000002,0.0,1.0,0.04477599999999998,0.0,0.5,0.0,0.00032999999999999696,1.0
1.0,0.2093235,0.0714285,0.5,1.0,0.875,0.035087499999999994,1.0,1.0,0.05970150000000002,0.0,0.5,0.07,0.07544000000000001,0.0
0.0,0.0815035,0.19339299999999998,0.5,0.15384599999999998,0.875,0.010175500000000004,0.0,0.0,0.0,0.0,0.5,0.03999999999999998,0.004840000000000011,1.0
1.0,0.0350375,0.026785500000000018,0.5,0.5384615,0.375,0.0614035,1.0,1.0,0.074627,1.0,0.5,0.176,0.006900000000000017,0.0
1.0,0.2093235,0.4910715,0.5,0.6153845,0.375,0.2017545,1.0,0.0,0.0,1.0,0.5,0.2435,0.0050000000000000044,0.0
