abs-error-CC,abs-error-CC-predicted,abs-error-ACC,abs-error-ACC-predicted,abs-error-PACC,abs-error-PACC-predicted,abs-error-PCC,abs-error-PCC-predicted,abs-error-SMM,abs-error-SMM-predicted,abs-error-HDy,abs-error-HDy-predicted,abs-error-DyS,abs-error-DyS-predicted,abs-error-SORD,abs-error-SORD-predicted,abs-error-MS,abs-error-MS-predicted,abs-error-MAX,abs-error-MAX-predicted,abs-error-X,abs-error-X-predicted,abs-error-ideal,quantifier-ideal,quantifier-ideal-num,abs-error-recommended,quantifier-recommended,quantifier-recommended-num,rank-1,rank-2,rank-3,rank-4,rank-5,rank-6,rank-7,rank-8,rank-9,rank-10,rank-11
0.1832,0.26644475,0.05115,0.218096625,0.06924999999999999,0.18080383333333333,0.2022,0.17636499999999994,0.0507,0.1771435,0.09570000000000001,0.18671483333333325,0.05055,0.18578928333333333,0.04745,0.10307061666666666,0.052199999999999996,0.19156658333333337,0.060149999999999995,0.20617884999999994,0.0554,0.1872147916666668,0.04745,SORD,7,0.10307061666666666,SORD,7,7,3,4,2,6,5,10,8,9,1,0
0.0317,0.1541770000000001,0.01905,0.105817625,0.06105000000000001,0.11693600000000004,0.06305,0.12380175000000002,0.038599999999999995,0.06957400000000001,0.02915,0.11237633333333331,0.022000000000000002,0.16862475,0.0235,0.05184250000000001,0.02825,0.15662075000000006,0.01905,0.166722,0.021949999999999997,0.1647495,0.01905,ACC,1,0.05184250000000001,SORD,7,7,4,1,5,2,3,0,8,10,9,6
0.00885,0.05369999999999999,0.0059499999999999996,0.0394965,0.0291,0.06879199999999999,0.03345,0.08565824999999995,0.0067,0.033030500000000004,0.0149,0.039297124999999995,0.0084,0.030864,0.00605,0.02689100000000001,0.0059499999999999996,0.03399750000000001,0.0068000000000000005,0.027882500000000005,0.0086,0.022862500000000008,0.0059499999999999996,ACC,1,0.022862500000000008,X,10,10,7,9,6,4,8,5,1,0,2,3
0.42095,0.33768799999999993,0.25875,0.23580325,0.5,0.34145493333333343,0.26495,0.25325198333333326,0.36835,0.093297425,0.0654,0.20206884523809512,0.1765,0.18540025000000007,0.15744999999999998,0.07725738333333339,0.3043,0.22276283333333335,0.17170000000000002,0.15888933333333327,0.4052,0.16794191666666675,0.0654,HDy,5,0.07725738333333339,SORD,7,7,4,9,10,6,5,8,1,3,0,2
0.00955,0.11690250000000009,0.0072499999999999995,0.05405050000000001,0.0165,0.0878005,0.02035,0.11071850000000001,0.00645,0.05913599999999999,0.00845,0.05182149999999999,0.00515,0.035661,0.0053,0.045958000000000006,0.00555,0.05580350000000001,0.0083,0.06235079999999999,0.0059,0.08460249999999998,0.00515,DyS,6,0.035661,DyS,6,6,7,5,1,8,4,9,10,2,3,0
0.0,0.14939850000000005,0.0,0.1266805,0.003,0.18024562500000002,0.003,0.12929833333333332,0.02275,0.0911998333333334,0.01665,0.1580716,0.0,0.09661199999999993,0.0,0.07528687500000003,0.0,0.1043874,0.0,0.12394759999999992,0.0,0.11496737500000002,0.0,CC,0,0.07528687500000003,SORD,7,7,4,6,8,10,9,1,3,0,5,2
0.19024999999999997,0.19927070000000008,0.09505000000000001,0.15206504166666668,0.1727,0.2041013333333333,0.21675,0.1747700833333333,0.07755,0.06376954166666665,0.086,0.11390145833333336,0.0776,0.07270387499999999,0.07985,0.06031765000000003,0.07735,0.10837591666666668,0.0942,0.07204783333333334,0.09725,0.10826120833333333,0.07735,MS,8,0.06031765000000003,SORD,7,7,4,9,6,10,8,5,1,3,0,2
0.22625,0.20819766666666692,0.051550000000000006,0.1823096999999999,0.4239,0.20178119999999994,0.20149999999999998,0.2056605,0.0599,0.2456295,0.048600000000000004,0.19824016666666666,0.04285,0.24552766666666653,0.055999999999999994,0.239533,0.0575,0.1553127500000001,0.09945,0.1985329999999999,0.09945,0.20158215000000002,0.04285,DyS,6,0.1553127500000001,MS,8,8,1,5,9,10,2,3,0,7,6,4
0.215,0.15841100000000008,0.1593,0.12135299999999997,0.19690000000000002,0.10276399999999994,0.25105,0.167054,0.14265,0.11352474999999997,0.1579,0.10077700000000002,0.16005,0.11603950000000002,0.1413,0.12476586666666661,0.15915,0.1374075,0.1593,0.16677354999999994,0.1593,0.17928042857142854,0.1413,SORD,7,0.10077700000000002,HDy,5,5,2,4,6,1,7,8,0,9,3,10
0.24815,0.3167921666666671,0.1085,0.13329700000000014,0.12925,0.38956100000000055,0.23125,0.2528799999999998,0.0582,0.07603424999999996,0.06165,0.12667800000000015,0.0487,0.07830150000000007,0.0541,0.07886399999999993,0.07475,0.13134774999999985,0.066,0.08716499999999996,0.066,0.08948300000000002,0.0487,DyS,6,0.07603424999999996,SMM,4,4,6,7,9,10,5,8,1,3,0,2
0.08525,0.0787335,0.0762,0.031174000000000025,0.0802,0.054206999999999964,0.14595,0.10095800000000005,0.054000000000000006,0.03215150000000002,0.0356,0.025615100000000016,0.0451,0.02028899999999999,0.0611,0.026440499999999995,0.05625,0.03163333333333335,0.06480000000000001,0.027533000000000002,0.08495000000000001,0.029565999999999995,0.0356,HDy,5,0.02028899999999999,DyS,6,6,5,7,9,10,1,8,4,2,0,3
0.14825000000000002,0.2938303333333334,0.06365,0.21182437499999993,0.1509,0.33039519999999994,0.1834,0.21092541428571426,0.05835,0.17873016666666672,0.06875,0.14125228333333337,0.0509,0.13832916666666661,0.05055,0.13378775000000004,0.0572,0.16514900000000005,0.0518,0.1573223285714285,0.0721,0.1671873333333333,0.05055,SORD,7,0.13378775000000004,SORD,7,7,6,5,9,8,10,4,3,1,0,2
0.13335,0.066469,0.061500000000000006,0.04069737500000001,0.11689999999999999,0.06628499999999997,0.1875,0.11587763095238096,0.049550000000000004,0.0361119,0.055600000000000004,0.044496500000000036,0.04595,0.022858499999999993,0.049699999999999994,0.0367903,0.049400000000000006,0.03724133333333334,0.06185,0.03150699999999999,0.059500000000000004,0.031083499999999993,0.04595,DyS,6,0.022858499999999993,DyS,6,6,10,9,4,7,8,1,5,2,0,3
0.00975,0.17561050000000017,0.00975,0.1317225999999999,0.036750000000000005,0.30228725000000006,0.036750000000000005,0.11571850000000007,0.0161,0.06550050000000006,0.0231,0.10026550000000002,0.0104,0.07773600000000004,0.0102,0.06995350000000003,0.010050000000000002,0.09110876666666667,0.0007000000000000001,0.11062799999999981,0.0007000000000000001,0.11337449999999995,0.0007000000000000001,MAX,9,0.06550050000000006,SMM,4,4,7,6,8,5,9,10,3,1,0,2
0.0,0.1461515000000001,0.0,0.05741325,0.0029,0.16194162499999998,0.0029,0.12036092857142856,0.003,0.043987000000000005,0.008150000000000001,0.04878299999999996,0.0012,0.04392549999999999,0.0,0.04299266666666666,0.0,0.06445241666666665,0.00395,0.055365733333333306,0.00395,0.06826375,0.0,CC,0,0.04299266666666666,SORD,7,7,6,4,5,9,1,8,10,3,0,2
0.0151,0.11514712500000007,0.01115,0.07189979166666664,0.011200000000000002,0.08914700000000002,0.01955,0.11508910000000001,0.009250000000000001,0.04212550000000003,0.0083,0.06858399999999999,0.008150000000000001,0.047324208333333354,0.0087,0.040665666666666656,0.00885,0.05085449999999997,0.01085,0.04295525000000004,0.01115,0.05021799999999999,0.008150000000000001,DyS,6,0.040665666666666656,SORD,7,7,4,9,6,10,8,5,1,2,3,0
0.01665,0.058639500000000046,0.013500000000000002,0.033834499999999997,0.0245,0.06996849999999995,0.0348,0.067554,0.0175,0.029393500000000006,0.012,0.028230500000000016,0.0098,0.0263183888888889,0.014750000000000001,0.03304150000000002,0.015150000000000002,0.0392105,0.014750000000000001,0.032225000000000004,0.01645,0.031470499999999985,0.0098,DyS,6,0.0263183888888889,DyS,6,6,5,4,10,9,7,1,8,0,3,2
0.16845,0.19008537500000017,0.08505000000000001,0.08725400000000003,0.1422,0.10171300000000003,0.22094999999999998,0.15874749999999993,0.0733,0.055983500000000026,0.05785,0.083998475,0.05915,0.06487120833333333,0.06935000000000001,0.04573299999999999,0.09140000000000001,0.06793149999999998,0.0743,0.057941,0.07165,0.06188025833333333,0.05785,HDy,5,0.04573299999999999,SORD,7,7,4,9,10,6,8,5,1,2,3,0
0.2118,0.14599325000000016,0.044000000000000004,0.05929650000000002,0.0528,0.11184000000000002,0.20085,0.13420230000000005,0.04975,0.04132700000000001,0.0694,0.06294735000000001,0.034050000000000004,0.05712658333333336,0.051550000000000006,0.03665874999999998,0.05115,0.047218249999999996,0.0471,0.03689474999999999,0.049400000000000006,0.040252666666666645,0.034050000000000004,DyS,6,0.03665874999999998,SORD,7,7,9,10,4,8,6,1,5,2,3,0
0.34765,0.25322075000000016,0.09415000000000001,0.16121716666666672,0.06105000000000001,0.20912349999999993,0.32420000000000004,0.2792676250000001,0.0774,0.07832941666666675,0.21065,0.1427004999999999,0.0809,0.121128125,0.0758,0.07151344999999999,0.08865,0.15609116666666667,0.04125,0.10629750000000003,0.0414,0.08247683333333336,0.04125,MAX,9,0.07151344999999999,SORD,7,7,4,10,9,6,5,8,1,2,0,3
0.5,0.4651881250000001,0.5,0.3443299999999999,0.3969,0.38007800000000025,0.3969,0.3757195,0.06995,0.10780100000000002,0.5,0.19252424999999967,0.5,0.20093075000000002,0.06315,0.07875700000000005,0.5,0.3377230000000001,0.5,0.2106275000000001,0.5,0.235852,0.06315,SORD,7,0.07875700000000005,SORD,7,7,4,5,6,9,10,8,1,3,2,0
0.5,0.44833918749999996,0.5,0.29928616666666646,0.37075,0.2470995,0.37075,0.37265433333333337,0.13175,0.08236050000000011,0.5,0.26494499999999976,0.5,0.1425331666666667,0.10385,0.06981850000000005,0.5,0.2645303333333334,0.5,0.1048077083333333,0.5,0.12926174999999998,0.10385,SORD,7,0.06981850000000005,SORD,7,7,4,9,10,6,2,8,5,1,3,0
0.48534999999999995,0.46010300000000015,0.2511,0.41846549999999993,0.5,0.36226100000000017,0.3775,0.37250400000000006,0.0682,0.12011200000000011,0.11085,0.3462552499999998,0.0599,0.31496850000000004,0.06055,0.09738705833333333,0.2506,0.36827350000000014,0.0605,0.31315658333333324,0.060899999999999996,0.3358300000000001,0.0599,DyS,6,0.09738705833333333,SORD,7,7,4,9,6,10,5,2,8,3,1,0
0.47485,0.4610099999999999,0.32155,0.4051858333333334,0.3795,0.37709400000000015,0.3909,0.3682799999999999,0.11074999999999999,0.08347636666666675,0.17184999999999997,0.34609783333333327,0.0975,0.28933699999999996,0.08904999999999999,0.07240600000000001,0.24745,0.39354533333333336,0.08045,0.27184583333333345,0.06885,0.32617149999999995,0.06885,X,10,0.07240600000000001,SORD,7,7,4,9,6,10,5,3,2,8,1,0
0.5,0.13097700000000004,0.5,0.09710108333333332,0.29795,0.1181573333333334,0.29795,0.14889987500000001,0.19875,0.06151966666666666,0.276,0.09051470000000006,0.41155,0.11946583333333333,0.19995000000000002,0.06884650000000002,0.5,0.07349147619047618,0.3281,0.09377433333333332,0.24245,0.12362900000000002,0.19875,SMM,4,0.06151966666666666,SMM,4,4,7,8,5,9,1,2,6,10,0,3
0.2146,0.18736106666666674,0.12895,0.1229917500000001,0.2181,0.2930244333333333,0.21170000000000003,0.20221831666666662,0.09480000000000001,0.14749350000000003,0.09179999999999999,0.11305583333333337,0.1041,0.11944624999999989,0.08455,0.13346549999999988,0.08900000000000001,0.11681755952380948,0.12895,0.14801274999999992,0.12895,0.12145049999999995,0.08455,SORD,7,0.11305583333333337,HDy,5,5,8,6,10,1,7,4,9,0,3,2
0.3625,0.15350800000000006,0.08715,0.10831950000000001,0.1483,0.11063829999999998,0.39130000000000004,0.12421375000000003,0.0391,0.058199500000000015,0.1195,0.13059516666666662,0.04650000000000001,0.11013383333333328,0.03875,0.05162224999999999,0.047700000000000006,0.10499116666666666,0.0437,0.12207654999999998,0.03905,0.12258650000000007,0.03875,SORD,7,0.05162224999999999,SORD,7,7,4,8,1,6,2,9,10,3,5,0
0.028450000000000003,0.09909350000000007,0.0137,0.05215150000000001,0.04095,0.05463449999999998,0.05895,0.09880899999999995,0.019450000000000002,0.0322625,0.04545,0.05123566666666666,0.024,0.0282767,0.01585,0.048632000000000015,0.01625,0.04697499999999999,0.017650000000000002,0.026952500000000004,0.017650000000000002,0.0398645,0.0137,ACC,1,0.026952500000000004,MAX,9,9,6,4,10,8,7,5,1,2,3,0
0.02135,0.0285537,0.013049999999999999,0.023213666666666685,0.011500000000000002,0.031483500000000025,0.02145,0.03926100000000001,0.0116,0.0178825,0.014199999999999999,0.021664500000000007,0.0079,0.011184999999999999,0.010050000000000002,0.018785000000000017,0.0103,0.02313199999999999,0.011699999999999999,0.017588499999999986,0.0149,0.018425499999999997,0.0079,DyS,6,0.011184999999999999,DyS,6,6,9,4,10,7,5,8,1,0,2,3
0.0086,0.11805850000000008,0.006500000000000001,0.040066,0.0302,0.09038550000000001,0.03495,0.13802399999999995,0.0114,0.04703850000000001,0.015700000000000002,0.06256449999999998,0.0086,0.05536262499999999,0.00655,0.034195500000000004,0.006500000000000001,0.09878450000000008,0.00695,0.03737999999999999,0.009000000000000001,0.07134950000000002,0.006500000000000001,ACC,1,0.034195500000000004,SORD,7,7,9,1,4,6,5,10,2,8,0,3
0.0204,0.08840500000000001,0.016200000000000003,0.05608050000000002,0.044950000000000004,0.08671924999999997,0.04935,0.080623,0.0151,0.06730100000000001,0.0177,0.06402616666666663,0.0158,0.06399900000000003,0.01555,0.06476549999999998,0.01565,0.0725498166666667,0.01615,0.03421225000000001,0.01775,0.06986724999999998,0.0151,SMM,4,0.03421225000000001,MAX,9,9,1,6,5,7,4,10,8,3,2,0
0.03705,0.031224499999999978,0.0323,0.019344000000000004,0.057,0.0422625,0.06155,0.05740249999999998,0.039599999999999996,0.021755499999999987,0.05525,0.020040999999999996,0.0483,0.021049333333333333,0.0378,0.029658500000000015,0.0371,0.03443050000000001,0.03685,0.01762499999999999,0.03685,0.020921499999999985,0.0323,ACC,1,0.01762499999999999,MAX,9,9,1,5,10,6,4,7,0,8,2,3
0.22735,0.4141686666666667,0.11215,0.3791745,0.35105,0.2530175000000005,0.23295000000000002,0.235119266666667,0.0902,0.2892484166666667,0.1659,0.3391704583333333,0.09480000000000001,0.3720744999999999,0.08995000000000002,0.25753437500000026,0.08745000000000001,0.34072587499999996,0.10975,0.2970106666666664,0.11065,0.3499332499999997,0.08745000000000001,MS,8,0.235119266666667,PCC,3,3,2,7,4,9,5,8,10,6,1,0
0.05325,0.09899550000000007,0.0204,0.04589699999999999,0.0194,0.08444449999999996,0.055,0.10586225000000005,0.0171,0.04849116666666669,0.0416,0.04317363333333334,0.02245,0.029409833333333326,0.0177,0.03850709999999999,0.01725,0.06563741666666667,0.01705,0.034182666666666674,0.01705,0.03907466666666663,0.01705,MAX,9,0.029409833333333326,DyS,6,6,9,7,10,5,1,4,8,2,0,3
0.0786,0.07537683333333332,0.03105,0.04738450000000001,0.11855,0.06663383333333328,0.1235,0.10239370000000003,0.04545,0.05236500000000003,0.02895,0.04281300000000001,0.030900000000000004,0.038247750000000025,0.0378,0.031615000000000004,0.041550000000000004,0.04668316666666669,0.03105,0.04115425000000001,0.03105,0.04333749999999999,0.02895,HDy,5,0.031615000000000004,SORD,7,7,6,9,5,10,8,1,4,2,0,3
0.02075,0.03516199999999996,0.0152,0.029721499999999977,0.0173,0.031218499999999972,0.02495,0.03290600000000002,0.0121,0.020378500000000015,0.01295,0.02811100000000003,0.011300000000000001,0.01970233333333333,0.012350000000000002,0.014330499999999977,0.0127,0.018648999999999992,0.01385,0.014492000000000012,0.01365,0.016505249999999992,0.011300000000000001,DyS,6,0.014330499999999977,SORD,7,7,9,10,8,6,4,5,1,2,3,0
0.09555,0.10134004166666669,0.0444,0.03999200000000001,0.0622,0.05425450000000001,0.1241,0.11150916666666669,0.037149999999999996,0.036104874999999995,0.042249999999999996,0.038186833333333337,0.03135,0.0258165,0.03625,0.0339815,0.03485,0.041479,0.04605000000000001,0.04100441666666665,0.0444,0.03528170833333332,0.03135,DyS,6,0.0258165,DyS,6,6,7,10,4,5,1,9,8,2,0,3
0.1417,0.06281699999999998,0.0713,0.0312915,0.06335,0.04611700000000002,0.15755,0.07840599999999999,0.063,0.03578100000000001,0.05465,0.04562299999999999,0.028399999999999998,0.03138949999999999,0.05745,0.03790299999999999,0.06415,0.047120250000000016,0.0313,0.03542599999999999,0.0313,0.035247,0.028399999999999998,DyS,6,0.0312915,ACC,1,1,6,10,9,4,7,5,2,8,0,3
0.028450000000000003,0.16358133333333336,0.014450000000000001,0.125838,0.02035,0.15424475000000012,0.04445,0.165398,0.0141,0.09442679166666665,0.01315,0.09912458333333334,0.011850000000000001,0.10484983333333334,0.01325,0.089278,0.01355,0.10016725000000004,0.01255,0.1106616666666666,0.0181,0.09898187500000001,0.011850000000000001,DyS,6,0.089278,SORD,7,7,4,10,5,8,6,9,1,2,0,3
0.18774999999999997,0.18857750000000006,0.09785,0.15762274999999998,0.24125,0.12215000000000004,0.22675,0.1836852499999999,0.08545,0.21800749999999994,0.07185000000000001,0.16128699999999987,0.0981,0.148724,0.07554999999999999,0.10724100000000003,0.11560000000000001,0.14613566666666675,0.09135,0.1667604999999999,0.1613,0.17917850000000005,0.07185000000000001,HDy,5,0.10724100000000003,SORD,7,7,2,8,6,1,5,9,10,3,0,4
0.5,0.09256650000000001,0.5,0.08956875000000002,0.28825,0.10436475000000003,0.28825,0.10645549999999997,0.44155,0.08985350000000002,0.5,0.09844249999999995,0.5,0.06044100000000003,0.0935,0.07064199999999998,0.5,0.09264823333333337,0.5,0.08608749999999991,0.5,0.07402099999999995,0.0935,SORD,7,0.06044100000000003,DyS,6,6,7,10,9,1,4,0,8,5,2,3
0.025550000000000003,0.07003300000000003,0.014750000000000001,0.024743,0.0788,0.041104,0.09015000000000001,0.06808899999999997,0.056749999999999995,0.027666000000000013,0.014950000000000001,0.037034875000000016,0.014950000000000001,0.037668499999999994,0.023250000000000003,0.02614328571428572,0.1974,0.028157333333333336,0.014750000000000001,0.0230215,0.014750000000000001,0.024567999999999993,0.014750000000000001,ACC,1,0.0230215,MAX,9,9,10,1,7,4,8,5,6,2,3,0
0.0103,0.08808733333333335,0.00745,0.032762999999999994,0.015700000000000002,0.05047816666666666,0.019450000000000002,0.12997045833333332,0.006500000000000001,0.03458383333333334,0.015600000000000001,0.05259983333333332,0.0045000000000000005,0.03177875000000002,0.0049499999999999995,0.038145,0.0044,0.043300249999999985,0.0095,0.034781249999999986,0.00885,0.043642,0.0044,MS,8,0.03177875000000002,DyS,6,6,1,4,9,7,8,10,2,5,0,3
0.0592,0.08935760000000008,0.024700000000000003,0.043136,0.021150000000000002,0.08104799999999997,0.06905,0.14447287500000006,0.019000000000000003,0.03370400000000001,0.0346,0.04060755000000001,0.01325,0.03339308333333333,0.01775,0.04074820833333335,0.01935,0.03807649999999998,0.01695,0.036194500000000025,0.01705,0.05221929166666664,0.01325,DyS,6,0.03339308333333333,DyS,6,6,4,9,8,5,7,1,10,2,0,3
0.17300000000000001,0.17600312500000026,0.1377,0.10282769999999995,0.1822,0.15712925000000014,0.19820000000000002,0.19197925000000016,0.07675,0.06089200000000003,0.06935000000000001,0.08260550000000004,0.06795,0.06490491666666663,0.08290000000000002,0.05432869999999999,0.0736,0.08965450000000008,0.0915,0.07559749999999998,0.0906,0.07869689999999996,0.06795,DyS,6,0.05432869999999999,SORD,7,7,4,6,9,10,5,8,1,2,0,3
0.1582,0.18424508333333312,0.08035,0.14501462500000012,0.1255,0.18412331666666681,0.19115,0.192619,0.0546,0.08020999999999992,0.054450000000000005,0.08168133333333333,0.05225,0.06798954999999998,0.053849999999999995,0.07098540000000013,0.05355000000000001,0.07771549999999992,0.0713,0.09431924999999994,0.07205,0.09383575000000004,0.05225,DyS,6,0.06798954999999998,DyS,6,6,7,8,4,5,10,9,1,2,0,3
0.16365,0.20684280000000008,0.09195,0.131553875,0.12990000000000002,0.1487367083333334,0.1948,0.18861558333333328,0.06375,0.10507958333333337,0.0613,0.10480943333333329,0.0631,0.15835916666666658,0.063,0.132672,0.06335,0.11770232499999998,0.07780000000000001,0.14253204999999997,0.07890000000000001,0.13899295833333333,0.0613,HDy,5,0.10480943333333329,HDy,5,5,4,8,1,7,10,9,2,6,3,0
0.36655,0.08849599999999992,0.38744999999999996,0.04682215000000005,0.48515,0.09030599999999996,0.25984999999999997,0.10832487499999985,0.1117,0.05416863690476197,0.1164,0.051958083333333335,0.09849999999999999,0.03543312499999996,0.0932,0.04222053333333339,0.2579,0.04606683333333337,0.09625,0.059817,0.09449999999999999,0.052530291666666715,0.0932,SORD,7,0.03543312499999996,DyS,6,6,7,8,1,5,10,4,9,0,2,3
0.0483,0.225755,0.02215,0.11740100000000003,0.0907,0.12861000000000003,0.12135,0.23805466666666664,0.022099999999999998,0.07194525,0.024249999999999997,0.11873924999999998,0.020100000000000003,0.07555445833333337,0.02135,0.07616066666666668,0.0217,0.15002071428571426,0.025,0.09872508333333328,0.02475,0.08942524999999998,0.020100000000000003,DyS,6,0.07194525,SMM,4,4,6,7,10,9,1,5,2,8,0,3
0.3703,0.04677899999999997,0.1512,0.06299050000000003,0.5,0.08795179999999991,0.27085000000000004,0.0673695,0.09519999999999999,0.042814000000000005,0.1588,0.03454500000000002,0.09645,0.037322,0.09875,0.030831000000000018,0.11895,0.04072000000000002,0.12365,0.05387650000000001,0.12365,0.0543595,0.09519999999999999,SMM,4,0.030831000000000018,SORD,7,7,5,6,8,4,0,9,10,1,3,2
0.0052,0.04139599999999996,0.0052,0.02011950000000001,0.0196,0.03903500000000001,0.0196,0.06898699999999994,0.00715,0.03426100000000002,0.01485,0.023674000000000008,0.0062,0.019561500000000006,0.00315,0.022717499999999995,0.0035499999999999998,0.05495849999999999,0.0027500000000000003,0.02259700000000001,0.0027500000000000003,0.024920999999999992,0.0027500000000000003,MAX,9,0.019561500000000006,DyS,6,6,1,9,7,5,10,4,2,0,8,3
0.0291,0.09760800000000008,0.027600000000000003,0.066336,0.029300000000000003,0.06017739999999994,0.0508,0.11911669999999999,0.0331,0.04105050000000003,0.01885,0.07300175000000003,0.01935,0.03906800000000001,0.0291,0.04393200000000002,0.028999999999999998,0.05805863333333336,0.028149999999999998,0.053859,0.04100000000000001,0.048162825000000006,0.01885,HDy,5,0.03906800000000001,DyS,6,6,4,7,10,9,8,2,1,5,0,3
0.07680000000000001,0.23570525000000012,0.0344,0.132332,0.15535,0.14259650000000004,0.12765,0.20282770833333333,0.033549999999999996,0.15396924999999995,0.0365,0.074548,0.027800000000000002,0.09055658333333333,0.0304,0.07285641666666667,0.030950000000000002,0.1131176333333333,0.03085,0.10064026190476195,0.03975,0.14656987500000007,0.027800000000000002,DyS,6,0.07285641666666667,SORD,7,7,5,6,9,8,1,2,10,4,3,0
0.5,0.19475537500000012,0.5,0.13418237500000005,0.26285000000000003,0.22980183333333337,0.26285000000000003,0.1946659999999999,0.18460000000000001,0.06449383333333335,0.5,0.06777845833333333,0.5,0.0646879166666667,0.11645,0.06758212499999998,0.5,0.17726008333333326,0.5,0.07059425,0.5,0.08323199999999993,0.11645,SORD,7,0.06449383333333335,SMM,4,4,6,7,5,9,10,1,8,3,0,2
0.10295,0.10848050000000004,0.04875,0.08672849999999993,0.09154999999999999,0.07518775,0.14785,0.11448700000000006,0.0404,0.06433675000000003,0.051100000000000007,0.10640733333333337,0.03915,0.07260475,0.03955,0.04153574999999998,0.039900000000000005,0.10641950000000003,0.04875,0.11915270833333329,0.0484,0.10315949999999999,0.03915,DyS,6,0.04153574999999998,SORD,7,7,4,6,2,1,10,5,8,0,3,9
0.0151,0.10964050000000009,0.0115,0.05314200000000003,0.020950000000000003,0.10376950000000003,0.02705,0.10427400000000002,0.01165,0.07831600000000001,0.01365,0.07635199999999999,0.0105,0.055021499999999994,0.01115,0.08692250000000001,0.011200000000000002,0.04637500000000001,0.01145,0.06978149999999998,0.01275,0.058296166666666656,0.0105,DyS,6,0.04637500000000001,MS,8,8,1,6,10,9,5,4,7,2,3,0
0.0098,0.09017500000000002,0.01075,0.04743350000000001,0.012450000000000001,0.05800949999999995,0.01665,0.10486000000000001,0.00735,0.047559499999999984,0.0062,0.05049525000000001,0.005849999999999999,0.04446412500000005,0.0075,0.03867,0.00795,0.038161999999999974,0.00875,0.057144,0.00875,0.06745574999999998,0.005849999999999999,DyS,6,0.038161999999999974,MS,8,8,7,6,1,4,5,9,2,10,0,3
0.0131,0.17176000000000016,0.01085,0.07897141666666668,0.0182,0.10549600000000002,0.02315,0.13350450000000008,0.00955,0.0928690000000001,0.010700000000000001,0.14177075000000006,0.0089,0.12341966666666662,0.009000000000000001,0.04882750000000002,0.00935,0.12752866666666673,0.01145,0.0835995,0.011049999999999999,0.11619005000000007,0.0089,DyS,6,0.04882750000000002,SORD,7,7,1,9,4,2,10,6,8,3,5,0
0.27465,0.25912316666666657,0.4728,0.239308375,0.42424999999999996,0.18473233333333333,0.263,0.223159,0.40590000000000004,0.10050200000000002,0.4718,0.1926020999999999,0.46869999999999995,0.2534445,0.37424999999999997,0.08317050000000005,0.4728,0.21788449999999987,0.4728,0.1560075,0.4728,0.141296,0.263,PCC,3,0.08317050000000005,SORD,7,7,4,10,9,2,5,8,3,1,6,0
0.5,0.22354183333333347,0.5,0.13083299999999995,0.263,0.2693022500000002,0.263,0.22371536666666658,0.42135,0.08440241666666669,0.5,0.13324483333333342,0.5,0.08054616666666677,0.4219,0.08101983333333333,0.5,0.0993176666666666,0.4533,0.10505900833333333,0.4533,0.10217317499999991,0.263,PACC,2,0.08054616666666677,DyS,6,6,7,4,8,10,9,1,5,0,3,2
0.09005,0.2254907499999999,0.022949999999999998,0.19906709166666658,0.0236,0.1912432833333334,0.09390000000000001,0.22149633750000017,0.0228,0.15894919166666674,0.0352,0.21606129166666665,0.01965,0.18093705,0.023000000000000003,0.14932075000000003,0.02265,0.17556124999999995,0.01925,0.20611916666666658,0.0229,0.21674708333333334,0.01925,MAX,9,0.14932075000000003,SORD,7,7,4,8,6,2,1,9,5,10,3,0
0.03975,0.25371911666666674,0.02025,0.31371699999999997,0.026949999999999998,0.2700692499999999,0.05195,0.22176576785714286,0.0175,0.1307853333333334,0.01845,0.27002300000000007,0.0152,0.25369916666666664,0.017750000000000002,0.12288775000000005,0.01785,0.2505157916666667,0.01965,0.24458074999999987,0.0191,0.23801049999999985,0.0152,DyS,6,0.12288775000000005,SORD,7,7,4,3,10,9,8,6,0,5,2,1
0.08145,0.269534375,0.0351,0.22089024999999998,0.057999999999999996,0.1696935,0.10654999999999999,0.20360125,0.02435,0.1459525,0.0305,0.2511125,0.02255,0.2510381666666664,0.024550000000000002,0.12016900000000012,0.02235,0.2244072499999999,0.0386,0.2295529999999999,0.042050000000000004,0.18439350000000002,0.02235,MS,8,0.12016900000000012,SORD,7,7,4,2,10,3,1,8,9,6,5,0
0.040999999999999995,0.20546475000000006,0.02105,0.17350525,0.02235,0.187976,0.0493,0.22322549999999988,0.01735,0.05416041666666668,0.015050000000000001,0.09348825,0.0147,0.09482916666666663,0.017,0.06543400000000003,0.0173,0.10184483333333338,0.02105,0.09574758333333332,0.02205,0.06126554166666664,0.0147,DyS,6,0.05416041666666668,SMM,4,4,10,7,5,6,9,8,1,2,0,3
0.34895000000000004,0.17359166666666653,0.19649999999999998,0.22182048333333335,0.4395,0.19111674999999995,0.28455,0.16363175,0.1179,0.0768840916666667,0.08155,0.11589941666666663,0.049749999999999996,0.13359330000000005,0.0919,0.06705650000000002,0.14679999999999999,0.1611423333333332,0.052199999999999996,0.10039394999999997,0.0599,0.10190725,0.049749999999999996,DyS,6,0.06705650000000002,SORD,7,7,4,9,10,5,6,8,3,0,2,1
0.0,0.2687489,0.0,0.215720375,0.0039000000000000003,0.264204,0.0039000000000000003,0.23117640000000017,0.0017500000000000003,0.08238980000000003,0.01405,0.10236388333333338,0.0006,0.12608262500000003,0.0,0.07084500000000003,0.0,0.15018866666666664,0.00045,0.1146309,0.00045,0.09970670833333334,0.0,CC,0,0.07084500000000003,SORD,7,7,4,10,5,9,6,8,1,3,2,0
0.4985,0.275961775,0.4985,0.1911963333333333,0.35479999999999995,0.2138541666666666,0.35479999999999995,0.23349179166666673,0.1362,0.07984683333333331,0.128,0.1665455416666666,0.1293,0.13717808333333337,0.1384,0.06864650000000005,0.4985,0.21213949999999998,0.14565,0.12193122500000002,0.145,0.13974822500000003,0.128,HDy,5,0.06864650000000005,SORD,7,7,4,9,6,10,5,1,8,2,3,0
0.22745,0.2362181250000001,0.09885,0.2197492499999999,0.34635,0.2702516666666667,0.23235,0.2508161666666667,0.0777,0.08410116666666671,0.17065000000000002,0.11398966666666668,0.092,0.11690054999999998,0.08040000000000001,0.08564729166666671,0.07780000000000001,0.17705549999999998,0.10619999999999999,0.11353799999999996,0.10335000000000001,0.1064959833333333,0.0777,SMM,4,0.08410116666666671,SMM,4,4,7,10,9,5,6,8,1,0,3,2
0.1285,0.17544623333333342,0.06985000000000001,0.19845525000000003,0.1103,0.18901366666666672,0.18015,0.15199441666666666,0.05465,0.22211133333333336,0.0664,0.17467749166666668,0.0539,0.15009535000000004,0.055150000000000005,0.1982709166666668,0.056799999999999996,0.14818441666666668,0.0696,0.13808485416666672,0.06755,0.17086516666666668,0.0539,DyS,6,0.13808485416666672,MAX,9,9,8,6,3,10,5,0,2,7,1,4
0.06165,0.10221250000000007,0.0265,0.06186800000000003,0.0319,0.11755700000000006,0.07395,0.108558875,0.022000000000000002,0.05701950000000001,0.0258,0.09922675000000002,0.01885,0.05691650000000003,0.02165,0.038921,0.02105,0.053285000000000006,0.02415,0.06863375000000004,0.023850000000000003,0.06624225000000002,0.01885,DyS,6,0.038921,SORD,7,7,8,6,4,1,10,9,5,0,3,2
0.3728,0.2538059999999999,0.10875,0.14316012499999978,0.43905,0.186017,0.2901,0.2135999999999998,0.0809,0.054682900000000007,0.1361,0.08990158333333342,0.08074999999999999,0.06331141666666673,0.0802,0.05706100000000003,0.09925,0.11373049999999996,0.08165000000000001,0.08947400000000001,0.09805,0.09959400000000004,0.0802,SORD,7,0.054682900000000007,SMM,4,4,7,6,9,5,10,8,1,2,3,0
0.04275,0.26429208333333326,0.022799999999999997,0.3145421666666669,0.0337,0.3654901666666667,0.06265,0.22609150000000006,0.0232,0.11393910000000006,0.02645,0.09817599999999997,0.02085,0.09383799999999991,0.022400000000000003,0.08478150000000008,0.0223,0.19306499999999982,0.024,0.08597153333333343,0.02355,0.09255141666666666,0.02085,DyS,6,0.08478150000000008,SORD,7,7,9,10,6,5,4,8,3,0,1,2
0.2963,0.08650300000000005,0.2412,0.044153500000000026,0.5,0.0793295,0.25525,0.07322450000000003,0.15835000000000002,0.04013250000000002,0.14425000000000002,0.03925233333333334,0.1413,0.026679499999999995,0.163,0.02661649999999999,0.1722,0.037363499999999994,0.22215,0.027062499999999993,0.23315000000000002,0.034094,0.1413,DyS,6,0.02661649999999999,SORD,7,7,6,9,10,8,5,4,1,3,2,0
0.1723,0.19299950000000002,0.06805,0.19782299999999997,0.18515,0.1756925000000001,0.18395,0.1868798333333334,0.0571,0.17062550000000004,0.0632,0.19259600000000002,0.049400000000000006,0.21907199999999996,0.0574,0.15030350000000006,0.05745,0.20824433333333325,0.06344999999999999,0.21822049999999993,0.06605,0.19652349999999988,0.049400000000000006,DyS,6,0.15030350000000006,SORD,7,7,4,2,3,5,0,10,1,8,9,6
0.1125,0.13814350000000009,0.0349,0.12997115000000004,0.0557,0.17278150000000003,0.10800000000000001,0.11041100000000002,0.029450000000000004,0.22783699999999998,0.03665,0.12030683333333334,0.028050000000000002,0.147313,0.029249999999999998,0.2187460000000001,0.029449999999999997,0.13648266666666667,0.0356,0.13659149999999998,0.0369,0.16111,0.028050000000000002,DyS,6,0.11041100000000002,PCC,3,3,5,1,8,9,0,6,10,2,7,4
0.15365,0.15701375000000004,0.0664,0.069675,0.1516,0.09556399999999994,0.16469999999999999,0.19126246666666663,0.04685,0.058119000000000004,0.043,0.05934149999999999,0.04135,0.05088483333333338,0.0496,0.04322900000000002,0.04565,0.06498999999999999,0.06215,0.048944500000000016,0.0748,0.05978520833333336,0.04135,DyS,6,0.04322900000000002,SORD,7,7,9,6,4,5,10,8,1,2,0,3
0.1261,0.11297150000000007,0.04755,0.036369000000000005,0.21539999999999998,0.07893283333333334,0.22625,0.13002799999999998,0.07575,0.0552625,0.04775,0.03653750000000001,0.04775,0.04196016666666668,0.0525,0.035589249999999996,0.04755,0.08315733333333332,0.04755,0.06042500000000001,0.04755,0.03536399999999999,0.04755,ACC,1,0.03536399999999999,X,10,10,7,1,5,6,4,9,2,8,0,3
0.09285,0.13969350000000008,0.04535,0.1136968333333333,0.0635,0.22475650000000005,0.1255,0.1201820833333333,0.03655,0.08286600000000004,0.042199999999999994,0.1033195,0.03305,0.08885408333333338,0.0368,0.07093400000000001,0.0359,0.12540933333333334,0.04,0.1091752499999999,0.0458,0.11713309999999998,0.03305,DyS,6,0.07093400000000001,SORD,7,7,4,6,5,9,1,10,3,8,0,2
0.06995,0.10391424999999999,0.03165,0.04586400000000002,0.056299999999999996,0.1292025,0.10785,0.13256900000000002,0.0308,0.04275450000000002,0.02955,0.06263908333333335,0.02605,0.03109050000000001,0.02885,0.05790950000000006,0.0288,0.04526483333333335,0.03335,0.046398416666666685,0.0336,0.04008275,0.02605,DyS,6,0.03109050000000001,DyS,6,6,10,4,8,1,9,7,5,0,2,3
0.43134999999999996,0.08962062500000002,0.1733,0.04841099999999999,0.5,0.0916115,0.315,0.15283149999999998,0.1118,0.05172000000000001,0.1496,0.0641446666666667,0.09785,0.03824691666666671,0.1059,0.051261,0.1389,0.0343195,0.11359999999999999,0.04576275,0.11699999999999999,0.052412,0.09785,DyS,6,0.0343195,MS,8,8,6,9,1,7,4,10,5,0,2,3
0.1461,0.28191316666666677,0.060200000000000004,0.2707111666666666,0.10550000000000001,0.29778460000000007,0.18725000000000003,0.18705900000000003,0.052450000000000004,0.1555565,0.0562,0.13164010000000004,0.05045,0.25646216666666655,0.05140000000000001,0.10641812500000009,0.052250000000000005,0.26961199999999985,0.06355000000000001,0.17869233333333337,0.060200000000000004,0.16724275000000002,0.05045,DyS,6,0.10641812500000009,SORD,7,7,5,4,10,9,3,6,8,1,0,2
0.5,0.1474890000000001,0.5,0.09911690000000004,0.3243,0.14377274999999987,0.3243,0.16573128333333334,0.1074,0.07764735000000002,0.09494999999999999,0.07733063333333332,0.49155,0.05768374999999999,0.09815,0.07122133333333337,0.5,0.0748866666666667,0.10975,0.0871054166666667,0.10975,0.09664949999999997,0.09494999999999999,HDy,5,0.05768374999999999,DyS,6,6,7,8,5,4,9,10,1,2,0,3
0.18350000000000002,0.19521966666666668,0.0599,0.27084924999999993,0.128,0.23087393333333353,0.1844,0.1804845833333334,0.05,0.24161633333333335,0.08355,0.23149245833333323,0.0518,0.2965227500000001,0.05035,0.1123317,0.04905,0.22059237499999992,0.0591,0.23473299999999991,0.0591,0.23276362499999986,0.04905,MS,8,0.1123317,SORD,7,7,3,0,8,2,5,10,9,4,1,6
0.09540000000000001,0.25381199999999987,0.04195,0.15215150000000002,0.1323,0.16364060000000005,0.17800000000000002,0.20890749999999983,0.042199999999999994,0.1334575,0.04305,0.13173816666666674,0.0369,0.16666150000000005,0.04095,0.09028716666666675,0.04020000000000001,0.16711049999999988,0.0432,0.16754066666666667,0.043550000000000005,0.16625299999999996,0.0369,DyS,6,0.09028716666666675,SORD,7,7,5,4,1,2,10,6,8,9,3,0
0.0416,0.11665950000000005,0.02145,0.06163750000000002,0.0264,0.11183750000000008,0.05775,0.14262775000000003,0.0188,0.053135000000000016,0.02205,0.04401066666666668,0.016300000000000002,0.04997025,0.01815,0.040929000000000014,0.01895,0.05264075000000001,0.0197,0.05443250000000001,0.020100000000000003,0.04701641666666665,0.016300000000000002,DyS,6,0.040929000000000014,SORD,7,7,5,10,6,8,4,9,1,2,0,3
0.0094,0.2495471666666667,0.0076,0.19562143750000008,0.027450000000000002,0.17477300000000004,0.0258,0.21089583333333337,0.0079,0.1296832500000001,0.01655,0.19724789999999998,0.0073,0.19134533333333323,0.0069500000000000004,0.12783335,0.0069500000000000004,0.19067500000000007,0.008,0.19303099999999998,0.00915,0.17357036666666667,0.0069500000000000004,SORD,7,0.12783335,SORD,7,7,4,10,2,8,6,9,1,5,3,0
0.5,0.10979599999999996,0.5,0.10369200000000003,0.2602,0.11852479999999999,0.2602,0.1354512500000001,0.24835000000000002,0.08007074999999998,0.5,0.0780893333333333,0.5,0.09710750000000001,0.22704999999999997,0.0652675833333333,0.5,0.07691554999999996,0.35369999999999996,0.08783266666666663,0.35369999999999996,0.09445386309523812,0.22704999999999997,SORD,7,0.0652675833333333,SORD,7,7,8,5,4,9,10,6,1,0,2,3
0.01145,0.12584220000000004,0.00845,0.08391,0.0169,0.1264565,0.030600000000000002,0.16133100000000003,0.0073,0.07051399999999997,0.022000000000000002,0.06927700000000002,0.00575,0.04493591666666667,0.0059,0.05660500000000004,0.0064,0.05935200000000003,0.0060999999999999995,0.07794958333333334,0.0060999999999999995,0.08015492857142856,0.00575,DyS,6,0.04493591666666667,DyS,6,6,7,8,5,4,9,10,1,0,2,3
0.24645,0.14678193333333342,0.1012,0.09348049999999997,0.1285,0.12200524999999997,0.23115,0.15178750000000008,0.06305000000000001,0.08914419999999998,0.07605,0.09969600000000003,0.0554,0.10639675,0.05835,0.07072980000000005,0.07655,0.07943299999999998,0.06355000000000001,0.09850550000000005,0.0673,0.09922149999999991,0.0554,DyS,6,0.07072980000000005,SORD,7,7,8,4,1,9,10,5,6,2,0,3
0.07214999999999999,0.29946449999999997,0.0725,0.36677666666666653,0.06895000000000001,0.17962300000000003,0.13775,0.1491675,0.05005,0.24274250000000003,0.03275,0.3557615,0.03315,0.3796629999999998,0.05485,0.23753000000000005,0.04865,0.3659169999999999,0.09185,0.32280699999999984,0.09185,0.2993435000000001,0.03275,HDy,5,0.1491675,PCC,3,3,2,7,4,10,0,9,5,8,1,6
0.19024999999999997,0.08902299999999999,0.0701,0.0344755,0.28495000000000004,0.05729499999999999,0.15345,0.11143850000000002,0.04415,0.030250500000000017,0.04,0.050818999999999954,0.0308,0.02371549999999999,0.048600000000000004,0.021552000000000005,0.046450000000000005,0.03192400000000001,0.0417,0.026896499999999993,0.053950000000000005,0.030220499999999997,0.0308,DyS,6,0.021552000000000005,SORD,7,7,6,9,10,4,8,1,5,2,0,3
0.047599999999999996,0.08117500000000001,0.0287,0.04628400000000002,0.03475,0.09134949999999994,0.0622,0.11571599999999997,0.02205,0.04347675000000001,0.01905,0.04040079166666668,0.01915,0.034489,0.0229,0.0592001,0.02245,0.03801570000000001,0.027549999999999998,0.04761074999999998,0.027549999999999998,0.05829525000000002,0.01905,HDy,5,0.034489,DyS,6,6,8,5,4,1,9,10,7,0,2,3
0.0378,0.25653012500000005,0.01815,0.29703109999999977,0.1722,0.32707624999999996,0.14865,0.22966208333333324,0.018000000000000002,0.1615815,0.0187,0.233191375,0.014199999999999999,0.21808150000000015,0.0155,0.1421695,0.016200000000000003,0.2632762499999999,0.0147,0.2774725,0.0202,0.2023666666666666,0.014199999999999999,DyS,6,0.1421695,SORD,7,7,4,10,6,3,5,0,8,9,1,2
0.5,0.2192210000000001,0.5,0.14780975000000007,0.447,0.2000431,0.447,0.1899879166666666,0.53525,0.07698533333333331,0.5,0.08184545833333333,0.5,0.07369091666666666,0.51055,0.09332627500000001,0.5,0.07543474999999998,0.5,0.07786980000000003,0.5,0.12174199999999996,0.447,PACC,2,0.07369091666666666,DyS,6,6,8,4,9,5,7,10,1,3,2,0
0.0901,0.25418358333333335,0.0333,0.22668374999999993,0.0668,0.2396296666666667,0.12015,0.24980208333333348,0.032,0.15444675000000008,0.03525,0.17092275000000004,0.024050000000000002,0.19957066666666676,0.02765,0.11385800000000003,0.03195,0.2298639999999999,0.0333,0.14750359999999996,0.0365,0.14861050000000003,0.024050000000000002,DyS,6,0.11385800000000003,SORD,7,7,9,10,4,5,6,1,8,2,3,0
0.27649999999999997,0.18807283333333327,0.563,0.1495445833333333,0.5,0.23198771666666665,0.263,0.17675562499999997,0.5193,0.10656700000000001,0.3979,0.1096458333333333,0.54145,0.08910583333333337,0.42424999999999996,0.0755993666666667,0.5015,0.09858233333333333,0.43310000000000004,0.09093141666666665,0.563,0.09451966666666664,0.263,PCC,3,0.0755993666666667,SORD,7,7,6,9,10,8,4,5,1,3,0,2
0.1818,0.22611949999999997,0.1177,0.3125465,0.1925,0.14752400000000004,0.24165,0.14037889999999995,0.12325000000000001,0.30663999999999997,0.12135,0.269603,0.1139,0.2678040499999999,0.11715,0.06756550000000001,0.12990000000000002,0.297656,0.12240000000000001,0.29019549999999994,0.1177,0.2970189999999999,0.1139,DyS,6,0.06756550000000001,SORD,7,7,3,2,0,6,5,9,10,8,4,1
0.10355,0.21645708333333333,0.049400000000000006,0.19553554166666656,0.1291,0.26234099999999994,0.1739,0.18820727499999998,0.04775,0.23937749999999997,0.04905,0.18644816666666672,0.03895,0.1850890000000001,0.0446,0.23826124999999984,0.0478,0.1522469999999999,0.05115,0.20522166666666664,0.049400000000000006,0.18128275000000016,0.03895,DyS,6,0.1522469999999999,MS,8,8,10,6,5,3,1,9,0,7,4,2
0.43329999999999996,0.1781473333333334,0.35695,0.10017461666666666,0.5,0.14926363333333334,0.26580000000000004,0.18947035000000007,0.38295,0.04684466666666665,0.28565,0.06330255000000001,0.3189,0.05054875000000002,0.39135,0.04460312499999998,0.37829999999999997,0.07681591666666666,0.45695,0.05707266666666668,0.42729999999999996,0.07494899999999999,0.26580000000000004,PCC,3,0.04460312499999998,SORD,7,7,4,6,9,5,10,8,1,2,0,3
0.0898,0.2547774999999999,0.04535,0.11006600000000004,0.06709999999999999,0.18639766666666677,0.12795,0.22447783333333315,0.03485,0.09555491666666666,0.0379,0.11758750000000014,0.03425,0.09898150000000007,0.03645,0.10980535714285715,0.03585,0.12989449999999989,0.04335,0.09639266666666658,0.0461,0.10016175,0.03425,DyS,6,0.09555491666666666,SMM,4,4,9,6,10,7,1,5,8,2,3,0
0.049100000000000005,0.22241789999999995,0.0246,0.18557945833333334,0.0879,0.21250541666666678,0.11904999999999999,0.20264237499999993,0.02305,0.1287623333333334,0.025,0.10921416666666664,0.0204,0.09126749999999997,0.02075,0.10645850000000003,0.02085,0.18121616666666665,0.025150000000000002,0.102980825,0.02505,0.14950500000000003,0.0204,DyS,6,0.09126749999999997,DyS,6,6,9,7,5,4,10,8,1,3,2,0
0.0143,0.1866855,0.0078000000000000005,0.13259975000000002,0.03145,0.13875849999999995,0.04535,0.19244799999999998,0.0121,0.06977200000000001,0.02875,0.06797924999999998,0.0088,0.0868331666666667,0.00715,0.05224699999999997,0.00705,0.10249974999999999,0.00525,0.07861049999999999,0.005849999999999999,0.08356699999999996,0.00525,MAX,9,0.05224699999999997,SORD,7,7,5,4,9,10,6,8,1,2,0,3
0.00095,0.24482016666666662,0.00095,0.19058587499999988,0.0116,0.20772700000000008,0.0116,0.18800499999999995,0.0024,0.12666200000000014,0.0035000000000000005,0.20448819999999998,0.0013,0.18557624999999991,0.0011,0.09924799999999999,0.0015,0.17689199999999988,0.0025,0.19142774999999998,0.0025,0.15413249999999995,0.00095,CC,0,0.09924799999999999,SORD,7,7,4,10,8,6,3,1,9,5,2,0
0.08275,0.16087216666666676,0.03995,0.13234750000000003,0.05195,0.2150490000000001,0.10875,0.13488650000000002,0.0298,0.2109528333333333,0.03245,0.18612049999999994,0.0268,0.155601,0.030300000000000004,0.235031,0.03025,0.1423285,0.0431,0.14701853333333323,0.03975,0.17238899999999993,0.0268,DyS,6,0.13234750000000003,ACC,1,1,3,8,9,6,0,10,5,4,2,7
0.004,0.1817963333333334,0.0051,0.07783200000000001,0.0074,0.11843049999999998,0.010549999999999999,0.18606462499999996,0.006,0.11689050000000004,0.00615,0.1024779666666667,0.0045000000000000005,0.06022025,0.00505,0.1449341666666668,0.0051,0.08654999999999999,0.0054,0.08113766666666665,0.00555,0.09283125,0.004,CC,0,0.06022025,DyS,6,6,1,9,8,10,5,4,2,7,0,3
