abs-error-CC,abs-error-CC-predicted,abs-error-ACC,abs-error-ACC-predicted,abs-error-PACC,abs-error-PACC-predicted,abs-error-PCC,abs-error-PCC-predicted,abs-error-SMM,abs-error-SMM-predicted,abs-error-HDy,abs-error-HDy-predicted,abs-error-DyS,abs-error-DyS-predicted,abs-error-SORD,abs-error-SORD-predicted,abs-error-MS,abs-error-MS-predicted,abs-error-MS2,abs-error-MS2-predicted,abs-error-MAX,abs-error-MAX-predicted,abs-error-X,abs-error-X-predicted,abs-error-ideal,quantifier-ideal,quantifier-ideal-num,abs-error-recommended,quantifier-recommended,quantifier-recommended-num,rank-1,rank-2,rank-3,rank-4,rank-5,rank-6,rank-7,rank-8,rank-9,rank-10,rank-11,rank-12
0.1832,0.2817328789865159,0.05115,0.21540932760948087,0.06924999999999999,0.19641799423209838,0.2022,0.2226984042355974,0.0507,0.1728499410796978,0.09570000000000001,0.19217563859063191,0.05055,0.18630212304402902,0.04745,0.16281685931883788,0.052199999999999996,0.1942945987211279,0.22644999999999998,0.31132383880561065,0.060149999999999995,0.17558923386966974,0.0554,0.12684918581159949,0.04745,SORD,7,0.12684918581159949,X,11,11,7,4,10,6,5,8,2,1,3,0,9
0.19905,0.34457873622909463,0.24215,0.24930623438539495,0.1721,0.32775979358787233,0.24004999999999999,0.2569004593865183,0.12605,0.17986258187998788,0.15245,0.20784839256134763,0.1334,0.22812537227941565,0.12585000000000002,0.16841749929433159,0.1784,0.22394230400244247,0.3971,0.38363250959519324,0.20010000000000003,0.19605812466860634,0.2396,0.2606629313336703,0.12585000000000002,SORD,7,0.16841749929433159,SORD,7,7,4,10,5,8,6,1,3,11,2,0,9
0.28845,0.3198262485318132,0.0691,0.257203297446126,0.07915,0.22942196522774638,0.2829,0.26022984327714327,0.047599999999999996,0.13013820771308546,0.20850000000000002,0.2613760414508993,0.055099999999999996,0.17853568074839707,0.044950000000000004,0.15034417840698916,0.05595,0.23687106591788853,0.26785,0.32514699145934123,0.051100000000000007,0.14715628136894204,0.044199999999999996,0.15932930977169152,0.044199999999999996,X,11,0.13013820771308546,SMM,4,4,10,7,11,6,2,8,1,3,5,0,9
0.5,0.43038533531705087,0.5,0.35650769889685296,0.37799999999999995,0.20597328877904209,0.37799999999999995,0.3122973964331841,0.08564999999999999,0.23213852348870828,0.24285,0.35888079818820895,0.5,0.25911819009540715,0.08275,0.22986818690977168,0.5,0.30380715212327253,0.5,0.3870412012997843,0.2872,0.17845934667774566,0.2872,0.18754276592569097,0.08275,SORD,7,0.17845934667774566,MAX,10,10,11,2,7,4,6,8,3,1,5,9,0
0.27,0.28429628669313645,0.16895,0.19724377262342296,0.3455,0.22372373677268764,0.24945,0.22794036845059792,0.09040000000000001,0.15273416082855312,0.17855000000000001,0.22957992522639808,0.064,0.19449850815450054,0.09140000000000001,0.1469746928241355,0.09300000000000001,0.19572051096579335,0.32905,0.3633363462214855,0.1384,0.20055190497222147,0.41255000000000003,0.2451533708569838,0.064,DyS,6,0.1469746928241355,SORD,7,7,4,6,8,1,10,2,3,5,11,0,9
0.38815,0.38800148640174265,0.09465,0.37195590655492317,0.35215,0.2655272947527787,0.4645,0.36879639762489635,0.12895,0.3038309864198989,0.31605,0.31852395155598756,0.16495,0.35646729340239147,0.1315,0.32507614126186296,0.16005,0.374057728373446,0.3111,0.34205701226924856,0.06735000000000001,0.21368909245680767,0.06735000000000001,0.20473550466407803,0.06735000000000001,MAX,10,0.20473550466407803,X,11,11,10,2,4,5,7,9,6,3,1,8,0
0.33715000000000006,0.24015121133769543,0.1259,0.17670074665452928,0.1609,0.18816207513192856,0.3023,0.1900164788020431,0.17015,0.1646516603987844,0.47275,0.25578026733915543,0.43655,0.16064016146461849,0.1464,0.14209671711748317,0.17365000000000003,0.16760083425580366,0.2723,0.25288719635943085,0.15035,0.08746313073351991,0.07525,0.1680668418656751,0.07525,X,11,0.08746313073351991,MAX,10,10,7,6,4,8,11,1,2,3,0,9,5
0.5,0.33656380857829116,0.5,0.29123922659067525,0.37835,0.19953677393933672,0.37835,0.2827175624426161,0.0876,0.2009716412999959,0.309,0.30296467811447336,0.337,0.21271791419902056,0.0643,0.2550653341090714,0.5,0.2555154782075196,0.5,0.3032997377963289,0.5,0.16371093842991813,0.5,0.20993509837059043,0.0643,SORD,7,0.16371093842991813,MAX,10,10,2,4,11,6,7,8,3,1,5,9,0
0.12955,0.159391719392285,0.0659,0.048058851734959385,0.22175,0.1657561970663768,0.18434999999999999,0.15483564581476678,0.06755,0.10998607809649895,0.15635,0.20551563121876448,0.05145,0.13567728066057172,0.05355000000000001,0.047570860350988384,0.0649,0.06630958038258658,0.27685,0.22071869893281185,0.06245,0.04936169601168586,0.09040000000000001,0.14904429931572116,0.05145,DyS,6,0.047570860350988384,SORD,7,7,1,10,8,4,6,11,3,0,2,5,9
0.5,0.37643153310614225,0.5,0.3292848408665461,0.43575,0.3059274226649658,0.43575,0.2973099700547716,0.25135,0.1921146911137564,0.263,0.27834954268188383,0.263,0.2502090243715691,0.21739999999999998,0.18017309203264564,0.5,0.2657679887822372,0.5,0.35118276543401117,0.5,0.1560934451230226,0.5,0.2132501202438749,0.21739999999999998,SORD,7,0.1560934451230226,MAX,10,10,7,4,11,6,8,5,3,2,1,9,0
0.49939999999999996,0.3862175564469737,0.4918,0.2353534532684387,0.3433,0.30038859905736864,0.4905,0.37109518907364203,0.40909999999999996,0.18688223202364096,0.43215000000000003,0.28507151564903654,0.4756,0.24053548408675526,0.4868,0.16045857687100332,0.49895,0.29906488940199283,0.24960000000000002,0.35682762634167553,0.13140000000000002,0.19532208707604368,0.13140000000000002,0.21400756876513166,0.13140000000000002,MAX,10,0.16045857687100332,SORD,7,7,4,10,11,1,6,5,8,2,9,3,0
0.43395000000000006,0.3697290932967551,0.30079999999999996,0.33034665142455544,0.17335,0.2274794444726273,0.3901,0.2921521735490471,0.1449,0.2099581478296418,0.45155,0.30549318505064627,0.32255,0.24758287974403734,0.17525,0.24001181459852255,0.23855,0.32834941590140543,0.28059999999999996,0.33828207197103477,0.05815000000000001,0.19051172919750411,0.19835,0.21838892751451558,0.05815000000000001,MAX,10,0.19051172919750411,MAX,10,10,4,11,2,7,6,3,5,8,1,9,0
0.1975,0.26679932373678505,0.1638,0.16819477585608217,0.18795,0.20658347516339737,0.2235,0.22271148341919025,0.12435,0.1429339001333806,0.1843,0.2037933954813831,0.12465,0.1903140247075592,0.13055,0.12323333462040606,0.127,0.1542130838792944,0.2999,0.3296512518913729,0.19795000000000001,0.11832630259015527,0.18635000000000002,0.17232835932503304,0.12435,SMM,4,0.11832630259015527,MAX,10,10,7,4,8,1,11,6,5,2,3,0,9
0.5,0.3765099357536081,0.5,0.3476757689923763,0.21975,0.2656629956550374,0.39935000000000004,0.2925306742656726,0.38785000000000003,0.21281188728722128,0.47240000000000004,0.4149585951147754,0.45439999999999997,0.3175207499114387,0.48465,0.2410714596662621,0.5,0.3152834712277016,0.31705,0.33813967234661146,0.0661,0.1919936883781143,0.13545,0.23967867575712962,0.0661,MAX,10,0.1919936883781143,MAX,10,10,4,11,7,2,3,8,6,9,1,0,5
0.39299999999999996,0.2828363675645393,0.32155,0.2970399187984578,0.49924999999999997,0.29167000831628603,0.26195,0.20148102743372026,0.18635000000000002,0.323198306823876,0.307,0.33915900745789823,0.26505,0.33207470059668104,0.16865,0.29717719911181184,0.28385,0.3251250589180855,0.34945,0.30023740870948173,0.11245000000000001,0.31059269432980796,0.12895,0.3357846224570953,0.11245000000000001,MAX,10,0.20148102743372026,PCC,3,3,0,2,1,7,9,10,4,8,6,11,5
0.0,0.04555150593771956,0.0,0.012977548924606813,0.0209,0.12600632306407175,0.0209,0.0982334164625852,0.02645,0.08922502573609711,0.0,0.10763929764053945,0.0,0.10455183963552683,0.0,0.04029029766335157,0.0,0.017888533446962562,0.0,0.06377051963369867,0.0,0.055054794978325494,0.0,0.02000663675257283,0.0,CC,0,0.012977548924606813,ACC,1,1,8,11,7,0,10,9,4,3,6,5,2
0.37205,0.39519811316047415,0.15875,0.33071229038836447,0.5,0.3362629864729604,0.2787,0.28171177278946646,0.16845,0.2861369285299857,0.2003,0.38274942924463135,0.16190000000000002,0.3209211719297973,0.1576,0.2956971398485588,0.15535,0.3202547154667065,0.45715000000000006,0.43270268262269085,0.19435,0.3194577342117513,0.32435,0.32732169270305045,0.15535,MS,8,0.28171177278946646,PCC,3,3,4,7,10,8,6,11,1,2,5,0,9
0.0317,0.17718702290094437,0.01905,0.08317584443923076,0.06105000000000001,0.16686357631156834,0.06305,0.170497739059472,0.038599999999999995,0.08133254035612338,0.02915,0.06677698708471484,0.022000000000000002,0.05632486346282417,0.0235,0.013381925734859065,0.02825,0.06357036419567844,0.12925,0.20693989065233873,0.01905,0.056813413474868235,0.021949999999999997,0.10397596067153539,0.01905,ACC,1,0.013381925734859065,SORD,7,7,6,10,8,5,4,1,11,2,3,0,9
0.00885,0.08317662586769686,0.0059499999999999996,0.05763474084492734,0.0291,0.09907352634500924,0.03345,0.12760151887526383,0.0067,0.06346728024259743,0.0149,0.1301502510849164,0.0084,-0.010240511247716272,0.00605,0.08120500238866883,0.0059499999999999996,0.04056609536575376,0.00885,0.08389208464421913,0.0068000000000000005,0.02179459446317672,0.0086,0.047599111924761225,0.0059499999999999996,ACC,1,-0.010240511247716272,DyS,6,6,10,8,11,1,4,7,0,9,2,3,5
0.3398,0.2706773087374827,0.25365,0.19833633452527527,0.17215,0.2081821307160373,0.2864,0.22024030254066615,0.18015,0.1591427987465722,0.36719999999999997,0.33764821986396276,0.27835,0.2599664829407366,0.16325,0.1744834061815787,0.17995,0.17962742883431232,0.18830000000000002,0.24451664788512495,0.13685,0.07222173646026016,0.08025,0.16243827882435205,0.08025,X,11,0.07222173646026016,MAX,10,10,4,11,7,8,1,2,3,9,6,0,5
0.42095,0.3752971867028002,0.25875,0.35580079996158037,0.5,0.3286808897402139,0.26495,0.24611538948173,0.36835,0.1073593943091277,0.0654,0.30769002790923394,0.1765,0.33020879813226056,0.15744999999999998,0.07892634850620898,0.3043,0.3616211638168172,0.5,0.36048488017671104,0.17170000000000002,0.2536143101275766,0.4052,0.28056882634443586,0.0654,HDy,5,0.07892634850620898,SORD,7,7,4,3,10,11,5,2,6,1,9,8,0
0.00955,0.025819165499994162,0.0072499999999999995,-0.040524372624110155,0.0165,0.058277042806940155,0.02035,0.07611869537117275,0.00645,0.00966904413970987,0.00845,-0.05582295208419599,0.00515,-0.03563035883478649,0.0053,-0.028632538551767936,0.00555,-0.04740422400633579,0.011699999999999999,0.06209759733841538,0.0083,0.029602446371894325,0.0059,0.06446460211239852,0.00515,DyS,6,-0.05582295208419599,HDy,5,5,8,1,6,7,4,0,10,2,9,11,3
0.4485,0.3937552189641216,0.20375,0.30770560728414675,0.5,0.38297590824353156,0.29164999999999996,0.2982932001657841,0.0765,0.19922716893289527,0.2327,0.345558311858652,0.08265,0.3304398006157323,0.0787,0.24669442399560818,0.14429999999999998,0.3007755994696616,0.3429,0.42768919847830555,0.09494999999999999,0.27129466834497923,0.0993,0.3319735419550771,0.0765,SMM,4,0.19922716893289527,SMM,4,4,7,10,3,8,1,6,11,5,2,0,9
0.3601,0.30358552541565026,0.11505000000000001,0.2437764045407727,0.48835,0.20789738008420355,0.26844999999999997,0.23579479293053163,0.06865,0.21939979996254708,0.36210000000000003,0.3345931641623982,0.08945,0.17972699986689278,0.05885,0.2441405302024542,0.2969,0.22127256004915707,0.2998,0.3267818387755196,0.18945,0.19985443778407805,0.1253,0.23700501378292974,0.05885,SORD,7,0.17972699986689278,DyS,6,6,10,2,4,8,3,11,1,7,0,9,5
0.0,0.052279540280633696,0.0,0.03423524056084706,0.003,0.0980031302606171,0.003,0.10678833044889748,0.02275,0.08676916349630565,0.01665,0.08724760259298495,0.0,0.07874101349865195,0.0,0.04868095995197223,0.0,0.018053731421128427,0.0,0.078525474326027,0.0,0.08777700286368448,0.0,0.05288518524972807,0.0,CC,0,0.018053731421128427,MS,8,8,1,7,0,11,9,6,4,5,10,2,3
0.5,0.38646175123978077,0.5,0.30684216151227905,0.361,0.29276277030479597,0.361,0.29568093952049873,0.17415,0.20194237667008702,0.317,0.3356771680084687,0.317,0.19486235219954984,0.48625,0.2157643933687494,0.5,0.2806408150909393,0.5,0.33392884312760474,0.5,0.26288243512380594,0.5,0.2593159403070676,0.17415,SMM,4,0.19486235219954984,DyS,6,6,4,7,11,10,8,2,3,1,9,5,0
0.5,0.4376256784487437,0.5,0.467994433389878,0.37884999999999996,0.34013688993661656,0.37884999999999996,0.29326777165629236,0.3578,0.35965871734623445,0.5,0.46992153864120056,0.5,0.38384712625319956,0.5,0.39650267992479515,0.5,0.46536566652216366,0.5,0.41716447589855926,0.5,0.3632895778411419,0.5,0.3800551965601892,0.3578,SMM,4,0.29326777165629236,PCC,3,3,2,4,10,11,6,7,9,0,8,1,5
0.19024999999999997,0.25942091203704293,0.09505000000000001,0.15124896262534293,0.1727,0.2501560630224657,0.21675,0.23328880628733462,0.07755,0.11438976750513372,0.086,0.15086368075252987,0.0776,0.14341939655824523,0.07985,0.059249769819504985,0.07735,0.1305931093834924,0.32780000000000004,0.3366884184142646,0.0942,0.10300457171476718,0.09725,0.11142974356121138,0.07735,MS,8,0.059249769819504985,SORD,7,7,10,11,4,8,6,5,1,3,2,0,9
0.22625,0.26613289060094286,0.051550000000000006,0.2120516434672784,0.4239,0.30065200574954,0.20149999999999998,0.2425624109638471,0.0599,0.1558092992602796,0.048600000000000004,0.15608997594118154,0.04285,0.18196054158986358,0.055999999999999994,0.10578725321114045,0.0575,0.17423747406659867,0.35090000000000005,0.336981390962305,0.09945,0.20544429867929925,0.09945,0.20335982903699878,0.04285,DyS,6,0.10578725321114045,SORD,7,7,4,5,8,6,11,10,1,3,0,2,9
0.0762,0.1586554871657979,0.08215,0.10260781897263312,0.11939999999999999,0.17970213689968903,0.1431,0.15952662258643602,0.1272,0.1318460062436442,0.08395,0.20196155037572316,0.10305,0.1612896968423889,0.1297,0.08322732461374224,0.09325000000000001,0.1199192320857634,0.301,0.19270165838887648,0.1637,0.10016142460717162,0.22315000000000002,0.14101532272864692,0.0762,CC,0,0.08322732461374224,SORD,7,7,10,1,8,4,11,0,3,6,2,9,5
0.215,0.2148169123494213,0.1593,0.2110982283036042,0.19690000000000002,0.3086557754550631,0.25105,0.21996807437096091,0.14265,0.1850174751016569,0.1579,0.1826416902933031,0.16005,0.20120977263946932,0.1413,0.11175187715485879,0.15915,0.21267654638303143,0.5,0.2797629568434115,0.1593,0.24260949023612577,0.1593,0.23538563965489945,0.1413,SORD,7,0.11175187715485879,SORD,7,7,5,4,6,1,8,0,3,11,10,9,2
0.42034999999999995,0.41383802497808514,0.233,0.35751834198218746,0.08875,0.27441544160151604,0.34299999999999997,0.3171344385182253,0.07339999999999999,0.1555198246864944,0.18760000000000002,0.3009220687343121,0.1091,0.3020677666166306,0.055650000000000005,0.1592283915179675,0.11305,0.3525629578808721,0.24684999999999999,0.37772429878216185,0.059699999999999996,0.21582179147964065,0.06535,0.22381721651247205,0.055650000000000005,SORD,7,0.1555198246864944,SMM,4,4,7,10,11,2,5,6,3,8,1,9,0
0.22795,0.21214521965004585,0.0868,0.1409323136099728,0.19565000000000002,0.18876165362081465,0.21080000000000002,0.18976042212487637,0.046349999999999995,0.11076280727970932,0.17495000000000002,0.3050545488400188,0.060899999999999996,0.17055728528597153,0.04945,0.08209108919009349,0.047400000000000005,0.18299465355794828,0.30219999999999997,0.21498257559750017,0.09065,0.05860831678469744,0.2327,0.13376831048318488,0.046349999999999995,SMM,4,0.05860831678469744,MAX,10,10,7,4,11,1,6,8,2,3,0,9,5
0.24815,0.3035363645900645,0.1085,0.20128404450237047,0.12925,0.22861301852197485,0.23125,0.22350624553137363,0.0582,0.11862874238600801,0.06165,0.1167757198596969,0.0487,0.1550753753246476,0.0541,0.072743189308396,0.07475,0.17649180184153918,0.27605,0.3287025212005104,0.066,0.1570940847725233,0.066,0.15082231485286063,0.0487,DyS,6,0.072743189308396,SORD,7,7,5,4,11,6,10,8,1,3,2,0,9
0.5,0.4588753696441086,0.5,0.39123678602061107,0.3151,0.4210043306251962,0.3151,0.3286492529907428,0.33135,0.25196970825017184,0.5,0.35162931051434465,0.5,0.28705858491296204,0.5,0.23532521675211954,0.5,0.3572885258648236,0.5,0.4906617659006077,0.5,0.26688822726613254,0.5,0.3003775284284415,0.3151,PACC,2,0.23532521675211954,SORD,7,7,4,10,6,11,3,5,8,1,2,0,9
0.08525,0.17106632463914628,0.0762,0.0831714846920319,0.0802,0.11292629452236069,0.14595,0.15495857118755507,0.054000000000000006,0.12206180666198722,0.0356,0.13218348184410383,0.0451,0.09656882032721914,0.0611,0.08825790971654483,0.05625,0.07530803885649312,0.21865,0.2231326531711119,0.06480000000000001,0.09915089749828947,0.08495000000000001,0.11392255158191779,0.0356,HDy,5,0.07530803885649312,MS,8,8,1,7,6,10,2,11,4,5,3,0,9
0.023399999999999997,0.12757527487267228,0.0361,0.014577997976157137,0.08814999999999999,0.12064504687935343,0.08985,0.1400862752891643,0.0369,0.09071342820645739,0.0736,0.09434546092610055,0.0251,0.07093653780064826,0.03555,0.04528248881917614,0.036000000000000004,0.02416440872048317,0.10060000000000001,0.15399857026065283,0.0361,0.08012080502632292,0.04845,0.0845027783239892,0.023399999999999997,CC,0,0.014577997976157137,ACC,1,1,8,7,6,10,11,4,5,2,0,3,9
0.14825000000000002,0.2154545613083471,0.06365,0.11835738708148122,0.1509,0.26063068138613493,0.1834,0.2111891413165362,0.05835,0.07810587087256429,0.06875,0.03021660872563231,0.0509,0.07289409351778386,0.05055,0.050767576204647225,0.0572,0.10964352870486233,0.27105,0.2899640566503777,0.0518,0.11611044552727903,0.0721,0.11267268028564087,0.05055,SORD,7,0.03021660872563231,HDy,5,5,7,6,4,8,11,10,1,3,0,2,9
0.13335,0.22133475728541696,0.061500000000000006,0.11050457352147486,0.11689999999999999,0.16375452198510415,0.1875,0.18974294818859794,0.049550000000000004,0.10080954345599276,0.055600000000000004,0.10956369649605793,0.04595,0.11654298478250155,0.049699999999999994,0.07636299851539434,0.049400000000000006,0.11341447559659687,0.2788,0.2677826268828496,0.06185,0.11914818411935105,0.059500000000000004,0.14708777129117134,0.04595,DyS,6,0.07636299851539434,SORD,7,7,4,5,1,8,6,10,11,2,3,0,9
0.22665,0.29787253403070996,0.109,0.21832234269651357,0.2889,0.2565655195372408,0.22920000000000001,0.2367085599684124,0.0739,0.200312778677623,0.0852,0.21672469819903606,0.067,0.1756777165279657,0.06975,0.21446795471279606,0.07425,0.2052045499693647,0.31905,0.3722099843967886,0.09985,0.23441169733180836,0.0848,0.26168244034899013,0.067,DyS,6,0.1756777165279657,DyS,6,6,4,8,7,5,1,10,3,2,11,0,9
0.00975,0.09508967958867823,0.00975,0.11026547636822434,0.036750000000000005,0.15241029354734223,0.036750000000000005,0.12464324942200003,0.0161,0.056787876183961014,0.0231,0.06023721812281552,0.0104,-0.03542281632505534,0.0102,0.09377787988650009,0.010050000000000002,0.06983948586679319,0.01155,0.13065513354011543,0.0007000000000000001,0.1290096885360328,0.0007000000000000001,0.12719017098523963,0.0007000000000000001,MAX,10,-0.03542281632505534,DyS,6,6,4,5,8,7,0,1,3,11,10,9,2
0.02005,0.22148011025975287,0.044950000000000004,0.17046791226380736,0.02125,0.12219136982435955,0.06725,0.19291721348934626,0.05405,0.1442380274721657,0.052250000000000005,0.19287638268142376,0.014650000000000002,0.14035273450498154,0.04020000000000001,0.12952995166090053,0.04445,0.15560652277727083,0.03325,0.20576116513175946,0.0228,0.14564897632082544,0.02165,0.10494753744994947,0.014650000000000002,DyS,6,0.10494753744994947,X,11,11,2,7,6,4,10,8,1,5,3,9,0
0.0,0.1640404638577107,0.0,0.11357296731599398,0.0029,0.24702611485275275,0.0029,0.1460271913634944,0.003,0.15640218079313728,0.008150000000000001,0.13756658024896704,0.0012,0.09902007224969975,0.0,0.11409696144977892,0.0,0.17800537543589123,0.0,0.19790748356047666,0.00395,0.08846472615572662,0.00395,0.12875667527313747,0.0,CC,0,0.08846472615572662,MAX,10,10,6,1,7,11,5,3,4,0,8,9,2
0.5,0.37341501765965013,0.5,0.43749216509191824,0.386,0.3488623270608169,0.386,0.24826800773498006,0.44875,0.36326396361689,0.281,0.37488241107539433,0.281,0.37912730500908826,0.5,0.370258002560235,0.5,0.44511229358392995,0.5,0.3866491775817807,0.5,0.4085417893132377,0.5,0.35217852381331904,0.281,HDy,5,0.24826800773498006,PCC,3,3,2,11,4,7,0,5,6,9,10,1,8
0.0151,0.04669994022695231,0.01115,0.01155729134024458,0.011200000000000002,0.11477472535321187,0.01955,0.12266784642611603,0.009250000000000001,0.026209052630916774,0.0083,-0.028878698145836088,0.008150000000000001,-0.015899655318550476,0.0087,-0.0014997338006935285,0.00885,-0.004436741627831503,0.030300000000000004,0.1393424149301462,0.01085,0.05562328809429741,0.01115,0.04753327975188529,0.008150000000000001,DyS,6,-0.028878698145836088,HDy,5,5,6,8,7,1,4,0,11,10,2,3,9
0.1303,0.22404016460155857,0.028650000000000002,0.0987595283279546,0.3148,0.2150548703335608,0.20795000000000002,0.18454408986663187,0.06945,0.10119678976524502,0.035,0.1133093648141659,0.02625,0.06578779996904213,0.03,0.08296766661312335,0.0294,0.1126106565881983,0.1555,0.2489312437564243,0.028650000000000002,0.139852187816284,0.07339999999999999,0.17968421062396908,0.02625,DyS,6,0.06578779996904213,DyS,6,6,7,1,4,8,5,10,11,3,2,0,9
0.01665,0.04717709291981512,0.013500000000000002,-0.029266739352099835,0.0245,0.041813517779759446,0.0348,0.09185625164889444,0.0175,0.02131033957758094,0.012,0.06585948383564669,0.0098,0.014673855637746563,0.014750000000000001,0.018606797290868074,0.015150000000000002,-0.04042348441996377,0.0638,0.08138550268751119,0.014750000000000001,-0.005000590909003594,0.01645,0.02326103269418145,0.0098,DyS,6,-0.04042348441996377,MS,8,8,1,10,6,7,4,11,2,0,5,9,3
0.053899999999999997,0.12866307482459896,0.04475,0.012932497528812897,0.087,0.10141056355963907,0.11964999999999999,0.1246845362447252,0.0275,0.07678183466978873,0.02675,0.09164290168856415,0.0317,0.045879071099167085,0.0317,0.07334147552213098,0.03065,0.007679539424967158,0.13615,0.15783096714583467,0.0455,0.026208325719439513,0.03445,0.032159053926900105,0.02675,HDy,5,0.007679539424967158,MS,8,8,1,10,11,6,7,4,5,2,3,0,9
0.5,0.40149798024435635,0.5,0.3321311909900437,0.30655,0.3870548796879984,0.30655,0.2755217477370706,0.44585,0.2570223589660665,0.48200000000000004,0.30078666597655235,0.48200000000000004,0.2874785830300297,0.47705,0.3129187816842294,0.5,0.31540534473722565,0.5,0.45035733815969226,0.5,0.32031452387909065,0.5,0.31636967591942344,0.30655,PACC,2,0.2570223589660665,SMM,4,4,3,6,5,7,8,11,10,1,2,0,9
0.31489999999999996,0.0918104299511212,0.0575,0.06979170011972285,0.42200000000000004,0.11551507126755725,0.2455,0.1619430010830194,0.1134,0.10681301571444246,0.059050000000000005,0.18512590809644427,0.05935000000000001,0.1414797057161254,0.11349999999999999,0.05272641041857899,0.0575,0.12881564299792142,0.3077,0.14476535857918882,0.0575,0.017417875014882844,0.0575,0.12238666995048855,0.0575,ACC,1,0.017417875014882844,MAX,10,10,7,1,0,4,2,11,8,6,9,3,5
0.2978,0.23684717358946764,0.23575,0.0994619136249687,0.2546,0.198292351714921,0.29675,0.1671692896830938,0.24850000000000003,0.13259425567722488,0.4188,0.24768215026358636,0.27855,0.15921542566505256,0.20695,0.09393254637296196,0.30265000000000003,0.08432907756981625,0.3454,0.2552666479918952,0.1764,0.025299613909108065,0.23235,0.08722473224643319,0.1764,MAX,10,0.025299613909108065,MAX,10,10,8,11,7,1,4,6,3,2,0,5,9
0.00995,0.06555463651661911,0.0137,-0.02440835974146202,0.04545,0.10510819661329807,0.05965,0.10396038385885134,0.0177,0.03611477603003421,0.0124,0.05179648292373762,0.01075,0.06666560486399459,0.016300000000000002,0.009055010876659511,0.01665,-0.035986062024068455,0.044000000000000004,0.0897197700446615,0.03625,-0.0021634710015099867,0.03625,0.0371903085137571,0.00995,CC,0,-0.035986062024068455,MS,8,8,1,10,7,4,11,5,0,6,9,3,2
0.16845,0.20988832286603318,0.08505000000000001,0.09311350654251285,0.1422,0.2100212213383847,0.22094999999999998,0.1831166493454605,0.0733,0.12254134754660137,0.05785,0.09442425243862382,0.05915,0.10911339642174722,0.06935000000000001,0.031402123646421795,0.09140000000000001,0.11161657440820012,0.3159,0.19143341465572639,0.0743,0.10555811307553405,0.07165,0.15271050124170457,0.05785,HDy,5,0.031402123646421795,SORD,7,7,1,5,10,6,8,4,11,3,9,0,2
0.2118,0.23749678229041196,0.044000000000000004,0.11433259573208404,0.0528,0.13297713395197364,0.20085,0.19772690655659686,0.04975,0.0913539756638008,0.0694,0.15305039917022667,0.034050000000000004,0.06895213543037132,0.051550000000000006,0.09101162535587669,0.05115,0.09467851418650704,0.25505,0.21241637840357075,0.0471,0.0965987858503726,0.049400000000000006,0.107747844042542,0.034050000000000004,DyS,6,0.06895213543037132,DyS,6,6,7,4,8,10,11,1,2,5,3,9,0
0.217,0.24968867603809367,0.051100000000000007,0.12221397432693673,0.053399999999999996,0.1541493123069302,0.18739999999999998,0.20597514325144942,0.0475,0.0944564091055434,0.2005,0.19779748184336374,0.09325,0.0700272352480561,0.0384,0.10224518391581265,0.044000000000000004,0.09798846431373298,0.22089999999999999,0.235692177652292,0.049,0.11356914062982583,0.04135,0.12511558926572414,0.0384,SORD,7,0.0700272352480561,DyS,6,6,4,8,7,10,1,11,2,5,3,9,0
0.2162,0.24669140753403507,0.049550000000000004,0.10752523102564132,0.051500000000000004,0.14417144589476844,0.2167,0.2041429452806225,0.04015,0.09291841007093386,0.15835000000000002,0.19926442620836718,0.07445,0.06686393601606938,0.0415,0.08925009832771925,0.04145000000000001,0.08108663596173923,0.20614999999999997,0.23221242451433194,0.058899999999999994,0.11000263738459308,0.05135,0.12257257368803959,0.04015,SMM,4,0.06686393601606938,DyS,6,6,8,7,4,1,10,11,2,5,3,9,0
0.20975000000000002,0.272852759171839,0.051100000000000007,0.15530311913034336,0.0682,0.16891499052941272,0.2046,0.21836899943479515,0.0558,0.10289831598121937,0.18265,0.21437745059307944,0.0449,0.08534838564795239,0.04335,0.10913613702517565,0.0501,0.12422118796389228,0.23725000000000002,0.2595313286268188,0.04365,0.13398228305571744,0.05,0.147314825704676,0.04335,SORD,7,0.08534838564795239,DyS,6,6,4,7,8,10,11,1,2,5,3,9,0
0.34765,0.3564197548172381,0.09415000000000001,0.33434663026481304,0.06105000000000001,0.35145310857770806,0.32420000000000004,0.2702719867261802,0.0774,0.14489922235544958,0.21065,0.23537232328189972,0.0809,0.16132093055082408,0.0758,0.11738796323281432,0.08865,0.2977044090895173,0.27415,0.3335339013214165,0.04125,0.2016190735614562,0.0414,0.20057793789974573,0.04125,MAX,10,0.11738796323281432,SORD,7,7,4,6,11,10,5,3,8,9,1,2,0
0.5,0.4068788964603166,0.5,0.29063712902054495,0.3969,0.3132685814903803,0.3969,0.2903504152410832,0.06995,0.1657321705571715,0.5,0.222003855267683,0.5,0.19774685298143277,0.06315,0.12652103380754148,0.5,0.26686050211388546,0.5,0.3756817933829075,0.5,0.1690143605057711,0.5,0.16624836952167032,0.06315,SORD,7,0.12652103380754148,SORD,7,7,4,11,10,6,5,8,3,1,2,9,0
0.5,0.39302697979918344,0.5,0.2801260984343288,0.37075,0.30331482550228245,0.37075,0.29242996576467106,0.13175,0.16561711385221622,0.5,0.21910063121300505,0.5,0.19429501961734438,0.10385,0.12647079894778646,0.5,0.2606614081264592,0.5,0.3676117083699645,0.5,0.16826426009287837,0.5,0.16206766490935237,0.10385,SORD,7,0.12647079894778646,SORD,7,7,11,4,10,6,5,8,1,3,2,9,0
0.48534999999999995,0.4012034385673309,0.2511,0.39767109559017333,0.5,0.2931299084725797,0.3775,0.2932741215726107,0.0682,0.16416254951513418,0.11085,0.35787434375637994,0.0599,0.24170617660385746,0.06055,0.12362587695511834,0.2506,0.3407856834142601,0.27635000000000004,0.40009323904521166,0.0605,0.2552817286045213,0.060899999999999996,0.261619373555351,0.0599,DyS,6,0.12362587695511834,SORD,7,7,4,6,10,11,2,3,8,5,1,9,0
0.47485,0.40763028202211243,0.32155,0.36067844126952076,0.3795,0.3136418914349708,0.3909,0.29733516807470417,0.11074999999999999,0.16477980914498008,0.17184999999999997,0.36863633724295597,0.0975,0.2503102694921677,0.08904999999999999,0.12792428430703012,0.24745,0.3586381006532978,0.2781,0.4036075625015991,0.08045,0.25867072058453694,0.06885,0.262305456440364,0.06885,X,11,0.12792428430703012,SORD,7,7,4,6,10,11,3,2,8,1,5,9,0
0.5,0.40064215615760146,0.5,0.4037617228852637,0.29795,0.340500408101616,0.29795,0.2865383640387646,0.19875,0.27566722914834596,0.276,0.3754737728908791,0.41155,0.3864811157263286,0.19995000000000002,0.28196135020041413,0.5,0.37876914039674225,0.5,0.4297774238665095,0.3281,0.38781229047764026,0.24245,0.3552614690305015,0.19875,SMM,4,0.27566722914834596,SMM,4,4,7,3,2,11,5,8,6,10,0,1,9
0.25215,0.31021174710289995,0.33235,0.2247165727861343,0.24865,0.32503930300431216,0.25725000000000003,0.2593140950054924,0.21265,0.19977971397504413,0.19235,0.2596930817544565,0.1565,0.22562867589651453,0.17309999999999998,0.2019266244030744,0.16440000000000002,0.25691448001008477,0.45555,0.3922381847595293,0.28675,0.22922274526893655,0.30820000000000003,0.3331727931149808,0.1565,DyS,6,0.19977971397504413,SMM,4,4,7,1,6,10,8,3,5,0,2,11,9
0.1448,0.20822153946628702,0.05745,0.16744137236066903,0.12915000000000001,0.15803164866992087,0.1967,0.16961533004795096,0.0711,0.16956911947102998,0.16715,0.2158697143987141,0.08529999999999999,0.17855646994738889,0.06755,0.17889842323326227,0.06955,0.16062923877317614,0.2011,0.2674725284980506,0.05715,0.13365005145431844,0.0803,0.12084409706327884,0.05715,MAX,10,0.12084409706327884,X,11,11,10,2,8,1,4,3,6,7,0,5,9
0.2146,0.31023170827005964,0.12895,0.2486249895762627,0.2181,0.3604097010099561,0.21170000000000003,0.2594118137071695,0.09480000000000001,0.14899791183724456,0.09179999999999999,0.19366184258373015,0.1041,0.20904374322448974,0.08455,0.09343566774796991,0.08900000000000001,0.26487062239541664,0.36329999999999996,0.3960703998139239,0.12895,0.27582920498249675,0.12895,0.30032563398764567,0.08455,SORD,7,0.09343566774796991,SORD,7,7,4,5,6,1,3,8,10,11,0,2,9
0.3625,0.38616627444833496,0.08715,0.3323798908046175,0.1483,0.2446451742708743,0.39130000000000004,0.295645059941539,0.0391,0.1517623829834897,0.1195,0.24742767258388287,0.04650000000000001,0.17283151579334188,0.03875,0.190776366427208,0.047700000000000006,0.3011128896724129,0.1649,0.378132866017499,0.0437,0.19371779856843507,0.03905,0.1931493586218967,0.03875,SORD,7,0.1517623829834897,SMM,4,4,6,7,11,10,2,5,3,8,1,9,0
0.25295,0.36994103048087146,0.08825,0.2821820967987562,0.1389,0.3279353934468975,0.27165,0.26166792202093475,0.0783,0.1689890338443086,0.21075,0.32551258165410446,0.07125,0.2300340436827269,0.07725,0.17894328595470418,0.06775,0.3043715986288147,0.31579999999999997,0.362541293053763,0.08425,0.27457865316366636,0.1231,0.28807667753436605,0.06775,MS,8,0.1689890338443086,SMM,4,4,7,6,3,10,1,11,8,5,2,9,0
0.028450000000000003,0.14960099312755304,0.0137,0.1155247569234403,0.04095,0.10612882730076373,0.05895,0.16712891289616044,0.019450000000000002,0.059658014818978256,0.04545,0.10187197296344419,0.024,-0.01022685682567609,0.01585,0.0862014357901607,0.01625,0.07284026522989752,0.0339,0.14952996113451333,0.017650000000000002,0.1208116823171258,0.017650000000000002,0.12416790293180305,0.0137,ACC,1,-0.01022685682567609,DyS,6,6,4,8,7,5,2,1,10,11,9,0,3
0.02135,0.09209081956217596,0.013049999999999999,0.03750705851239805,0.011500000000000002,0.11691562946407386,0.02145,0.11979540877915688,0.0116,0.012790120589517617,0.014199999999999999,-0.016092369563557987,0.0079,-0.027059606700011424,0.010050000000000002,-0.009070932836763176,0.0103,-0.013681594203625497,0.03085,0.12942847274665398,0.011699999999999999,0.0660563670010461,0.0149,0.0909665970944448,0.0079,DyS,6,-0.027059606700011424,DyS,6,6,5,8,7,4,1,10,11,0,2,3,9
0.02535,0.06087218611571177,0.0115,-0.010084833409460064,0.0416,0.10755815161621501,0.0524,0.11138291745932286,0.0168,0.03480115043141099,0.0364,0.08727102895214439,0.0264,0.06116386975521318,0.011200000000000002,-6.62832161010124e-05,0.01075,-0.011668380410544604,0.06905,0.10227524466724357,0.030100000000000002,0.023623421062760358,0.030100000000000002,0.07722587069637106,0.01075,MS,8,-0.011668380410544604,MS,8,8,1,7,10,4,0,6,11,5,9,2,3
0.0086,0.23630103052731008,0.006500000000000001,0.23675972907645923,0.0302,0.25873031952584213,0.03495,0.21245419866516943,0.0114,0.21404613477761647,0.015700000000000002,0.2469633694633795,0.0086,0.19542199662352136,0.00655,0.20295434138245128,0.006500000000000001,0.23534029906718806,0.0086,0.2079244651259064,0.00695,0.10357574489799459,0.009000000000000001,0.1834689684264993,0.006500000000000001,ACC,1,0.10357574489799459,MAX,10,10,11,6,7,9,3,4,8,0,1,5,2
0.0204,0.1279233713702883,0.016200000000000003,0.14386220998872365,0.044950000000000004,0.1876260264111769,0.04935,0.16594424907803462,0.0151,0.13267112290571786,0.0177,0.16812521240269698,0.0158,0.11270938272362094,0.01555,0.15200699615402047,0.01565,0.17996245544535905,0.020499999999999997,0.13983441804637214,0.01615,0.16482552994897734,0.01775,0.2176213072956579,0.0151,SMM,4,0.11270938272362094,DyS,6,6,0,4,9,1,7,10,3,5,8,2,11
0.03705,0.13264184220743178,0.0323,0.09167742533092066,0.057,0.10394009515509614,0.06155,0.15106181762405554,0.039599999999999996,0.05132970826080817,0.05525,0.13729339131198393,0.0483,0.003062577824222479,0.0378,0.10009461017828654,0.0371,0.077203671325261,0.04375,0.12215763169303216,0.03685,0.019606525352181492,0.03685,0.042610121525169325,0.0323,ACC,1,0.003062577824222479,DyS,6,6,10,11,4,8,1,7,2,9,0,5,3
0.22735,0.400374304572501,0.11215,0.3623487487839574,0.35105,0.3344223361002265,0.23295000000000002,0.25497537599629405,0.0902,0.21236575097399896,0.1659,0.18675841730173848,0.09480000000000001,0.17991261072590348,0.08995000000000002,0.18796830203166626,0.08745000000000001,0.3231072071533466,0.35229999999999995,0.3984471694223329,0.10975,0.19609732121993478,0.11065,0.19441862423335055,0.08745000000000001,MS,8,0.17991261072590348,DyS,6,6,5,7,11,10,4,3,8,2,1,9,0
0.05325,0.19938004681013954,0.0204,0.15953882579834405,0.0194,0.11549470946641188,0.055,0.20153648291580717,0.0171,0.14242392632322304,0.0416,0.18401334686918563,0.02245,0.1237440069835053,0.0177,0.10680608225066991,0.01725,0.1630854524509223,0.05535,0.20278896857566855,0.01705,0.1245155960090461,0.01705,0.10181265091421694,0.01705,MAX,10,0.10181265091421694,X,11,11,7,2,6,10,4,1,8,5,0,3,9
0.0786,0.12797549308656858,0.03105,0.06842740472167683,0.11855,0.10509200765864857,0.1235,0.12372356385924115,0.04545,0.13872529644053094,0.02895,0.13209624646276788,0.030900000000000004,0.1403507944706891,0.0378,0.12478188254414778,0.041550000000000004,0.06674075107267642,0.16765,0.18165920339991432,0.03105,0.07541461410571973,0.03105,0.07079082372773186,0.02895,HDy,5,0.06674075107267642,MS,8,8,1,11,10,2,3,7,0,5,4,6,9
0.02075,0.093225207444349,0.0152,0.0324500247757282,0.0173,0.10845037887621956,0.02495,0.11947612373756406,0.0121,0.006415875735813564,0.01295,-0.002495425115441624,0.011300000000000001,-0.034395136249696534,0.012350000000000002,-0.01915616358803557,0.0127,-0.017650473540145317,0.025849999999999998,0.12973810691785775,0.01385,0.046128746779626625,0.01365,0.0691000492764976,0.011300000000000001,DyS,6,-0.034395136249696534,DyS,6,6,7,8,5,4,1,10,11,0,2,3,9
0.1417,0.24111867663536496,0.0713,0.10440429771153728,0.06335,0.13082339315449054,0.15755,0.22172313503818228,0.063,0.06821713163870788,0.05465,0.16387756023206293,0.028399999999999998,0.08865706190746037,0.05745,0.07498308420534398,0.06415,0.0622404347082242,0.2353,0.21632396644780852,0.0313,0.05065612986612973,0.0313,0.07165131196807975,0.028399999999999998,DyS,6,0.05065612986612973,MAX,10,10,8,4,11,7,6,1,2,5,9,3,0
0.22195,0.2940983992481626,0.24530000000000002,0.28785582262679754,0.21205000000000002,0.21500329852835548,0.27995000000000003,0.26154849645189376,0.16185,0.17412280602984517,0.25129999999999997,0.29849285090818856,0.0481,0.18984116456476097,0.1406,0.22330472449451577,0.18875,0.2669336462384849,0.32104999999999995,0.2673047268801849,0.04135,0.17779717583436688,0.05085,0.18713977002807963,0.04135,MAX,10,0.17412280602984517,SMM,4,4,10,11,6,2,7,3,8,9,1,0,5
0.028450000000000003,0.10656887390505276,0.014450000000000001,0.050430822245994406,0.02035,0.10621317296183477,0.04445,0.15081395088028715,0.0141,0.04595348098127004,0.01315,0.11913891790393195,0.011850000000000001,-0.0014796500601444162,0.01325,0.021865159409115334,0.01355,0.04297499455536055,0.04665,0.1403285672158878,0.01255,0.02249383766455082,0.0181,0.032780402901975425,0.011850000000000001,DyS,6,-0.0014796500601444162,DyS,6,6,7,10,11,8,4,1,2,0,5,9,3
0.5,0.382425362711753,0.5,0.41332621784188717,0.4634,0.20167475208950014,0.4634,0.3375669633785744,0.1286,0.29099172564786024,0.337,0.3193345346134965,0.337,0.25457482759122635,0.10845,0.3876004347518151,0.5,0.383688452530568,0.5,0.34172363901963926,0.5,0.2440019265683006,0.5,0.2504684468306058,0.10845,SORD,7,0.20167475208950014,PACC,2,2,10,11,6,4,5,3,9,0,8,7,1
0.2161,0.2924256746061078,0.127,0.26634997057556,0.18710000000000002,0.2871308522891472,0.23170000000000002,0.2241442472191132,0.10575,0.19148081781501813,0.0716,0.27638138189877615,0.05605,0.24865177613158823,0.11435000000000001,0.12869628327276522,0.1318,0.27026742353079464,0.34685000000000005,0.32595640358267575,0.09255000000000001,0.23660414017697903,0.212,0.2984568638430325,0.05605,DyS,6,0.12869628327276522,SORD,7,7,4,3,10,6,1,8,5,2,0,11,9
0.18774999999999997,0.2555892112389953,0.09785,0.1871876876653258,0.24125,0.2717320625520708,0.22675,0.1983707205279197,0.08545,0.22496604266941325,0.07185000000000001,0.11248763784593338,0.0981,0.16212737561904847,0.07554999999999999,0.12196306610591251,0.11560000000000001,0.18721101461337852,0.314,0.29011239342547324,0.09135,0.16381072572198688,0.1613,0.23350156121111176,0.07185000000000001,HDy,5,0.11248763784593338,HDy,5,5,7,6,10,1,8,3,4,11,0,2,9
0.5,0.3827809215331077,0.5,0.32955012079235774,0.28825,0.4319170133394724,0.28825,0.2649974699623209,0.44155,0.2795119347305192,0.5,0.2956308288514917,0.5,0.3410065409338008,0.0935,0.26679538294505595,0.5,0.38011297253070675,0.5,0.38058736959592626,0.5,0.36077874472787597,0.5,0.36637517453095036,0.0935,SORD,7,0.2649974699623209,PCC,3,3,7,4,5,1,6,10,11,8,9,0,2
0.025550000000000003,0.1258942011338725,0.014750000000000001,0.09172160180797989,0.0788,0.21513976953388064,0.09015000000000001,0.12764448072944118,0.056749999999999995,0.14582370862930094,0.014950000000000001,0.0955278853475293,0.014950000000000001,0.11405230146143985,0.023250000000000003,0.10978344192542769,0.1974,0.10499769182533751,0.042050000000000004,0.14869488830449357,0.014750000000000001,0.1081358562720518,0.014750000000000001,0.10479295621933568,0.014750000000000001,ACC,1,0.09172160180797989,ACC,1,1,5,11,8,10,7,6,0,3,4,9,2
0.32205,0.37811422716428517,0.2506,0.30061440243363824,0.16824999999999998,0.24030410091625815,0.26905,0.25911315465963775,0.126,0.2649468867094006,0.2585,0.362672534365324,0.1802,0.30336426419402507,0.13065,0.2967275349860385,0.20420000000000002,0.32527912788520297,0.25915,0.38395255750722207,0.1157,0.2572587871648766,0.07585,0.2859425453197175,0.07585,X,11,0.24030410091625815,PACC,2,2,10,3,4,11,7,1,6,8,5,0,9
0.0103,0.1059514286333183,0.00745,0.05075843023835283,0.015700000000000002,0.0705873564285964,0.019450000000000002,0.12837508543621837,0.006500000000000001,0.07745770617084369,0.015600000000000001,0.09324080719089875,0.0045000000000000005,0.05628115639324566,0.0049499999999999995,0.09922557569205238,0.0044,0.046819632655107774,0.0103,0.11058537439158363,0.0095,0.04331601110983746,0.00885,0.057135596061573285,0.0044,MS,8,0.04331601110983746,MAX,10,10,8,1,6,11,2,4,5,7,0,9,3
0.0592,0.16282752953517582,0.024700000000000003,0.03996991921300749,0.021150000000000002,0.09530833344143264,0.06905,0.17054597838112107,0.019000000000000003,0.036705258352025316,0.0346,0.09182063850926259,0.01325,-0.0038688618569217292,0.01775,0.031174331853451476,0.01935,-0.0035478918580520435,0.0767,0.19688109511598628,0.01695,0.05303025366873977,0.01705,0.051838208218662765,0.01325,DyS,6,-0.0038688618569217292,DyS,6,6,8,7,4,1,11,10,5,2,0,3,9
0.0,0.049328033357862344,0.0,0.03023450660881402,0.02085,0.07833763255693332,0.02085,0.10488096948757689,0.022600000000000002,0.040632957104435846,0.02265,0.07026536955813469,0.0035000000000000005,0.014838563785280423,0.0021,0.026926024328348508,0.00395,0.015010221281196917,0.048150000000000005,0.04482670196288904,0.0,0.01459814654020658,0.0,0.025643222149738437,0.0,CC,0,0.01459814654020658,MAX,10,10,6,8,11,7,1,4,9,0,5,2,3
0.17300000000000001,0.26465866191563636,0.1377,0.1587652655290718,0.1822,0.22772169061105807,0.19820000000000002,0.21812946471602623,0.07675,0.11605805347023494,0.06935000000000001,0.1728192286791807,0.06795,0.13533235171898897,0.08290000000000002,0.10833955416793008,0.0736,0.1349545947878465,0.31420000000000003,0.3284574250635425,0.0915,0.16016740756451378,0.0906,0.16776851361529077,0.06795,DyS,6,0.10833955416793008,SORD,7,7,4,8,6,1,10,11,5,3,2,0,9
0.1582,0.250525517483855,0.08035,0.12930915047170918,0.1255,0.22981654017287545,0.19115,0.21794245800093975,0.0546,0.15457420013237538,0.054450000000000005,0.13171330101378675,0.05225,0.09854442339992464,0.053849999999999995,0.14881440195564666,0.05355000000000001,0.1303026675545748,0.2786,0.3151766252068542,0.0713,0.11344442856012817,0.07205,0.10440827041079596,0.05225,DyS,6,0.09854442339992464,DyS,6,6,11,10,1,8,5,7,4,3,2,0,9
0.16365,0.250525517483855,0.09195,0.12930915047170918,0.12990000000000002,0.22576416327122528,0.1948,0.21794245800093975,0.06375,0.15434869927682277,0.0613,0.13171330101378675,0.0631,0.09854442339992464,0.063,0.14881440195564666,0.06335,0.1303026675545748,0.27875,0.3151766252068542,0.07780000000000001,0.11344442856012817,0.07890000000000001,0.10440827041079596,0.0613,HDy,5,0.09854442339992464,DyS,6,6,11,10,1,8,5,7,4,3,2,0,9
0.21969999999999998,0.27298949546894524,0.08015,0.21740362288122436,0.10625,0.15636413832691254,0.231,0.2282213042669809,0.06775,0.19264031456610567,0.30835,0.25928692045719204,0.16835,0.22085842514821918,0.0788,0.15569844316096798,0.10175000000000001,0.19841504107981056,0.21864999999999998,0.21041535663251534,0.1273,0.14281762311952736,0.14685,0.1503741897483943,0.06775,SMM,4,0.14281762311952736,MAX,10,10,11,7,2,4,8,9,1,6,3,5,0
0.36655,0.3395283105291819,0.38744999999999996,0.304336752946873,0.48515,0.32162591269207186,0.25984999999999997,0.25114249498440555,0.1117,0.21306795043637672,0.1164,0.24779078035385707,0.09849999999999999,0.268920575414224,0.0932,0.1916280166228423,0.2579,0.3036821184378694,0.3386,0.40296974285020637,0.09625,0.28518835974852,0.09449999999999999,0.28272131800044054,0.0932,SORD,7,0.1916280166228423,SORD,7,7,4,5,3,6,11,10,8,1,2,0,9
0.011000000000000001,0.09686395548672633,0.03265,0.03497686787999532,0.0357,0.15864658318480968,0.06585,0.11516090315860116,0.02415,0.04286938147335535,0.0325,0.08345187047534869,0.0143,0.07495863999150001,0.021949999999999997,-0.0016883878458311824,0.0233,0.0267463296567364,0.05775,0.12019319192672337,0.03465,0.032626718754404094,0.02925,0.12464783533777798,0.011000000000000001,CC,0,-0.0016883878458311824,SORD,7,7,8,10,1,4,6,5,0,3,9,11,2
0.09179999999999999,0.21424291795178152,0.07025,0.08037340880054633,0.059000000000000004,0.25449735080464486,0.15814999999999999,0.19886105334147053,0.06275,0.10625433278431307,0.07145,0.1862410680552465,0.04885,0.11872883850919755,0.05475000000000001,0.05298970563594971,0.05305,0.11688445523300524,0.267,0.2659192011725096,0.0635,0.0669909247941298,0.0635,0.15401153459921138,0.04885,DyS,6,0.05298970563594971,SORD,7,7,10,1,4,8,6,11,5,3,0,2,9
0.38775,0.38818859430823416,0.2818,0.3607352705692641,0.5,0.37397087862110145,0.2829,0.2798309585048825,0.15695,0.23811396963345693,0.3371,0.3304486432531383,0.20004999999999998,0.3075821133322696,0.1534,0.23010370903819427,0.19955,0.3708495017546661,0.33615,0.41951135051342414,0.16405,0.3650606194945347,0.2796,0.37442236724578526,0.1534,SORD,7,0.23010370903819427,SORD,7,7,4,3,6,5,1,10,8,2,11,0,9
0.0483,0.14937907327473932,0.02215,0.12488733006045466,0.0907,0.18240955786373964,0.12135,0.17198323040093075,0.022099999999999998,0.06332885636989424,0.024249999999999997,0.008402270527381087,0.020100000000000003,0.0383222126858388,0.02135,0.04696712554763838,0.0217,0.121315784283207,0.1206,0.22039358362439168,0.025,0.12538509318794008,0.02475,0.1247249791842312,0.020100000000000003,DyS,6,0.008402270527381087,HDy,5,5,6,7,4,8,11,1,10,0,3,2,9
0.33525,0.2106574097196444,0.31475000000000003,0.17770390186598498,0.2773,0.21379444183048496,0.30405,0.17189363402070373,0.1566,0.17985881244005214,0.34875,0.18655702226601018,0.22399999999999998,0.13460482259069267,0.16585,0.17795822318073207,0.2398,0.18146982892778138,0.09484999999999999,0.16349712272139882,0.256,0.15438235419752366,0.256,0.16266739061584967,0.09484999999999999,MS2,9,0.13460482259069267,DyS,6,6,10,11,9,3,1,7,4,8,5,0,2
0.3703,0.33163086696557165,0.1512,0.2252214511672035,0.5,0.25669067442647636,0.27085000000000004,0.27021399328002316,0.09519999999999999,0.1147059420773179,0.1588,0.16871327536143357,0.09645,0.18433555544141,0.09875,0.1197405657608455,0.11895,0.19444210561913436,0.34465,0.38105727998856753,0.12365,0.16805860019919228,0.12365,0.1338094333277156,0.09519999999999999,SMM,4,0.1147059420773179,SMM,4,4,7,11,10,5,6,8,1,2,3,0,9
0.0052,-0.0026883656065559702,0.0052,-0.03793263619918252,0.0196,0.06120801170911039,0.0196,0.07151747335763664,0.00715,0.017785347503450344,0.01485,-0.02091690762215695,0.0062,-0.031341714383317065,0.00315,0.011257974697029147,0.0035499999999999998,-0.035374390729375815,0.0103,0.03146790121665802,0.0027500000000000003,0.006422432700333935,0.0027500000000000003,0.04127571147152562,0.0027500000000000003,MAX,10,-0.03793263619918252,ACC,1,1,8,6,5,0,10,7,4,9,11,2,3
0.021550000000000003,0.13472084013162955,0.02875,0.05191697353472918,0.24275,0.15071160294337793,0.1999,0.1343566603453885,0.05205,0.12233113635700846,0.1346,0.1444885050862604,0.050600000000000006,0.10975086096614492,0.04125,0.08527239538278161,0.0393,0.04900213362902622,0.0774,0.11536965773302335,0.02875,0.07347662635802138,0.16015000000000001,0.047778450781303994,0.021550000000000003,CC,0,0.047778450781303994,X,11,11,8,1,10,7,6,9,4,3,0,5,2
0.5,0.3184421999480007,0.5,0.2952052322919779,0.32755,0.278433057062247,0.32755,0.23800334600128506,0.5012,0.23687413625044923,0.48200000000000004,0.3527596574715048,0.48200000000000004,0.29003223334328726,0.5,0.23059246196371128,0.5,0.32674171814873987,0.5,0.3384565068844039,0.5,0.26983074798219353,0.5,0.256700638081232,0.32755,PACC,2,0.23059246196371128,SORD,7,7,4,3,11,10,2,6,1,0,8,9,5
0.056150000000000005,0.15674418042944657,0.06975,0.06049932542935382,0.0857,0.14620559265665872,0.1107,0.14568905829069023,0.039900000000000005,0.08547767032766848,0.029750000000000002,0.0985759972820692,0.028149999999999998,0.0901808864589706,0.03615,0.017057727762155694,0.0358,0.05057373059005282,0.20845,0.19980946118795287,0.058100000000000006,0.0896506885727423,0.0647,0.16186679526858144,0.028149999999999998,DyS,6,0.017057727762155694,SORD,7,7,8,1,4,10,6,5,3,2,0,11,9
0.2656,0.3361535945420401,0.3069,0.38879014549585283,0.26115,0.4332775345081136,0.2771,0.23823448260793342,0.3464,0.3366323875697298,0.30774999999999997,0.389872845588873,0.3072,0.3568790335604032,0.3025,0.303621533716424,0.3069,0.3865374625104785,0.42200000000000004,0.3639437232421453,0.3069,0.29457273055070676,0.3069,0.30962093762251264,0.26115,PACC,2,0.23823448260793342,PCC,3,3,10,7,11,0,4,6,9,8,1,5,2
0.1422,0.16061683055559453,0.11615,0.12000158148686901,0.10505,0.19978645263704065,0.16515000000000002,0.16519505051456632,0.1349,0.154098956616543,0.20725000000000002,0.0965999214390566,0.15380000000000002,0.10371681784236475,0.12275,0.12842111313306148,0.1259,0.10275366466505374,0.16605,0.2460543827685337,0.1051,0.1399461840085061,0.0885,0.17462576057074672,0.0885,X,11,0.0965999214390566,HDy,5,5,8,6,1,7,10,4,0,3,11,2,9
0.0291,0.12203527613271561,0.027600000000000003,0.04083310495892756,0.029300000000000003,0.07962537508443024,0.0508,0.12862642644315064,0.0331,0.05678927973634905,0.01885,0.10610037866914128,0.01935,0.05788873524291424,0.0291,0.05963678601425304,0.028999999999999998,0.021366081787716318,0.0435,0.12227834327312435,0.028149999999999998,0.022151128704376605,0.04100000000000001,0.06499907897227,0.01885,HDy,5,0.021366081787716318,MS,8,8,10,1,4,6,7,11,2,5,0,9,3
0.13394999999999999,0.12172453650537376,0.084,0.03534496086150532,0.0616,0.09613647803278458,0.13595000000000002,0.12193053301727616,0.05195,0.08752544855101735,0.09595000000000001,0.15963755024421272,0.0559,0.10784888625936712,0.053500000000000006,0.09401574237520127,0.0458,0.052548751595759446,0.17695,0.15878431737966991,0.0656,0.04733851526312935,0.0814,0.0830428640424706,0.0458,MS,8,0.03534496086150532,ACC,1,1,10,8,11,4,7,2,6,0,3,9,5
0.07680000000000001,0.19160532242342718,0.0344,0.06721930417636832,0.15535,0.15460569290232412,0.12765,0.18536259921884055,0.033549999999999996,0.04846811821957016,0.0365,0.05721745382567594,0.027800000000000002,0.041823187128843364,0.0304,0.04387850888184015,0.030950000000000002,0.03460945571912241,0.16355,0.23017732744622052,0.03085,0.08461766847481714,0.03975,0.061363226990255745,0.027800000000000002,DyS,6,0.03460945571912241,MS,8,8,6,7,4,5,11,1,10,2,3,0,9
0.0,0.07131644672019269,0.0,0.034699997443347785,0.04825,0.14981122790276147,0.04825,0.11772643517430145,0.04095,0.06285409554350688,0.0,0.06334797724424208,0.0,0.10151533339674634,0.00015,0.0059040164443120435,0.0,0.010655908669854997,0.0,0.1100530840753631,0.0,0.07650796501830197,0.0,0.06491269342544083,0.0,CC,0,0.0059040164443120435,SORD,7,7,8,1,4,5,11,0,10,6,9,3,2
0.5,0.31794696786733395,0.5,0.2309698752814106,0.26285000000000003,0.39578795382773796,0.26285000000000003,0.2571711639675169,0.18460000000000001,0.22308074517551232,0.5,0.1779783356099702,0.5,0.15309828911197015,0.11645,0.09363893714581208,0.5,0.20709011579910752,0.5,0.4041618557889421,0.5,0.12359294330797864,0.5,0.22603611140076102,0.11645,SORD,7,0.09363893714581208,SORD,7,7,10,6,5,8,4,11,1,3,0,2,9
0.036750000000000005,0.18405686091419418,0.015150000000000002,0.13718076366267967,0.25695,0.20647340183641566,0.22940000000000002,0.19184332127483283,0.02725,0.11049561837671115,0.0643,0.2167122339636814,0.016200000000000003,0.20666281545860773,0.015300000000000001,0.03895635722468062,0.01595,0.10849377597714516,0.038200000000000005,0.16162533704124882,0.015150000000000002,0.07016499682905544,0.0446,0.10866681036129713,0.015150000000000002,ACC,1,0.03895635722468062,SORD,7,7,10,8,11,4,1,9,0,3,2,6,5
0.10295,0.14724138463136824,0.04875,0.0647900609938572,0.09154999999999999,0.16553518878805512,0.14785,0.19289246553312558,0.0404,0.0702077050249978,0.051100000000000007,0.028654045936079883,0.03915,0.05317551765602321,0.03955,0.005092421076971651,0.039900000000000005,0.019007698917155508,0.24170000000000003,0.2550212695595531,0.04875,0.0323697478113017,0.0484,0.042479639926058826,0.03915,DyS,6,0.005092421076971651,SORD,7,7,8,5,10,11,6,1,4,0,2,3,9
0.0151,0.044911198123456036,0.0115,-0.0034319199276554024,0.020950000000000003,0.0718785867560233,0.02705,0.10642731111684055,0.01165,0.029100355638489284,0.01365,-0.039471727581590135,0.0105,0.030994403290718037,0.01115,0.004029782865390033,0.011200000000000002,-0.03909779492498308,0.0281,0.11283026764909306,0.01145,0.0028792576494010846,0.01275,0.031108307089284276,0.0105,DyS,6,-0.039471727581590135,HDy,5,5,8,1,10,7,4,6,11,0,2,3,9
0.0098,0.08095284615564348,0.01075,0.03161092899492632,0.012450000000000001,0.11822641767857195,0.01665,0.1371897274355348,0.00735,0.04874147972113754,0.0062,0.08482060743263123,0.005849999999999999,0.05014015892344542,0.0075,-0.026722694069305317,0.00795,0.010990187062903556,0.01925,0.11341245266298923,0.00875,0.015981770066418294,0.00875,0.07666772860972175,0.005849999999999999,DyS,6,-0.026722694069305317,SORD,7,7,8,10,1,4,6,11,0,5,9,2,3
0.0131,0.035461277401419244,0.01085,-0.04065114954503843,0.0182,0.051107579846920936,0.02315,0.1052773670332474,0.00955,0.013153065902244021,0.010700000000000001,-0.04396617043139178,0.0089,-0.024376662962990292,0.009000000000000001,-0.008115499570512219,0.00935,-0.060460431311469304,0.030350000000000002,0.09786216615325638,0.01145,0.00951370006875596,0.011049999999999999,0.009006830333486454,0.0089,DyS,6,-0.060460431311469304,MS,8,8,5,1,6,7,11,10,4,0,2,9,3
0.09005,0.09243049750469853,0.022949999999999998,0.1271373066525996,0.0236,0.19627293165414378,0.09390000000000001,0.10857225076693315,0.0228,0.051611517869750614,0.0352,-0.0036187144873180838,0.01965,0.10761720334899483,0.023000000000000003,0.0077688964957312034,0.02265,0.11813090338751872,0.09230000000000001,0.2198494502151477,0.01925,0.17561674563467328,0.0229,0.16873415907335845,0.01925,MAX,10,-0.0036187144873180838,HDy,5,5,7,4,0,6,3,8,1,11,10,2,9
0.03975,0.20162920924055686,0.02025,0.20795325468881593,0.026949999999999998,0.3039627976445432,0.05195,0.22051737598718835,0.0175,0.1670465962683887,0.01845,0.11277840994999055,0.0152,0.1499929436931374,0.017750000000000002,0.1079897930011319,0.01785,0.19666383112873573,0.056900000000000006,0.24007813217082621,0.01965,0.1750249136560515,0.0191,0.18130635441312368,0.0152,DyS,6,0.1079897930011319,SORD,7,7,5,6,4,10,11,8,0,1,3,9,2
0.4985,0.3254130503372053,0.4985,0.21279010863087194,0.35479999999999995,0.33622309892826663,0.35479999999999995,0.24162055776925495,0.1362,0.1925567960573559,0.128,0.18535960616784625,0.1293,0.17943510623535056,0.1384,0.19175040766792117,0.4985,0.1856318326345727,0.4988,0.4012221545919468,0.14565,0.19868750651311776,0.145,0.1941363555558307,0.128,HDy,5,0.17943510623535056,DyS,6,6,5,8,7,4,11,10,1,3,0,2,9
0.22745,0.2119657885801847,0.09885,0.15761868743965085,0.34635,0.18334950048912188,0.23235,0.19295973823858734,0.0777,0.1679157900231375,0.17065000000000002,0.12009128366787933,0.092,0.12237466969824129,0.08040000000000001,0.12726283705911406,0.07780000000000001,0.16173112534434061,0.35600000000000004,0.28032065551221397,0.10619999999999999,0.138496751096663,0.10335000000000001,0.12806432028280818,0.0777,SMM,4,0.12009128366787933,HDy,5,5,6,7,11,10,1,8,4,2,3,0,9
0.1285,0.33486073010491235,0.06985000000000001,0.2984520843644265,0.1103,0.34669129193353504,0.18015,0.25406753578545715,0.05465,0.15021881787256974,0.0664,0.17388455021327753,0.0539,0.2827642568643247,0.055150000000000005,0.12398340281293138,0.056799999999999996,0.2978869086528787,0.28195,0.37041916865478974,0.0696,0.15311626516553156,0.06755,0.1416640786937972,0.0539,DyS,6,0.12398340281293138,SORD,7,7,11,4,10,5,3,6,8,1,0,2,9
0.3728,0.23283425274790792,0.10875,0.15855882803839644,0.43905,0.28482330425336183,0.2901,0.2428559132298133,0.0809,0.15038159047190774,0.1361,0.12327381278360093,0.08074999999999999,0.1777115916232514,0.0802,0.0880233855381328,0.09925,0.14406976995812804,0.32535000000000003,0.30656907653975074,0.08165000000000001,0.14330008602499023,0.09805,0.1660644571300163,0.0802,SORD,7,0.0880233855381328,SORD,7,7,5,10,8,4,1,11,6,0,3,2,9
0.2963,0.1819019216156418,0.2412,-0.01797061833736585,0.5,0.008939210610201864,0.25525,0.1717046395862225,0.15835000000000002,0.002189014108449544,0.14425000000000002,0.03412283864553635,0.1413,-0.008893145091047133,0.163,-0.04969268646586965,0.1722,-0.05005923494951378,0.4861,0.1264669325981171,0.22215,-0.04591703817034315,0.23315000000000002,-0.04661274197855758,0.1413,DyS,6,-0.05005923494951378,MS,8,8,7,11,10,1,6,4,2,5,9,3,0
0.43134999999999996,0.3491095172237524,0.1733,0.2852594542275386,0.5,0.35373643798519333,0.315,0.3030787661982359,0.1118,0.11433078880119577,0.1496,0.15386563079186022,0.09785,0.1408043144526678,0.1059,0.0758858322924165,0.1389,0.253015710001104,0.36455,0.43247132115500253,0.11359999999999999,0.2513016030717214,0.11699999999999999,0.2502812407317996,0.09785,DyS,6,0.0758858322924165,SORD,7,7,4,6,5,11,10,8,1,3,0,2,9
0.5,0.3561953330393147,0.5,0.25632097153221156,0.3243,0.28233183581658955,0.3243,0.2911565166021436,0.1074,0.13984362519614285,0.09494999999999999,0.18952908652225148,0.49155,0.1630198100910348,0.09815,0.12562920111514791,0.5,0.21452401701246027,0.36695,0.36847727401000585,0.10975,0.20103378357286478,0.10975,0.19037689964063192,0.09494999999999999,HDy,5,0.12562920111514791,SORD,7,7,4,6,5,11,10,8,1,2,3,0,9
0.18350000000000002,0.25332781717483166,0.0599,0.15579669620546302,0.128,0.27446738690695727,0.1844,0.22380566724853201,0.05,0.10155746221201004,0.08355,0.0843748843866195,0.0518,0.1295318701044083,0.05035,0.056232678642214026,0.04905,0.12311868281028188,0.2752,0.3329270614630555,0.0591,0.09285816004942278,0.0591,0.08572772905896549,0.04905,MS,8,0.056232678642214026,SORD,7,7,5,11,10,4,8,6,1,3,0,2,9
0.09540000000000001,0.18282071945716513,0.04195,0.10384889144093043,0.1323,0.19050891622931837,0.17800000000000002,0.1625283124562268,0.042199999999999994,0.10280222543018494,0.04305,0.01676223165378664,0.0369,0.06684646241234196,0.04095,0.03388349344339696,0.04020000000000001,0.09593170840821713,0.22535,0.24036539096140752,0.0432,0.06121531990039146,0.043550000000000005,0.04730842176413899,0.0369,DyS,6,0.01676223165378664,HDy,5,5,7,11,10,6,8,4,1,3,0,2,9
0.0416,0.09581059789181767,0.02145,0.03346721564252786,0.0264,0.0658963544488349,0.05775,0.13014617031455927,0.0188,0.045530020224368584,0.02205,0.057208635644702736,0.016300000000000002,0.07908304102913552,0.01815,0.027202219269518685,0.01895,0.025825200283209615,0.077,0.15245339863333762,0.0197,0.019848048709833893,0.020100000000000003,-4.277169920957613e-05,0.016300000000000002,DyS,6,-4.277169920957613e-05,X,11,11,10,8,7,1,4,5,2,6,0,3,9
0.0094,0.06114369708768652,0.0076,0.030841235713091997,0.027450000000000002,0.1193297679887925,0.0258,0.08808368511656307,0.0079,0.04440097657242233,0.01655,-0.019609542400757615,0.0073,0.047574033927183956,0.0069500000000000004,0.006355602012877062,0.0069500000000000004,0.008649348445480515,0.01195,0.16265233933178014,0.008,0.07789748089493051,0.00915,0.10092787373699613,0.0069500000000000004,SORD,7,-0.019609542400757615,HDy,5,5,7,8,1,4,6,0,10,3,11,2,9
0.24645,0.3035363645900645,0.1012,0.20865811823554656,0.1285,0.22950411569300072,0.23115,0.22350624553137363,0.06305000000000001,0.1186287423860079,0.07605,0.11677571985969645,0.0554,0.14869481578271507,0.05835,0.07274318930839578,0.07655,0.17451859194049565,0.28395,0.3287025212005104,0.06355000000000001,0.15682259769320783,0.0673,0.15082231485286007,0.0554,DyS,6,0.07274318930839578,SORD,7,7,5,4,6,11,10,8,1,3,2,0,9
0.049100000000000005,0.14829013444506806,0.0246,0.12207507807021833,0.0879,0.18240955786373964,0.11904999999999999,0.17198323040093075,0.02305,0.06332885636989424,0.025,0.008402270527381087,0.0204,0.0383222126858388,0.02075,0.04696712554763838,0.02085,0.12173138024890232,0.12045,0.2203907483795237,0.025150000000000002,0.12497772116641255,0.02505,0.1247231913892666,0.0204,DyS,6,0.008402270527381087,HDy,5,5,6,7,4,8,1,11,10,0,3,2,9
0.004,0.032097155184297455,0.0051,-0.035034287370095396,0.0074,0.049140333690690347,0.010549999999999999,0.07490158950202333,0.006,0.0031299864965359525,0.00615,-0.05433893336268235,0.0045000000000000005,-0.07174426481870158,0.00505,0.010473845987663433,0.0051,-0.06694963983741894,0.01355,0.0964746695061828,0.0054,0.0686294882983434,0.00555,0.060645959067054306,0.004,CC,0,-0.07174426481870158,DyS,6,6,8,5,1,4,7,0,2,11,10,3,9
