abs-error-CC,abs-error-CC-predicted,abs-error-ACC,abs-error-ACC-predicted,abs-error-PACC,abs-error-PACC-predicted,abs-error-PCC,abs-error-PCC-predicted,abs-error-SMM,abs-error-SMM-predicted,abs-error-HDy,abs-error-HDy-predicted,abs-error-DyS,abs-error-DyS-predicted,abs-error-SORD,abs-error-SORD-predicted,abs-error-MS,abs-error-MS-predicted,abs-error-MAX,abs-error-MAX-predicted,abs-error-X,abs-error-X-predicted,abs-error-ideal,quantifier-ideal,quantifier-ideal-num,abs-error-recommended,quantifier-recommended,quantifier-recommended-num,rank-1,rank-2,rank-3,rank-4,rank-5,rank-6,rank-7,rank-8,rank-9,rank-10,rank-11
0.1832,0.24311791666666657,0.05115,0.09897503333333332,0.06924999999999999,0.15037701666666664,0.2022,0.24131929166666669,0.0507,0.071341375,0.09570000000000001,0.14743818333333336,0.05055,0.09592786666666665,0.04745,0.07501612499999999,0.052199999999999996,0.11370500952380949,0.060149999999999995,0.10854037499999998,0.0554,0.10483500000000005,0.04745,SORD,7,0.071341375,SMM,4,4,7,6,1,10,9,8,5,2,3,0
0.19905,0.3724509999999999,0.24215,0.3203205000000002,0.1721,0.33337150000000015,0.24004999999999999,0.27333400000000024,0.12605,0.13810149999999996,0.15245,0.1920603749999999,0.1334,0.21529649999999992,0.12585000000000002,0.12543700000000002,0.1784,0.2695919999999999,0.20010000000000003,0.2036815,0.2396,0.2530529999999999,0.12585000000000002,SORD,7,0.12543700000000002,SORD,7,7,4,5,9,6,10,8,3,1,2,0
0.28845,0.28127766666666654,0.0691,0.08607591666666663,0.07915,0.19072508333333332,0.2829,0.2737769166666667,0.047599999999999996,0.05329288333333333,0.20850000000000002,0.16345050000000008,0.055099999999999996,0.08515663333333336,0.044950000000000004,0.04843991666666667,0.05595,0.06678619999999996,0.051100000000000007,0.0833773,0.044199999999999996,0.11365849999999997,0.044199999999999996,X,10,0.04843991666666667,SORD,7,7,4,8,9,6,1,10,5,2,3,0
0.5,0.3816364999999998,0.5,0.28213266666666664,0.37799999999999995,0.23807199999999998,0.37799999999999995,0.3006414583333335,0.08564999999999999,0.13813203571428576,0.24285,0.17338850000000008,0.5,0.17306683333333323,0.08275,0.10633000000000002,0.5,0.26652583333333335,0.2872,0.19429733333333338,0.2872,0.1626353833333333,0.08275,SORD,7,0.10633000000000002,SORD,7,7,4,10,6,5,9,2,8,1,3,0
0.27,0.2230054999999999,0.16895,0.14863100000000007,0.3455,0.19193850000000004,0.24945,0.24070200000000003,0.09040000000000001,0.11375950000000001,0.17855000000000001,0.26312250000000015,0.064,0.1616254999999999,0.09140000000000001,0.11376075000000002,0.09300000000000001,0.1423145000000001,0.1384,0.12489900000000002,0.41255000000000003,0.12330649999999999,0.064,DyS,6,0.11375950000000001,SMM,4,4,7,10,9,8,1,6,2,0,3,5
0.38815,0.4778385000000002,0.09465,0.43825,0.35215,0.3272469999999998,0.4645,0.44038449999999985,0.12895,0.27909749999999983,0.31605,0.32585800000000015,0.16495,0.3386665,0.1315,0.3084869999999997,0.16005,0.43626950000000014,0.06735000000000001,0.20878749999999996,0.06735000000000001,0.2185049999999999,0.06735000000000001,MAX,9,0.20878749999999996,MAX,9,9,10,4,7,5,2,6,8,1,3,0
0.33715000000000006,0.1827099999999999,0.1259,0.13579000000000002,0.1609,0.19036050000000007,0.3023,0.17423900000000006,0.17015,0.11582025000000006,0.47275,0.1732766250000002,0.43655,0.120763,0.1464,0.11909974999999996,0.17365000000000003,0.13515449999999993,0.15035,0.11337400000000006,0.07525,0.1789375,0.07525,X,10,0.11337400000000006,MAX,9,9,4,7,6,8,1,5,3,10,0,2
0.5,0.29944999999999977,0.5,0.14135333333333341,0.37835,0.17394349999999995,0.37835,0.2811975000000002,0.0876,0.11140875000000001,0.309,0.27901250000000033,0.337,0.14316299999999993,0.0643,0.10945789285714286,0.5,0.10021700000000001,0.5,0.07303233333333338,0.5,0.16378299999999993,0.0643,SORD,7,0.07303233333333338,MAX,9,9,8,7,4,1,6,10,2,5,3,0
0.12955,0.17404033333333327,0.0659,0.10505249999999998,0.22175,0.2275525000000001,0.18434999999999999,0.17417083333333327,0.06755,0.11911900000000003,0.15635,0.11059699999999997,0.05145,0.1153805,0.05355000000000001,0.09315724999999998,0.0649,0.09491900000000002,0.06245,0.10859983333333334,0.09040000000000001,0.14060250000000002,0.05145,DyS,6,0.09315724999999998,SORD,7,7,8,1,9,5,6,4,10,0,3,2
0.5,0.42676450000000016,0.5,0.31140350000000006,0.43575,0.3796575000000001,0.43575,0.37703149999999985,0.25135,0.12187149999999997,0.263,0.24596800000000016,0.263,0.20155849999999995,0.21739999999999998,0.11220950000000006,0.5,0.23731149999999993,0.5,0.126635875,0.5,0.16541600000000006,0.21739999999999998,SORD,7,0.11220950000000006,SORD,7,7,4,9,10,6,8,5,1,3,2,0
0.49939999999999996,0.41528650000000006,0.4918,0.23423400000000016,0.3433,0.35192150000000033,0.4905,0.43456350000000016,0.40909999999999996,0.14662849999999988,0.43215000000000003,0.3094695000000002,0.4756,0.2517180000000001,0.4868,0.15620450000000013,0.49895,0.2446744999999998,0.13140000000000002,0.2397065000000002,0.13140000000000002,0.2597405000000001,0.13140000000000002,MAX,9,0.14662849999999988,SMM,4,4,7,1,9,8,6,10,5,2,0,3
0.43395000000000006,0.4233299999999998,0.30079999999999996,0.33124799999999993,0.17335,0.2585020000000002,0.3901,0.35584549999999987,0.1449,0.11068524999999997,0.45155,0.30910150000000025,0.32255,0.17788983333333325,0.17525,0.10993350000000005,0.23855,0.2223705,0.05815000000000001,0.22133399999999995,0.19835,0.19581999999999997,0.05815000000000001,MAX,9,0.10993350000000005,SORD,7,7,4,6,10,9,8,2,5,1,3,0
0.1975,0.19831587499999995,0.1638,0.11716966666666666,0.18795,0.20056475000000012,0.2235,0.22547749999999994,0.12435,0.08437249999999995,0.1843,0.1292409166666667,0.12465,0.08118658333333335,0.13055,0.08772899999999999,0.127,0.08154733333333336,0.19795000000000001,0.11089966666666663,0.18635000000000002,0.11462458333333332,0.12435,SMM,4,0.08118658333333335,DyS,6,6,8,4,7,9,10,1,5,0,2,3
0.5,0.4245190000000001,0.5,0.3515705,0.21975,0.3162440000000002,0.39935000000000004,0.345384,0.38785000000000003,0.16230349999999982,0.47240000000000004,0.357314,0.45439999999999997,0.26549849999999997,0.48465,0.16208199999999995,0.5,0.3058615,0.0661,0.25961150000000016,0.13545,0.26645949999999996,0.0661,MAX,9,0.16208199999999995,SORD,7,7,4,9,6,10,8,2,3,1,5,0
0.39299999999999996,0.31799716666666655,0.32155,0.30015100000000006,0.49924999999999997,0.28646400000000033,0.26195,0.2711465000000002,0.18635000000000002,0.1748714999999999,0.307,0.31770550000000003,0.26505,0.25970800000000005,0.16865,0.18792950000000008,0.28385,0.29851249999999985,0.11245000000000001,0.20613750000000003,0.12895,0.2649939999999999,0.11245000000000001,MAX,9,0.1748714999999999,SMM,4,4,7,9,6,10,3,2,8,1,5,0
0.0,0.04978199999999999,0.0,0.027710500000000002,0.0209,0.09483500000000006,0.0209,0.07254200000000002,0.02645,0.031470333333333336,0.0,0.06076299999999999,0.0,0.047920500000000026,0.0,0.011152999999999998,0.0,0.05031816666666666,0.0,0.011378999999999998,0.0,0.0485535,0.0,CC,0,0.011152999999999998,SORD,7,7,9,1,4,6,10,0,8,5,3,2
0.37205,0.41175449999999997,0.15875,0.3644340000000001,0.5,0.34292400000000034,0.2787,0.2781396000000001,0.16845,0.29850183333333324,0.2003,0.30807349999999994,0.16190000000000002,0.3320915000000001,0.1576,0.3081989999999999,0.15535,0.35292200000000007,0.19435,0.30361499999999997,0.32435,0.322867,0.15535,MS,8,0.2781396000000001,PCC,3,3,4,9,5,7,10,6,2,8,1,0
0.0317,0.13197749999999994,0.01905,0.12774991666666669,0.06105000000000001,0.10910966666666665,0.06305,0.13552449999999994,0.038599999999999995,0.14607550000000002,0.02915,0.16543103571428575,0.022000000000000002,0.11895550000000002,0.0235,0.12539499999999998,0.02825,0.140272,0.01905,0.1827311666666667,0.021949999999999997,0.18509783333333338,0.01905,ACC,1,0.10910966666666665,PACC,2,2,6,7,1,0,3,8,4,5,9,10
0.00885,0.08205950000000005,0.0059499999999999996,0.07231550000000003,0.0291,0.07433949999999995,0.03345,0.06757799999999997,0.0067,0.03850599999999999,0.0149,0.06301800000000003,0.0084,0.041017499999999985,0.00605,0.04295350000000002,0.0059499999999999996,0.049186999999999995,0.0068000000000000005,0.030288500000000003,0.0086,0.04269750000000001,0.0059499999999999996,ACC,1,0.030288500000000003,MAX,9,9,4,6,10,7,8,5,3,1,2,0
0.3398,0.21574699999999988,0.25365,0.09890500000000003,0.17215,0.19411600000000004,0.2864,0.246439,0.18015,0.08850766666666667,0.36719999999999997,0.28517150000000013,0.27835,0.12821200000000008,0.16325,0.0865175,0.17995,0.097833,0.13685,0.09620600000000003,0.08025,0.11615749999999998,0.08025,X,10,0.0865175,SORD,7,7,4,9,8,1,10,6,2,0,3,5
0.42095,0.2745956833333334,0.25875,0.32640029999999987,0.5,0.2921137500000002,0.26495,0.23415758333333347,0.36835,0.1044205,0.0654,0.21195969999999995,0.1765,0.24452269999999998,0.15744999999999998,0.08687279166666674,0.3043,0.2784415,0.17170000000000002,0.3326005,0.4052,0.2844790000000001,0.0654,HDy,5,0.08687279166666674,SORD,7,7,4,5,3,6,0,8,10,2,1,9
0.00955,0.026772999999999984,0.0072499999999999995,0.016463500000000016,0.0165,0.027819000000000028,0.02035,0.031776000000000006,0.00645,0.015591249999999996,0.00845,0.02383150000000001,0.00515,0.0123645,0.0053,0.0104735,0.00555,0.013788499999999997,0.0083,0.016590000000000008,0.0059,0.01780049999999999,0.00515,DyS,6,0.0104735,SORD,7,7,6,8,4,1,9,10,5,0,2,3
0.4485,0.39716999999999997,0.20375,0.3082061666666667,0.5,0.3987730000000002,0.29164999999999996,0.27007216666666684,0.0765,0.176785,0.2327,0.2503081666666666,0.08265,0.24263699999999996,0.0787,0.15245399999999998,0.14429999999999998,0.2941804999999999,0.09494999999999999,0.23246774999999992,0.0993,0.2781804999999999,0.0765,SMM,4,0.15245399999999998,SORD,7,7,4,9,6,5,3,10,8,1,0,2
0.3601,0.2872385000000001,0.11505000000000001,0.1683688333333334,0.48835,0.21818475000000004,0.26844999999999997,0.24290246666666682,0.06865,0.1552652499999999,0.36210000000000003,0.2953535,0.08945,0.18364099999999994,0.05885,0.13962849999999993,0.2969,0.12508600000000006,0.18945,0.16115180000000007,0.1253,0.18599025000000002,0.05885,SORD,7,0.12508600000000006,MS,8,8,7,4,9,1,6,10,2,3,0,5
0.0,0.03343616666666667,0.0,0.012561166666666672,0.003,0.059622500000000016,0.003,0.03888449999999998,0.02275,0.02535975000000001,0.01665,0.06085399999999999,0.0,0.024754666666666682,0.0,0.0146345,0.0,0.016332416666666662,0.0,0.011790500000000004,0.0,0.022382000000000003,0.0,CC,0,0.011790500000000004,MAX,9,9,1,7,8,10,6,4,0,3,2,5
0.5,0.42483450000000006,0.5,0.36319700000000005,0.361,0.3151850000000001,0.361,0.36579649999999964,0.17415,0.11603100000000001,0.317,0.30568900000000004,0.317,0.23335983333333343,0.48625,0.10333883333333334,0.5,0.26202145,0.5,0.0899044166666667,0.5,0.14854983333333333,0.17415,SMM,4,0.0899044166666667,MAX,9,9,7,4,10,6,8,5,2,1,3,0
0.5,0.39231299999999997,0.5,0.3805235000000001,0.37884999999999996,0.33467100000000016,0.37884999999999996,0.3056120000000001,0.3578,0.3141255000000001,0.5,0.3772604999999999,0.5,0.3161900000000001,0.5,0.3597594999999996,0.5,0.3880395,0.5,0.3109819999999999,0.5,0.30178999999999984,0.3578,SMM,4,0.30178999999999984,X,10,10,3,9,4,6,2,7,5,1,8,0
0.19024999999999997,0.2995256666666667,0.09505000000000001,0.1934939333333333,0.1727,0.26908818333333345,0.21675,0.25427099999999997,0.07755,0.09482475000000003,0.086,0.13861875000000004,0.0776,0.12514883333333335,0.07985,0.0919694583333333,0.07735,0.15062733333333334,0.0942,0.13072608333333333,0.09725,0.15385974047619053,0.07735,MS,8,0.0919694583333333,SORD,7,7,4,6,9,5,8,10,1,3,2,0
0.22625,0.2493302500000002,0.051550000000000006,0.2604054999999998,0.4239,0.24682799999999985,0.20149999999999998,0.21413700000000016,0.0599,0.15747599999999992,0.048600000000000004,0.15674774999999985,0.04285,0.17005900000000007,0.055999999999999994,0.16715249999999998,0.0575,0.1835335000000001,0.09945,0.2130148333333333,0.09945,0.2057715,0.04285,DyS,6,0.15674774999999985,HDy,5,5,4,7,6,8,10,9,3,2,0,1
0.0762,0.24055099999999988,0.08215,0.13805949999999995,0.11939999999999999,0.2434030000000001,0.1431,0.17485099999999992,0.1272,0.129004,0.08395,0.17444749999999992,0.10305,0.16866949999999992,0.1297,0.11690050000000009,0.09325000000000001,0.17930049999999997,0.1637,0.10931750000000003,0.22315000000000002,0.14868500000000004,0.0762,CC,0,0.10931750000000003,MAX,9,9,7,4,1,10,6,5,3,8,0,2
0.215,0.2777837083333333,0.1593,0.13538950000000008,0.19690000000000002,0.27768350000000025,0.25105,0.25907866666666673,0.14265,0.11232749999999997,0.1579,0.13228633333333334,0.16005,0.12927950000000002,0.1413,0.11252474999999994,0.15915,0.12266599999999998,0.1593,0.2119368333333333,0.1593,0.18812624999999997,0.1413,SORD,7,0.11232749999999997,SMM,4,4,7,8,6,5,1,10,9,3,2,0
0.42034999999999995,0.43490500000000004,0.233,0.369333,0.08875,0.3001170000000002,0.34299999999999997,0.3834915000000001,0.07339999999999999,0.13562700000000003,0.18760000000000002,0.21058000000000007,0.1091,0.22342300000000004,0.055650000000000005,0.0968995,0.11305,0.371591,0.059699999999999996,0.15557749999999992,0.06535,0.13642649999999995,0.055650000000000005,SORD,7,0.0968995,SORD,7,7,4,10,9,5,6,2,1,8,3,0
0.22795,0.17001400000000003,0.0868,0.11295150000000004,0.19565000000000002,0.16044600000000003,0.21080000000000002,0.20796550000000003,0.046349999999999995,0.11929449999999989,0.17495000000000002,0.16096549999999998,0.060899999999999996,0.09817674999999998,0.04945,0.10730474999999999,0.047400000000000005,0.12550039999999996,0.09065,0.11350583333333333,0.2327,0.09386929999999997,0.046349999999999995,SMM,4,0.09386929999999997,X,10,10,6,7,1,9,4,8,2,5,0,3
0.24815,0.24093649999999983,0.1085,0.1019015000000001,0.12925,0.15175060000000015,0.23125,0.22361799999999987,0.0582,0.06823671428571419,0.06165,0.08607600000000014,0.0487,0.056772499999999976,0.0541,0.06956399999999995,0.07475,0.08156800000000006,0.066,0.07293433333333339,0.066,0.07326829166666675,0.0487,DyS,6,0.056772499999999976,DyS,6,6,4,7,9,10,8,5,1,2,3,0
0.5,0.41403699999999993,0.5,0.3695875,0.3151,0.3130295000000001,0.3151,0.28956600000000016,0.33135,0.2895039999999999,0.5,0.28215650000000003,0.5,0.2699039999999999,0.5,0.2866376249999997,0.5,0.3718699999999999,0.5,0.2977065,0.5,0.3409090000000001,0.3151,PACC,2,0.2699039999999999,DyS,6,6,5,7,4,3,9,2,10,1,8,0
0.08525,0.15156175000000005,0.0762,0.07295033333333334,0.0802,0.11010800000000004,0.14595,0.17503516666666666,0.054000000000000006,0.05669785000000002,0.0356,0.10883999999999999,0.0451,0.05697197500000001,0.0611,0.05499812500000001,0.05625,0.056594749999999985,0.06480000000000001,0.06344256666666667,0.08495000000000001,0.06206830000000001,0.0356,HDy,5,0.05499812500000001,SORD,7,7,8,4,6,10,9,1,5,2,0,3
0.023399999999999997,0.04040099999999999,0.0361,0.03539216666666667,0.08814999999999999,0.06993483333333338,0.08985,0.09847966666666672,0.0369,0.04169958333333335,0.0736,0.07035949999999999,0.0251,0.0417065,0.03555,0.042122000000000014,0.036000000000000004,0.05462074999999999,0.0361,0.04493425,0.04845,0.0463673,0.023399999999999997,CC,0,0.03539216666666667,ACC,1,1,0,4,6,7,9,10,8,2,5,3
0.14825000000000002,0.22186350000000002,0.06365,0.09312475,0.1509,0.20667264166666674,0.1834,0.21838875000000008,0.05835,0.07239666666666665,0.06875,0.11128158333333332,0.0509,0.09584709999999998,0.05055,0.06599518750000002,0.0572,0.09469749999999999,0.0518,0.08232037499999999,0.0721,0.0958795,0.05055,SORD,7,0.06599518750000002,SORD,7,7,4,9,1,8,6,10,5,2,3,0
0.13335,0.17885525000000002,0.061500000000000006,0.057705833333333345,0.11689999999999999,0.2044992500000002,0.1875,0.22103318333333333,0.049550000000000004,0.05058175,0.055600000000000004,0.1050895,0.04595,0.0643669166666667,0.049699999999999994,0.04516049999999999,0.049400000000000006,0.07884200000000001,0.06185,0.06144000000000002,0.059500000000000004,0.09267225000000001,0.04595,DyS,6,0.04516049999999999,SORD,7,7,4,1,9,6,8,10,5,0,2,3
0.22665,0.2729000166666666,0.109,0.12755210000000008,0.2889,0.22334816666666682,0.22920000000000001,0.24365963333333338,0.0739,0.09724391666666664,0.0852,0.17339699999999997,0.067,0.08869526666666669,0.06975,0.0825584821428572,0.07425,0.09502930000000001,0.09985,0.09718949999999998,0.0848,0.14235129166666677,0.067,DyS,6,0.0825584821428572,SORD,7,7,6,8,9,4,1,10,5,2,3,0
0.00975,0.025519999999999987,0.00975,0.016850999999999994,0.036750000000000005,0.05818249999999996,0.036750000000000005,0.04363350000000005,0.0161,0.021939000000000007,0.0231,0.03946300000000001,0.0104,0.01622649999999999,0.0102,0.0126945,0.010050000000000002,0.037222,0.0007000000000000001,0.0404175,0.0007000000000000001,0.07283200000000002,0.0007000000000000001,MAX,9,0.0126945,SORD,7,7,6,1,4,0,8,5,9,3,2,10
0.02005,0.07627900000000007,0.044950000000000004,0.09874783333333335,0.02125,0.0786355,0.06725,0.07680050000000001,0.05405,0.138889,0.052250000000000005,0.13569650000000005,0.014650000000000002,0.12343099999999993,0.04020000000000001,0.15749999999999986,0.04445,0.16155000000000005,0.0228,0.14952074999999987,0.02165,0.11445164999999999,0.014650000000000002,DyS,6,0.07627900000000007,CC,0,0,3,2,1,10,6,5,4,9,7,8
0.0,0.07700349999999999,0.0,0.07658800000000002,0.0029,0.17683049999999997,0.0029,0.09400675,0.003,0.05408,0.008150000000000001,0.1377116666666667,0.0012,0.08951050000000002,0.0,0.07673999999999999,0.0,0.10408200000000001,0.00395,0.05218949999999998,0.00395,0.09280050000000002,0.0,CC,0,0.05218949999999998,MAX,9,9,4,1,7,0,6,10,3,8,5,2
0.5,0.4563408333333334,0.5,0.4209738333333334,0.386,0.33249350000000033,0.386,0.28853800000000007,0.44875,0.2231474999999999,0.281,0.32659875000000005,0.281,0.4198524999999998,0.5,0.247543,0.5,0.4174334999999999,0.5,0.3783129999999998,0.5,0.37058150000000006,0.281,HDy,5,0.2231474999999999,SMM,4,4,7,3,5,2,10,9,8,6,1,0
0.0151,0.061378399999999986,0.01115,0.05806400000000001,0.011200000000000002,0.11107450000000005,0.01955,0.1093795833333333,0.009250000000000001,0.05336224999999998,0.0083,0.05414925000000001,0.008150000000000001,0.05722550000000002,0.0087,0.044378499999999994,0.00885,0.040156499999999984,0.01085,0.08466731250000002,0.01115,0.043450499999999975,0.008150000000000001,DyS,6,0.040156499999999984,MS,8,8,10,7,4,5,6,1,0,9,3,2
0.1303,0.21527325000000017,0.028650000000000002,0.11342200000000005,0.3148,0.21835374999999996,0.20795000000000002,0.22965414999999992,0.06945,0.08513949999999999,0.035,0.11689350000000001,0.02625,0.08369100000000003,0.03,0.07060091666666665,0.0294,0.09320150000000002,0.028650000000000002,0.09525883333333333,0.07339999999999999,0.1439635,0.02625,DyS,6,0.07060091666666665,SORD,7,7,6,4,8,9,1,5,10,0,2,3
0.01665,0.028337999999999978,0.013500000000000002,0.021179000000000014,0.0245,0.04131816666666669,0.0348,0.05769750000000002,0.0175,0.022486125000000003,0.012,0.02650825000000001,0.0098,0.021010499999999994,0.014750000000000001,0.019015499999999998,0.015150000000000002,0.02123975,0.014750000000000001,0.029733499999999996,0.01645,0.03328299999999999,0.0098,DyS,6,0.019015499999999998,SORD,7,7,6,1,8,4,5,0,9,10,2,3
0.053899999999999997,0.13631450000000006,0.04475,0.08902483333333334,0.087,0.11573649999999995,0.11964999999999999,0.17764908333333324,0.0275,0.05971550000000001,0.02675,0.0840735,0.0317,0.07223400000000003,0.0317,0.0662795,0.03065,0.06927499999999998,0.0455,0.07179249999999997,0.03445,0.09473500000000003,0.02675,HDy,5,0.05971550000000001,SMM,4,4,7,8,9,6,5,1,10,2,0,3
0.5,0.36418874999999995,0.5,0.32983149999999994,0.30655,0.34313800000000005,0.30655,0.28606000000000004,0.44585,0.284132,0.48200000000000004,0.2402494999999999,0.48200000000000004,0.21615174999999984,0.47705,0.2756009999999998,0.5,0.30463199999999985,0.5,0.222116,0.5,0.29571749999999986,0.30655,PACC,2,0.21615174999999984,DyS,6,6,9,5,7,4,3,10,8,1,2,0
0.31489999999999996,0.14481900000000003,0.0575,0.12706350000000002,0.42200000000000004,0.17541949999999992,0.2455,0.15642033333333333,0.1134,0.14786200000000005,0.059050000000000005,0.13737600000000003,0.05935000000000001,0.1577049999999999,0.11349999999999999,0.1146355,0.0575,0.1323855,0.0575,0.13265100000000005,0.0575,0.145316,0.0575,ACC,1,0.1146355,SORD,7,7,1,8,9,5,0,10,4,3,6,2
0.2978,0.1324114999999999,0.23575,0.08344550000000005,0.2546,0.20635550000000014,0.29675,0.17542199999999994,0.24850000000000003,0.07668500000000003,0.4188,0.12810533333333335,0.27855,0.06983966666666665,0.20695,0.07511250000000008,0.30265000000000003,0.07344950000000001,0.1764,0.09731700000000007,0.23235,0.12789275000000008,0.1764,MAX,9,0.06983966666666665,DyS,6,6,8,7,4,1,9,10,5,0,3,2
0.00995,0.047844499999999984,0.0137,0.041627833333333315,0.04545,0.08088700000000001,0.05965,0.09709416666666672,0.0177,0.0458625,0.0124,0.042651499999999995,0.01075,0.036927999999999996,0.016300000000000002,0.03842650000000001,0.01665,0.04878699999999998,0.03625,0.04388799999999998,0.03625,0.06498850000000002,0.00995,CC,0,0.036927999999999996,DyS,6,6,7,1,5,9,4,0,8,10,2,3
0.16845,0.30172488333333347,0.08505000000000001,0.27181140000000004,0.1422,0.2853930000000002,0.22094999999999998,0.21855042500000008,0.0733,0.1400227499999999,0.05785,0.14296150000000002,0.05915,0.16716183333333334,0.06935000000000001,0.07509949999999999,0.09140000000000001,0.19223799999999996,0.0743,0.098031875,0.07165,0.13360529999999993,0.05785,HDy,5,0.07509949999999999,SORD,7,7,9,10,4,5,6,8,3,1,2,0
0.2118,0.18245366666666674,0.044000000000000004,0.15534649999999994,0.0528,0.14599399999999993,0.20085,0.20824699999999996,0.04975,0.08377291666666671,0.0694,0.18241650000000004,0.034050000000000004,0.08110850000000004,0.051550000000000006,0.08196700000000007,0.05115,0.11517750000000004,0.0471,0.06895200000000001,0.049400000000000006,0.07463250000000002,0.034050000000000004,DyS,6,0.06895200000000001,MAX,9,9,10,6,7,4,8,2,1,5,0,3
0.217,0.19514700000000007,0.051100000000000007,0.112689,0.053399999999999996,0.09228850000000004,0.18739999999999998,0.22737629999999986,0.0475,0.057489450000000046,0.2005,0.1364190000000001,0.09325,0.06926299999999999,0.0384,0.05349000000000006,0.044000000000000004,0.09099399999999998,0.049,0.08542150000000007,0.04135,0.0674085,0.0384,SORD,7,0.05349000000000006,SORD,7,7,4,10,6,9,8,2,1,5,0,3
0.2162,0.13952450000000005,0.049550000000000004,0.04422749999999998,0.051500000000000004,0.06817466666666666,0.2167,0.1883488333333333,0.04015,0.046544499999999996,0.15835000000000002,0.10554550000000001,0.07445,0.046123999999999984,0.0415,0.041578500000000046,0.04145000000000001,0.04620909999999996,0.058899999999999994,0.04105324999999998,0.05135,0.050548000000000017,0.04015,SMM,4,0.04105324999999998,MAX,9,9,7,1,6,8,4,10,2,5,0,3
0.20975000000000002,0.230094,0.051100000000000007,0.08811733333333331,0.0682,0.09828699999999997,0.2046,0.24428849999999994,0.0558,0.054336416666666644,0.18265,0.15090600000000007,0.0449,0.09493650000000002,0.04335,0.04764800000000004,0.0501,0.0650306,0.04365,0.07146366666666665,0.05,0.06873624999999996,0.04335,SORD,7,0.04764800000000004,SORD,7,7,4,8,10,9,1,6,2,5,0,3
0.34765,0.3504657333333334,0.09415000000000001,0.2299289999999999,0.06105000000000001,0.31005375,0.32420000000000004,0.3809150000000001,0.0774,0.10075075000000001,0.21065,0.2975854999999999,0.0809,0.14740675,0.0758,0.09077766666666667,0.08865,0.18388480000000004,0.04125,0.1361783333333333,0.0414,0.14047583333333338,0.04125,MAX,9,0.09077766666666667,SORD,7,7,4,9,10,6,8,1,5,2,0,3
0.5,0.47720500000000016,0.5,0.3770044999999998,0.3969,0.39146450000000016,0.3969,0.38264099999999984,0.06995,0.11112574999999998,0.5,0.25489149999999966,0.5,0.24969000000000005,0.06315,0.08988350000000005,0.5,0.32229199999999997,0.5,0.222945,0.5,0.27631450000000013,0.06315,SORD,7,0.08988350000000005,SORD,7,7,4,9,6,5,10,8,1,3,2,0
0.5,0.47734699999999974,0.5,0.3667224999999999,0.37075,0.4054457500000001,0.37075,0.389918,0.13175,0.08312075000000013,0.5,0.2873224999999998,0.5,0.18233350000000004,0.10385,0.07295400000000006,0.5,0.3391265,0.5,0.18388125000000005,0.5,0.17271649999999994,0.10385,SORD,7,0.07295400000000006,SORD,7,7,4,10,6,9,5,8,1,3,2,0
0.48534999999999995,0.4372958333333335,0.2511,0.38162399999999996,0.5,0.347863,0.3775,0.38148600000000016,0.0682,0.09500500000000012,0.11085,0.3325329999999998,0.0599,0.2912543333333334,0.06055,0.08406333333333334,0.2506,0.3556165000000002,0.0605,0.2960243333333333,0.060899999999999996,0.3062928333333335,0.0599,DyS,6,0.08406333333333334,SORD,7,7,4,6,9,10,5,2,8,3,1,0
0.47485,0.4830724999999999,0.32155,0.39684050000000004,0.3795,0.40172000000000013,0.3909,0.38869500000000007,0.11074999999999999,0.0912477500000001,0.17184999999999997,0.3468504999999999,0.0975,0.3589245,0.08904999999999999,0.08209599999999999,0.24745,0.4119404999999999,0.08045,0.32641700000000023,0.06885,0.36624900000000005,0.06885,X,10,0.08209599999999999,SORD,7,7,4,9,5,6,10,3,1,2,8,0
0.5,0.4547349999999999,0.5,0.3604335,0.29795,0.34949550000000007,0.29795,0.28308940000000005,0.19875,0.2147789999999999,0.276,0.291293,0.41155,0.30948100000000006,0.19995000000000002,0.20374599999999993,0.5,0.4002655,0.3281,0.358869,0.24245,0.3778925000000001,0.19875,SMM,4,0.20374599999999993,SORD,7,7,4,3,5,6,2,9,1,10,8,0
0.25215,0.3386642500000001,0.33235,0.3294404999999998,0.24865,0.34948300000000015,0.25725000000000003,0.27138100000000004,0.21265,0.20616949999999995,0.19235,0.30646249999999997,0.1565,0.29852925,0.17309999999999998,0.16139549999999997,0.16440000000000002,0.347817,0.28675,0.260215,0.30820000000000003,0.285614,0.1565,DyS,6,0.16139549999999997,SORD,7,7,4,9,3,10,6,5,1,0,8,2
0.1448,0.11728075000000004,0.05745,0.10436500000000005,0.12915000000000001,0.10907766666666671,0.1967,0.1489193333333332,0.0711,0.06425574999999999,0.16715,0.12452900000000007,0.08529999999999999,0.0780695,0.06755,0.06711712499999997,0.06955,0.08424299999999992,0.05715,0.08946299999999997,0.0803,0.08233483333333329,0.05715,MAX,9,0.06425574999999999,SMM,4,4,7,6,10,8,9,1,2,0,5,3
0.2146,0.2847485000000002,0.12895,0.22182549999999998,0.2181,0.3409245000000002,0.21170000000000003,0.21480237499999988,0.09480000000000001,0.10276049999999999,0.09179999999999999,0.12888875000000005,0.1041,0.16091549999999988,0.08455,0.10271299999999989,0.08900000000000001,0.1815583333333333,0.12895,0.1746159999999999,0.12895,0.17264499999999988,0.08455,SORD,7,0.10271299999999989,SORD,7,7,4,5,6,10,9,8,3,1,0,2
0.3625,0.45543749999999994,0.08715,0.3204395000000001,0.1483,0.31632650000000007,0.39130000000000004,0.3752314999999999,0.0391,0.13626075000000004,0.1195,0.26804349999999993,0.04650000000000001,0.24055950000000006,0.03875,0.10170808333333335,0.047700000000000006,0.29482200000000014,0.0437,0.139649,0.03905,0.14151850000000002,0.03875,SORD,7,0.10170808333333335,SORD,7,7,4,9,10,6,5,8,2,1,3,0
0.25295,0.38566966666666663,0.08825,0.1691485000000001,0.1389,0.26257750000000013,0.27165,0.26392266666666675,0.0783,0.11368899999999994,0.21075,0.3086550000000001,0.07125,0.16441016666666655,0.07725,0.11641774999999999,0.06775,0.187706,0.08425,0.15777191666666673,0.1231,0.19644883333333346,0.06775,MS,8,0.11368899999999994,SMM,4,4,7,9,6,1,8,10,2,3,5,0
0.028450000000000003,0.05121750000000001,0.0137,0.038712708333333345,0.04095,0.05589900000000001,0.05895,0.060935999999999976,0.019450000000000002,0.03732424999999999,0.04545,0.094434,0.024,0.04657399999999999,0.01585,0.034595999999999995,0.01625,0.048147999999999996,0.017650000000000002,0.04399541666666664,0.017650000000000002,0.03481749999999997,0.0137,ACC,1,0.034595999999999995,SORD,7,7,10,4,1,9,6,8,0,2,3,5
0.02135,0.022643250000000018,0.013049999999999999,0.015862500000000005,0.011500000000000002,0.02042950000000003,0.02145,0.026507500000000007,0.0116,0.015259999999999998,0.014199999999999999,0.042775500000000015,0.0079,0.025131,0.010050000000000002,0.012523500000000007,0.0103,0.01321849999999999,0.011699999999999999,0.012043499999999999,0.0149,0.01152650000000001,0.0079,DyS,6,0.01152650000000001,X,10,10,9,7,8,4,1,2,0,6,3,5
0.02535,0.05571850000000001,0.0115,0.053096499999999984,0.0416,0.10062050000000002,0.0524,0.08866900000000001,0.0168,0.066068375,0.0364,0.09036749999999999,0.0264,0.0550585,0.011200000000000002,0.0403015,0.01075,0.06255249999999997,0.030100000000000002,0.05969699999999998,0.030100000000000002,0.07667915000000003,0.01075,MS,8,0.0403015,SORD,7,7,1,6,0,9,8,4,10,3,5,2
0.0086,0.173732,0.006500000000000001,0.07128300000000001,0.0302,0.11271250000000001,0.03495,0.2435053333333335,0.0114,0.06354275000000004,0.015700000000000002,0.17594199999999996,0.0086,0.06839375000000007,0.00655,0.09401299999999996,0.006500000000000001,0.07842899999999997,0.00695,0.05841725000000001,0.009000000000000001,0.08156999999999998,0.006500000000000001,ACC,1,0.05841725000000001,MAX,9,9,4,6,1,8,10,7,2,0,5,3
0.0204,0.029146499999999975,0.016200000000000003,0.023048999999999997,0.044950000000000004,0.04360100000000002,0.04935,0.06073324999999999,0.0151,0.028329500000000004,0.0177,0.09714450000000005,0.0158,0.049951499999999996,0.01555,0.026779000000000008,0.01565,0.04577450000000001,0.01615,0.022968099999999995,0.01775,0.03619999999999998,0.0151,SMM,4,0.022968099999999995,MAX,9,9,1,7,4,0,10,2,8,6,3,5
0.03705,0.024974999999999983,0.0323,0.013212,0.057,0.05479949999999998,0.06155,0.04211500000000001,0.039599999999999996,0.01793699999999999,0.05525,0.026186499999999998,0.0483,0.01995949999999999,0.0378,0.016442,0.0371,0.012923499999999987,0.03685,0.0203135,0.03685,0.016613,0.0323,ACC,1,0.012923499999999987,MS,8,8,1,7,10,4,6,9,0,5,3,2
0.22735,0.4498448333333333,0.11215,0.4579855,0.35105,0.37186199999999986,0.23295000000000002,0.31307191666666684,0.0902,0.14361450000000012,0.1659,0.14439125000000005,0.09480000000000001,0.15503100000000009,0.08995000000000002,0.12459725000000019,0.08745000000000001,0.4295989999999999,0.10975,0.17111749999999992,0.11065,0.16574099999999978,0.08745000000000001,MS,8,0.12459725000000019,SORD,7,7,4,5,6,10,9,3,2,8,0,1
0.05325,0.03406266666666665,0.0204,0.04500675000000002,0.0194,0.04693633333333333,0.055,0.07846116666666664,0.0171,0.026223666666666666,0.0416,0.09488600000000004,0.02245,0.02578300000000001,0.0177,0.026025400000000008,0.01725,0.040067099999999994,0.01705,0.027979750000000005,0.01705,0.02959399999999998,0.01705,MAX,9,0.02578300000000001,DyS,6,6,7,4,9,10,0,8,1,2,3,5
0.0786,0.08052279999999992,0.03105,0.08229708333333331,0.11855,0.076388,0.1235,0.1212982166666666,0.04545,0.06394799999999998,0.02895,0.0589685,0.030900000000000004,0.06076960000000001,0.0378,0.06170525000000002,0.041550000000000004,0.05771491666666667,0.03105,0.06572078333333337,0.03105,0.072036,0.02895,HDy,5,0.05771491666666667,MS,8,8,5,6,7,4,9,10,2,0,1,3
0.02075,0.023067999999999988,0.0152,0.012974500000000005,0.0173,0.017172000000000014,0.02495,0.03087250000000002,0.0121,0.013532500000000012,0.01295,0.04514950000000007,0.011300000000000001,0.014040500000000006,0.012350000000000002,0.011369999999999996,0.0127,0.011925999999999994,0.01385,0.018754500000000018,0.01365,0.014027499999999993,0.011300000000000001,DyS,6,0.011369999999999996,SORD,7,7,8,1,4,10,6,2,9,0,3,5
0.1417,0.11088800000000006,0.0713,0.04780600000000002,0.06335,0.05551250000000001,0.15755,0.14523199999999994,0.063,0.030627599999999987,0.05465,0.069307,0.028399999999999998,0.0476205,0.05745,0.035922500000000024,0.06415,0.03501965,0.0313,0.039126499999999974,0.0313,0.04022999999999997,0.028399999999999998,DyS,6,0.030627599999999987,SMM,4,4,8,7,9,10,6,1,2,5,0,3
0.22195,0.2206945,0.24530000000000002,0.19563500000000006,0.21205000000000002,0.166605,0.27995000000000003,0.27346500000000007,0.16185,0.19580849999999994,0.25129999999999997,0.26804725000000007,0.0481,0.20082983333333318,0.1406,0.32286149999999963,0.18875,0.18867350000000008,0.04135,0.22957949999999996,0.05085,0.18452149999999995,0.04135,MAX,9,0.166605,PACC,2,2,10,8,1,4,6,0,9,5,3,7
0.028450000000000003,0.04289849999999997,0.014450000000000001,0.08429800000000003,0.02035,0.04428150000000002,0.04445,0.057312499999999995,0.0141,0.02638033333333333,0.01315,0.06249474999999996,0.011850000000000001,0.05453830000000002,0.01325,0.03345400000000001,0.01355,0.0622985,0.01255,0.051728500000000004,0.0181,0.06421700000000001,0.011850000000000001,DyS,6,0.02638033333333333,SMM,4,4,7,0,2,9,6,3,8,5,10,1
0.5,0.43466750000000004,0.5,0.34280200000000016,0.4634,0.3260805000000002,0.4634,0.3858574999999999,0.1286,0.26406099999999993,0.337,0.29095000000000004,0.337,0.3373139999999998,0.10845,0.3111659999999997,0.5,0.3513785,0.5,0.2084876666666664,0.5,0.22884249999999992,0.10845,SORD,7,0.2084876666666664,MAX,9,9,10,4,5,7,2,6,1,8,3,0
0.2161,0.23523899999999998,0.127,0.13247533333333336,0.18710000000000002,0.24609350000000021,0.23170000000000002,0.23821266666666663,0.10575,0.11942485000000001,0.0716,0.20115883333333348,0.05605,0.14369844166666657,0.11435000000000001,0.12119537499999998,0.1318,0.12348200000000002,0.09255000000000001,0.15137816666666673,0.212,0.14806850000000005,0.05605,DyS,6,0.11942485000000001,SMM,4,4,7,8,1,6,10,9,5,0,3,2
0.18774999999999997,0.2409050833333333,0.09785,0.14300466666666675,0.24125,0.27990900000000035,0.22675,0.22387899999999988,0.08545,0.11662674999999992,0.07185000000000001,0.1673611,0.0981,0.10541208333333332,0.07554999999999999,0.09522750000000002,0.11560000000000001,0.15960850000000007,0.09135,0.10072862500000002,0.1613,0.16503299999999996,0.07185000000000001,HDy,5,0.09522750000000002,SORD,7,7,9,6,4,1,8,10,5,3,0,2
0.5,0.3936245000000001,0.5,0.3683944999999999,0.28825,0.3424680000000002,0.28825,0.2746495,0.44155,0.25456899999999993,0.5,0.2604635,0.5,0.3527094999999998,0.0935,0.2828209999999999,0.5,0.37453149999999985,0.5,0.35706849999999996,0.5,0.35399499999999984,0.0935,SORD,7,0.25456899999999993,SMM,4,4,5,3,7,2,6,10,9,1,8,0
0.025550000000000003,0.03876850000000001,0.014750000000000001,0.03610840833333334,0.0788,0.07196299999999999,0.09015000000000001,0.08666766666666667,0.056749999999999995,0.04530666666666669,0.014950000000000001,0.06426224999999999,0.014950000000000001,0.050725500000000014,0.023250000000000003,0.12407419999999998,0.1974,0.05258391666666665,0.014750000000000001,0.09109675,0.014750000000000001,0.09082449999999997,0.014750000000000001,ACC,1,0.03610840833333334,ACC,1,1,0,4,6,8,5,2,3,10,9,7
0.32205,0.31402374999999993,0.2506,0.15802353333333344,0.16824999999999998,0.26678641666666675,0.26905,0.27074591666666675,0.126,0.10810425,0.2585,0.2865170000000001,0.1802,0.16925516666666657,0.13065,0.10376350000000004,0.20420000000000002,0.1400985000000001,0.1157,0.16006758333333337,0.07585,0.25768840000000004,0.07585,X,10,0.10376350000000004,SORD,7,7,4,8,1,9,6,10,2,3,5,0
0.0103,0.050098500000000004,0.00745,0.029773000000000015,0.015700000000000002,0.03456700000000001,0.019450000000000002,0.07214633333333334,0.006500000000000001,0.025842000000000014,0.015600000000000001,0.037051499999999994,0.0045000000000000005,0.025797000000000004,0.0049499999999999995,0.028819500000000015,0.0044,0.036615499999999995,0.0095,0.031384499999999996,0.00885,0.03113999999999998,0.0044,MS,8,0.025797000000000004,DyS,6,6,4,7,1,10,9,2,8,5,0,3
0.0592,0.04615299999999999,0.024700000000000003,0.027652883333333347,0.021150000000000002,0.059914499999999996,0.06905,0.09094483333333338,0.019000000000000003,0.03063425000000001,0.0346,0.03197725000000001,0.01325,0.02484375000000002,0.01775,0.024174000000000015,0.01935,0.03192140000000001,0.01695,0.023021999999999997,0.01705,0.027617500000000003,0.01325,DyS,6,0.023021999999999997,MAX,9,9,7,6,10,1,4,8,5,0,2,3
0.0,0.015353500000000003,0.0,0.016887000000000006,0.02085,0.03265050000000003,0.02085,0.03903000000000003,0.022600000000000002,0.022180999999999992,0.02265,0.03388049999999999,0.0035000000000000005,0.0176525,0.0021,0.011890000000000003,0.00395,0.01483,0.0,0.008419000000000008,0.0,0.017694999999999995,0.0,CC,0,0.008419000000000008,MAX,9,9,7,8,0,1,6,10,4,2,5,3
0.17300000000000001,0.21858585000000003,0.1377,0.09776761428571432,0.1822,0.2288944166666667,0.19820000000000002,0.21960079166666666,0.07675,0.06933816071428572,0.06935000000000001,0.11346033333333339,0.06795,0.06716811666666671,0.08290000000000002,0.07089650000000003,0.0736,0.07339650000000003,0.0915,0.10210520833333331,0.0906,0.08765416666666669,0.06795,DyS,6,0.06716811666666671,DyS,6,6,4,7,8,10,1,9,5,0,3,2
0.1582,0.1841420000000001,0.08035,0.11511700000000005,0.1255,0.18419649999999976,0.19115,0.20576907142857173,0.0546,0.07000399999999994,0.054450000000000005,0.08815700000000001,0.05225,0.07144400000000005,0.053849999999999995,0.07302899999999996,0.05355000000000001,0.07316199999999991,0.0713,0.08650649999999996,0.07205,0.09290800000000003,0.05225,DyS,6,0.07000399999999994,SMM,4,4,6,7,8,9,5,10,1,0,2,3
0.16365,0.1974815000000004,0.09195,0.10500466666666662,0.12990000000000002,0.17092675000000007,0.1948,0.20091150000000021,0.06375,0.06576549999999996,0.0613,0.08675300000000004,0.0631,0.07730899999999996,0.063,0.0647900833333333,0.06335,0.07440300000000016,0.07780000000000001,0.08990950000000004,0.07890000000000001,0.09032650000000002,0.0613,HDy,5,0.0647900833333333,SORD,7,7,4,8,6,5,9,10,1,2,0,3
0.21969999999999998,0.22690350000000004,0.08015,0.11632400000000002,0.10625,0.10353249999999999,0.231,0.2789325000000001,0.06775,0.09693774999999998,0.30835,0.24952212500000004,0.16835,0.08924350000000006,0.0788,0.09424675,0.10175000000000001,0.09005483333333332,0.1273,0.07654091666666668,0.14685,0.10381050000000001,0.06775,SMM,4,0.07654091666666668,MAX,9,9,6,8,7,4,2,10,1,0,5,3
0.36655,0.3367657500000001,0.38744999999999996,0.3045510000000001,0.48515,0.32599566666666674,0.25984999999999997,0.25910200000000005,0.1117,0.12332649999999995,0.1164,0.17306534999999998,0.09849999999999999,0.21719950000000002,0.0932,0.115851375,0.2579,0.2399725,0.09625,0.22659141666666663,0.09449999999999999,0.24979209999999996,0.0932,SORD,7,0.115851375,SORD,7,7,4,5,6,9,8,10,3,1,2,0
0.011000000000000001,0.10712633333333335,0.03265,0.053876500000000035,0.0357,0.08472999999999997,0.06585,0.12098000000000003,0.02415,0.056181999999999996,0.0325,0.06345299999999998,0.0143,0.05894950000000001,0.021949999999999997,0.04221250000000003,0.0233,0.052414249999999975,0.03465,0.06826750000000001,0.02925,0.063992,0.011000000000000001,CC,0,0.04221250000000003,SORD,7,7,8,1,4,6,5,10,9,2,0,3
0.09179999999999999,0.2036625,0.07025,0.12939899999999996,0.059000000000000004,0.2667180000000002,0.15814999999999999,0.18583999999999992,0.06275,0.12297875000000003,0.07145,0.1937835,0.04885,0.13140649999999998,0.05475000000000001,0.110053,0.05305,0.13119699999999995,0.0635,0.1298495,0.0635,0.14227,0.04885,DyS,6,0.110053,SORD,7,7,4,1,9,8,6,10,3,5,0,2
0.38775,0.4246715000000002,0.2818,0.3402205,0.5,0.3488745000000001,0.2829,0.26641625000000013,0.15695,0.12849200000000002,0.3371,0.23887050000000012,0.20004999999999998,0.23128349999999995,0.1534,0.1264663333333333,0.19955,0.29753800000000014,0.16405,0.29180025000000004,0.2796,0.2928395714285713,0.1534,SORD,7,0.1264663333333333,SORD,7,7,4,6,5,3,9,10,8,1,2,0
0.0483,0.06323800000000006,0.02215,0.049683500000000026,0.0907,0.08702650000000006,0.12135,0.11182699999999988,0.022099999999999998,0.037373500000000004,0.024249999999999997,0.04231599999999999,0.020100000000000003,0.03924,0.02135,0.034107750000000034,0.0217,0.06376149999999998,0.025,0.0681825,0.02475,0.06857949999999999,0.020100000000000003,DyS,6,0.034107750000000034,SORD,7,7,4,6,5,1,0,8,9,10,2,3
0.33525,0.2343784999999999,0.31475000000000003,0.15766000000000008,0.2773,0.2291712500000002,0.30405,0.33487049999999985,0.1566,0.09395875000000001,0.34875,0.17946050000000002,0.22399999999999998,0.10390099999999995,0.16585,0.073758,0.2398,0.1460170000000001,0.256,0.062168750000000016,0.256,0.09312150000000002,0.1566,SMM,4,0.062168750000000016,MAX,9,9,7,10,4,6,8,1,5,2,0,3
0.3703,0.4058878333333332,0.1512,0.2661545000000001,0.5,0.30733950000000015,0.27085000000000004,0.27429616666666673,0.09519999999999999,0.09754187499999997,0.1588,0.13551850000000004,0.09645,0.18123550000000002,0.09875,0.08712687500000005,0.11895,0.2087515,0.12365,0.14784199999999997,0.12365,0.14942550000000007,0.09519999999999999,SMM,4,0.08712687500000005,SORD,7,7,4,5,9,10,6,8,1,3,2,0
0.0052,0.022138499999999995,0.0052,0.01599358333333334,0.0196,0.028784000000000032,0.0196,0.03669450000000002,0.00715,0.027631999999999986,0.01485,0.026843500000000003,0.0062,0.015706,0.00315,0.0204845,0.0035499999999999998,0.019551374999999982,0.0027500000000000003,0.013326625000000005,0.0027500000000000003,0.020433000000000003,0.0027500000000000003,MAX,9,0.013326625000000005,MAX,9,9,6,1,8,10,7,0,5,4,2,3
0.021550000000000003,0.22981400000000007,0.02875,0.10463200000000004,0.24275,0.18039924999999996,0.1999,0.21244458333333327,0.05205,0.080099375,0.1346,0.14168425,0.050600000000000006,0.14815249999999994,0.04125,0.07384200000000002,0.0393,0.11875100000000009,0.02875,0.09026150000000004,0.16015000000000001,0.08626560000000003,0.021550000000000003,CC,0,0.07384200000000002,SORD,7,7,4,10,9,1,8,5,6,2,3,0
0.5,0.24767566666666657,0.5,0.146494,0.32755,0.1614013333333333,0.32755,0.2788772500000001,0.5012,0.14828599999999995,0.48200000000000004,0.3010748333333335,0.48200000000000004,0.16848349999999992,0.5,0.2243839999999998,0.5,0.18336700000000003,0.5,0.14017433333333332,0.5,0.17446583333333343,0.32755,PACC,2,0.14017433333333332,MAX,9,9,1,4,2,6,10,8,7,0,3,5
0.056150000000000005,0.09343699999999998,0.06975,0.0728575,0.0857,0.09999316666666667,0.1107,0.15618049999999997,0.039900000000000005,0.08751450000000002,0.029750000000000002,0.09157612500000001,0.028149999999999998,0.08946700000000003,0.03615,0.05678699999999999,0.0358,0.07900899999999997,0.058100000000000006,0.07370100000000002,0.0647,0.0847995,0.028149999999999998,DyS,6,0.05678699999999999,SORD,7,7,1,9,8,10,4,6,5,0,2,3
0.2656,0.4108065000000001,0.3069,0.3970870000000001,0.26115,0.3587630000000002,0.2771,0.2933005,0.3464,0.33473450000000005,0.30774999999999997,0.3294599999999999,0.3072,0.29563749999999994,0.3025,0.40861199999999975,0.3069,0.37547600000000014,0.3069,0.3867045,0.3069,0.346174,0.26115,PACC,2,0.2933005,PCC,3,3,6,5,4,10,2,8,9,1,7,0
0.1422,0.0842143333333333,0.11615,0.07010619999999998,0.10505,0.11676003333333325,0.16515000000000002,0.12911608333333324,0.1349,0.06182925000000003,0.20725000000000002,0.09075850000000002,0.15380000000000002,0.06192300000000001,0.12275,0.06790449999999998,0.1259,0.06094766666666666,0.1051,0.08931325,0.0885,0.08734933333333332,0.0885,X,10,0.06094766666666666,MS,8,8,4,6,7,1,0,10,9,5,2,3
0.0291,0.03187199999999998,0.027600000000000003,0.024242333333333345,0.029300000000000003,0.026430500000000023,0.0508,0.061950000000000005,0.0331,0.021647999999999997,0.01885,0.020220500000000006,0.01935,0.019649999999999994,0.0291,0.017365499999999992,0.028999999999999998,0.022156999999999996,0.028149999999999998,0.022050750000000008,0.04100000000000001,0.023118499999999993,0.01885,HDy,5,0.017365499999999992,SORD,7,7,6,5,4,9,8,10,1,2,0,3
0.13394999999999999,0.049384500000000005,0.084,0.027846208333333324,0.0616,0.08018683333333332,0.13595000000000002,0.08310153333333331,0.05195,0.030777533333333343,0.09595000000000001,0.03140200000000002,0.0559,0.019168499999999988,0.053500000000000006,0.026442,0.0458,0.02738125000000001,0.0656,0.027773375,0.0814,0.0426778,0.0458,MS,8,0.019168499999999988,DyS,6,6,7,8,9,1,4,5,10,0,2,3
0.07680000000000001,0.13087047499999996,0.0344,0.07536049999999998,0.15535,0.08279799999999997,0.12765,0.17288783333333327,0.033549999999999996,0.05745308333333332,0.0365,0.09094785000000004,0.027800000000000002,0.056968416666666716,0.0304,0.05857168333333333,0.030950000000000002,0.05861412500000002,0.03085,0.06446050000000002,0.03975,0.07189319999999996,0.027800000000000002,DyS,6,0.056968416666666716,DyS,6,6,4,7,8,9,10,1,2,5,0,3
0.0,0.054578499999999995,0.0,0.029662,0.04825,0.125496,0.04825,0.06430200000000004,0.04095,0.05870750000000004,0.0,0.08092399999999998,0.0,0.06605149999999999,0.00015,0.031975,0.0,0.06171549999999998,0.0,0.055486499999999994,0.0,0.09490300000000002,0.0,CC,0,0.029662,ACC,1,1,7,0,9,4,8,3,6,5,10,2
0.5,0.32150258333333354,0.5,0.266358,0.26285000000000003,0.34094550000000007,0.26285000000000003,0.26230183333333335,0.18460000000000001,0.19836849999999998,0.5,0.18078399999999994,0.5,0.17165099999999994,0.11645,0.10421737500000006,0.5,0.2553195000000001,0.5,0.19885200000000008,0.5,0.26467725000000003,0.11645,SORD,7,0.10421737500000006,SORD,7,7,6,5,4,9,8,3,10,1,0,2
0.036750000000000005,0.23074199999999997,0.015150000000000002,0.1488590000000001,0.25695,0.1923456666666667,0.22940000000000002,0.24181899999999995,0.02725,0.0995895,0.0643,0.19264700000000004,0.016200000000000003,0.23934350000000001,0.015300000000000001,0.18742049999999996,0.01595,0.24558700000000006,0.015150000000000002,0.185127,0.0446,0.16970399999999994,0.015150000000000002,ACC,1,0.0995895,SMM,4,4,1,10,9,7,2,5,0,6,3,8
0.10295,0.1810980416666667,0.04875,0.08794541666666668,0.09154999999999999,0.21750454166666672,0.14785,0.20570425,0.0404,0.07315170833333334,0.051100000000000007,0.09894975000000007,0.03915,0.07974925,0.03955,0.064909,0.039900000000000005,0.0725931,0.04875,0.10466529999999995,0.0484,0.10244500000000009,0.03915,DyS,6,0.064909,SORD,7,7,8,4,6,1,5,10,9,0,3,2
0.0151,0.05585816666666665,0.0115,0.03378950000000002,0.020950000000000003,0.11918460000000013,0.02705,0.06743900000000004,0.01165,0.02897550000000001,0.01365,0.03221850000000001,0.0105,0.03476900000000002,0.01115,0.04040449999999999,0.011200000000000002,0.02155499999999999,0.01145,0.07495749999999997,0.01275,0.06311600000000003,0.0105,DyS,6,0.02155499999999999,MS,8,8,4,5,1,6,7,0,10,3,9,2
0.0098,0.093072,0.01075,0.03744937500000003,0.012450000000000001,0.08378000000000005,0.01665,0.08189133333333337,0.00735,0.028578249999999996,0.0062,0.088499,0.005849999999999999,0.039323699999999996,0.0075,0.04075019999999999,0.00795,0.04985550000000001,0.00875,0.06709250000000001,0.00875,0.05669849999999999,0.005849999999999999,DyS,6,0.028578249999999996,SMM,4,4,1,6,7,8,10,9,3,2,5,0
0.0131,0.03680399999999998,0.01085,0.01784350000000002,0.0182,0.02404600000000001,0.02315,0.043928,0.00955,0.018873999999999988,0.010700000000000001,0.03569225000000001,0.0089,0.0156935,0.009000000000000001,0.016038099999999993,0.00935,0.0190467,0.01145,0.019466600000000004,0.011049999999999999,0.021504499999999996,0.0089,DyS,6,0.0156935,DyS,6,6,7,1,4,8,9,10,2,5,0,3
0.09005,0.05629199999999998,0.022949999999999998,0.038567166666666666,0.0236,0.12827950000000002,0.09390000000000001,0.0606175,0.0228,0.033460000000000004,0.0352,0.03742000000000001,0.01965,0.03736850000000003,0.023000000000000003,0.023542000000000004,0.02265,0.025417500000000003,0.01925,0.06655200000000001,0.0229,0.07147050000000005,0.01925,MAX,9,0.023542000000000004,SORD,7,7,8,4,6,5,1,0,3,9,10,2
0.03975,0.3261429999999999,0.02025,0.2016685000000001,0.026949999999999998,0.33931650000000013,0.05195,0.2999765000000002,0.0175,0.20966649999999995,0.01845,0.21301049999999994,0.0152,0.21649249999999995,0.017750000000000002,0.168127,0.01785,0.2439319999999999,0.01965,0.2117700000000001,0.0191,0.18004800000000007,0.0152,DyS,6,0.168127,SORD,7,7,10,1,4,9,5,6,8,3,0,2
0.4985,0.2831970000000003,0.4985,0.19897899999999985,0.35479999999999995,0.3711536250000003,0.35479999999999995,0.23638258333333326,0.1362,0.11365100000000002,0.128,0.18349650000000017,0.1293,0.14330749999999978,0.1384,0.09713100000000002,0.4985,0.12971100000000002,0.14565,0.14855466666666664,0.145,0.14456899999999992,0.128,HDy,5,0.09713100000000002,SORD,7,7,4,8,6,10,9,5,1,3,0,2
0.22745,0.20283866666666672,0.09885,0.13234550000000003,0.34635,0.1647532583333334,0.23235,0.2128228583333334,0.0777,0.1660007250000001,0.17065000000000002,0.12820663333333335,0.092,0.12782571666666664,0.08040000000000001,0.13086066666666663,0.07780000000000001,0.13664050000000003,0.10619999999999999,0.1808153333333334,0.10335000000000001,0.17289683333333344,0.0777,SMM,4,0.12782571666666664,DyS,6,6,5,7,1,8,2,4,10,9,0,3
0.1285,0.2912628333333335,0.06985000000000001,0.20046150000000004,0.1103,0.3553793750000001,0.18015,0.23574250000000013,0.05465,0.13568900000000006,0.0664,0.13043150000000006,0.0539,0.13555241666666662,0.055150000000000005,0.11286237499999999,0.056799999999999996,0.1996164999999999,0.0696,0.13343625,0.06755,0.12900508333333338,0.0539,DyS,6,0.11286237499999999,SORD,7,7,10,5,9,6,4,8,1,3,0,2
0.3728,0.2975150000000001,0.10875,0.185524,0.43905,0.28858325000000007,0.2901,0.2532971666666667,0.0809,0.14012600000000003,0.1361,0.1620033333333333,0.08074999999999999,0.13128899999999993,0.0802,0.1127778333333334,0.09925,0.14887799999999993,0.08165000000000001,0.2022155000000001,0.09805,0.17280633333333328,0.0802,SORD,7,0.1127778333333334,SORD,7,7,6,4,8,5,10,1,9,3,2,0
0.2963,0.0672241333333333,0.2412,0.04927666666666666,0.5,0.039623500000000006,0.25525,0.059734499999999954,0.15835000000000002,0.020976999999999996,0.14425000000000002,0.05861249999999998,0.1413,0.03460100000000001,0.163,0.02570399999999999,0.1722,0.05342399999999998,0.22215,0.02481875,0.23315000000000002,0.02593599999999999,0.1413,DyS,6,0.020976999999999996,SMM,4,4,9,7,10,6,2,1,8,5,3,0
0.43134999999999996,0.33932533333333326,0.1733,0.19015150000000003,0.5,0.3499367500000002,0.315,0.24796375000000012,0.1118,0.11229733333333336,0.1496,0.13574924999999996,0.09785,0.12444999999999999,0.1059,0.10381550000000005,0.1389,0.22863560000000002,0.11359999999999999,0.1683433333333333,0.11699999999999999,0.13825975000000001,0.09785,DyS,6,0.10381550000000005,SORD,7,7,4,6,5,10,9,1,8,3,0,2
0.5,0.407415,0.5,0.25223933333333337,0.3243,0.35825825,0.3243,0.2756982500000001,0.1074,0.09392125000000004,0.09494999999999999,0.17819399999999994,0.49155,0.22506050000000005,0.09815,0.06238000000000003,0.5,0.30865050000000005,0.10975,0.220735,0.10975,0.18074016666666673,0.09494999999999999,HDy,5,0.06238000000000003,SORD,7,7,4,5,10,9,6,1,3,8,2,0
0.18350000000000002,0.19252458333333333,0.0599,0.09878330000000006,0.128,0.17228700000000008,0.1844,0.18633241666666658,0.05,0.06983322500000001,0.08355,0.08759150000000006,0.0518,0.06802974166666668,0.05035,0.05900733333333337,0.04905,0.0688650238095238,0.0591,0.07640675000000001,0.0591,0.10259906666666668,0.04905,MS,8,0.05900733333333337,SORD,7,7,6,8,4,9,5,1,10,2,3,0
0.09540000000000001,0.2145497666666667,0.04195,0.08008654999999998,0.1323,0.16881799999999994,0.17800000000000002,0.19690249999999995,0.042199999999999994,0.07286475,0.04305,0.08529416666666666,0.0369,0.060906625000000034,0.04095,0.06450750000000001,0.04020000000000001,0.05778574999999998,0.0432,0.09287075,0.043550000000000005,0.09668120000000005,0.0369,DyS,6,0.05778574999999998,MS,8,8,6,7,4,1,5,9,10,2,3,0
0.0416,0.11689473333333332,0.02145,0.040443249999999986,0.0264,0.0556885,0.05775,0.07959688333333333,0.0188,0.03736605000000001,0.02205,0.10782599999999999,0.016300000000000002,0.054508250000000015,0.01815,0.035128999999999994,0.01895,0.06427506666666666,0.0197,0.046468799999999984,0.020100000000000003,0.045038649999999986,0.016300000000000002,DyS,6,0.035128999999999994,SORD,7,7,4,1,10,9,6,2,8,3,5,0
0.0094,0.06370149999999998,0.0076,0.02054400000000001,0.027450000000000002,0.051563500000000005,0.0258,0.05552150000000001,0.0079,0.026786000000000008,0.01655,0.023896999999999998,0.0073,0.019557499999999995,0.0069500000000000004,0.026224000000000025,0.0069500000000000004,0.014251500000000004,0.008,0.028638999999999998,0.00915,0.031823500000000005,0.0069500000000000004,SORD,7,0.014251500000000004,MS,8,8,6,1,5,7,4,9,10,2,3,0
0.24645,0.23955849999999987,0.1012,0.1104729999999999,0.1285,0.1573685000000002,0.23115,0.2250404999999997,0.06305000000000001,0.06913200000000003,0.07605,0.07786650000000007,0.0554,0.06595650000000008,0.05835,0.06345600000000004,0.07655,0.07716899999999993,0.06355000000000001,0.07571249999999995,0.0673,0.0704534999999999,0.0554,DyS,6,0.06345600000000004,SORD,7,7,6,4,10,9,8,5,1,2,3,0
0.049100000000000005,0.06875700000000003,0.0246,0.043440999999999966,0.0879,0.08636099999999997,0.11904999999999999,0.11509049999999985,0.02305,0.03525750000000001,0.025,0.03857299999999999,0.0204,0.029793999999999942,0.02075,0.029515750000000004,0.02085,0.06062050000000003,0.025150000000000002,0.05182999999999997,0.02505,0.06122200000000002,0.0204,DyS,6,0.029515750000000004,SORD,7,7,6,4,5,1,9,8,10,0,2,3
0.004,0.04403949999999998,0.0051,0.015342500000000005,0.0074,0.030244000000000014,0.010549999999999999,0.04899666666666665,0.006,0.015892999999999997,0.00615,0.02819200000000003,0.0045000000000000005,0.0106125,0.00505,0.01300800000000001,0.0051,0.011734,0.0054,0.014258500000000006,0.00555,0.015846499999999993,0.004,CC,0,0.0106125,DyS,6,6,8,7,9,1,10,4,5,2,0,3
