abs-error-CC,abs-error-CC-predicted,abs-error-ACC,abs-error-ACC-predicted,abs-error-PACC,abs-error-PACC-predicted,abs-error-PCC,abs-error-PCC-predicted,abs-error-SMM,abs-error-SMM-predicted,abs-error-HDy,abs-error-HDy-predicted,abs-error-DyS,abs-error-DyS-predicted,abs-error-SORD,abs-error-SORD-predicted,abs-error-MS,abs-error-MS-predicted,abs-error-MS2,abs-error-MS2-predicted,abs-error-MAX,abs-error-MAX-predicted,abs-error-X,abs-error-X-predicted,abs-error-T50,abs-error-T50-predicted,abs-error-ideal,quantifier-ideal,quantifier-ideal-num,abs-error-recommended,quantifier-recommended,quantifier-recommended-num,rank-1,rank-2,rank-3,rank-4,rank-5,rank-6,rank-7,rank-8,rank-9,rank-10,rank-11,rank-12,rank-13
0.1832,0.21872141976190543,0.05115,0.10948059444444443,0.06924999999999999,0.15797513380952385,0.2022,0.22812359333333296,0.0507,0.07436449500000002,0.09570000000000001,0.155890526666667,0.05055,0.11216317333333314,0.04745,0.069604305,0.052199999999999996,0.11505208833333365,0.22644999999999998,0.2520110483333327,0.060149999999999995,0.10657981539682546,0.0554,0.09340275666666661,0.5,0.5,0.04745,SORD,7,0.069604305,SORD,7,7,4,11,10,1,6,8,5,2,0,3,9,12
0.19905,0.3507798000000011,0.24215,0.31523600000000057,0.1721,0.33773169999999997,0.24004999999999999,0.2748029499999997,0.12605,0.14790850000000028,0.15245,0.20140894999999995,0.1334,0.22288860000000055,0.12585000000000002,0.12412809999999981,0.1784,0.26269390000000037,0.3971,0.37688289999999974,0.20010000000000003,0.2290185000000004,0.2396,0.262550425,0.5,0.5,0.12585000000000002,SORD,7,0.12412809999999981,SORD,7,7,4,5,6,10,11,8,3,1,2,0,9,12
0.28845,0.27007645595238156,0.0691,0.07612282333333338,0.07915,0.20008272666666654,0.2829,0.2713098700000001,0.047599999999999996,0.06063079333333324,0.20850000000000002,0.16084479166666665,0.055099999999999996,0.08973081666666659,0.044950000000000004,0.050690162142857084,0.05595,0.07946678333333325,0.26785,0.2848391833333332,0.051100000000000007,0.08093939499999993,0.044199999999999996,0.10260984000000006,0.5,0.5,0.044199999999999996,X,11,0.050690162142857084,SORD,7,7,4,1,8,10,6,11,5,2,0,3,9,12
0.5,0.3783042000000006,0.5,0.28804998333333315,0.37799999999999995,0.21971942499999988,0.37799999999999995,0.31031657500000004,0.08564999999999999,0.12753443190476177,0.24285,0.18939296666666683,0.5,0.18880471666666673,0.08275,0.11300114166666665,0.5,0.2516667799999997,0.5,0.3103951716666661,0.2872,0.18413513500000028,0.2872,0.16015791333333335,0.5,0.5,0.08275,SORD,7,0.11300114166666665,SORD,7,7,4,11,10,6,5,2,8,1,3,9,0,12
0.27,0.20985158333333367,0.16895,0.14825850000000018,0.3455,0.19767786666666678,0.24945,0.22439920833333382,0.09040000000000001,0.11555499999999994,0.17855000000000001,0.2499073000000001,0.064,0.16938965277777826,0.09140000000000001,0.11487409999999998,0.09300000000000001,0.1493157333333331,0.32905,0.2851497349999995,0.1384,0.13104852857142843,0.41255000000000003,0.1446709100000001,0.5,0.5,0.064,DyS,6,0.11487409999999998,SORD,7,7,4,10,11,1,8,6,2,0,3,5,9,12
0.38815,0.4712455000000015,0.09465,0.4437933000000022,0.35215,0.32780179999999937,0.4645,0.43326289999999945,0.12895,0.2878777999999993,0.31605,0.3091350000000007,0.16495,0.35195130000000013,0.1315,0.3084285000000002,0.16005,0.4354370000000008,0.3111,0.30342699999999967,0.06735000000000001,0.19980189999999987,0.06735000000000001,0.21263599999999958,0.5,0.5,0.06735000000000001,MAX,10,0.19980189999999987,MAX,10,10,11,4,9,7,5,2,6,3,8,1,0,12
0.33715000000000006,0.18169103333333356,0.1259,0.12700684999999987,0.1609,0.19969586000000025,0.3023,0.18863380000000046,0.17015,0.11062891999999977,0.47275,0.20250207499999992,0.43655,0.14123795000000028,0.1464,0.1303108500000001,0.17365000000000003,0.12940233333333334,0.2723,0.2643660499999993,0.15035,0.1252444499999998,0.07525,0.16355525000000018,0.5,0.5,0.07525,X,11,0.11062891999999977,SMM,4,4,10,1,8,7,6,11,0,3,2,5,9,12
0.5,0.30014905000000003,0.5,0.14230610000000016,0.37835,0.16943246666666673,0.37835,0.2832264833333333,0.0876,0.10625819166666677,0.309,0.2922581666666658,0.337,0.14958568333333336,0.0643,0.11329476666666642,0.5,0.1183264833333332,0.5,0.2724719500000002,0.5,0.08271799166666657,0.5,0.15624392500000003,0.5,0.5,0.0643,SORD,7,0.08271799166666657,MAX,10,10,4,7,8,1,6,11,2,9,3,5,0,12
0.12955,0.17777361666666658,0.0659,0.11728839714285749,0.22175,0.20733109999999974,0.18434999999999999,0.17087821666666717,0.06755,0.11251644999999996,0.15635,0.13058189999999995,0.05145,0.12584890000000032,0.05355000000000001,0.10997219999999985,0.0649,0.10509396666666657,0.27685,0.24813863499999933,0.06245,0.11578032857142831,0.09040000000000001,0.1387981133333331,0.5,0.5,0.05145,DyS,6,0.10509396666666657,MS,8,8,7,4,10,1,6,5,11,3,0,2,9,12
0.5,0.4276854000000008,0.5,0.2900067000000004,0.43575,0.3758965749999993,0.43575,0.37704199999999866,0.25135,0.11356881666666675,0.263,0.24132450000000022,0.263,0.20870060000000035,0.21739999999999998,0.10903149999999986,0.5,0.2615674000000001,0.5,0.3473168666666665,0.5,0.11059976666666652,0.5,0.1402225166666667,0.5,0.5,0.21739999999999998,SORD,7,0.10903149999999986,SORD,7,7,10,4,11,6,5,8,1,9,2,3,0,12
0.49939999999999996,0.41533859999999934,0.4918,0.2462986000000005,0.3433,0.3425477999999991,0.4905,0.42911139999999753,0.40909999999999996,0.14794050000000072,0.43215000000000003,0.31141419999999953,0.4756,0.22103010000000092,0.4868,0.16656920000000058,0.49895,0.25979959999999963,0.24960000000000002,0.33756930000000096,0.13140000000000002,0.23269870000000056,0.13140000000000002,0.2544627000000004,0.5,0.5,0.13140000000000002,MAX,10,0.14794050000000072,SMM,4,4,7,6,10,1,11,8,5,9,2,0,3,12
0.43395000000000006,0.39397106666666665,0.30079999999999996,0.29874039999999996,0.17335,0.26393655000000005,0.3901,0.3612112333333337,0.1449,0.11436899523809516,0.45155,0.30158839999999904,0.32255,0.17644780000000038,0.17525,0.09039613333333338,0.23855,0.2505348666666667,0.28059999999999996,0.3894326999999997,0.05815000000000001,0.22759298333333372,0.19835,0.2547889333333337,0.5,0.5,0.05815000000000001,MAX,10,0.09039613333333338,SORD,7,7,4,6,10,8,11,2,1,5,3,9,0,12
0.1975,0.20354670944444453,0.1638,0.12448705666666694,0.18795,0.19826361666666678,0.2235,0.21938307499999984,0.12435,0.089609175,0.1843,0.12282478999999981,0.12465,0.08193609277777777,0.13055,0.08777447499999992,0.127,0.0917314733333334,0.2999,0.31654682499999975,0.19795000000000001,0.1024856183333334,0.18635000000000002,0.12312425833333371,0.5,0.5,0.12435,SMM,4,0.08193609277777777,DyS,6,6,7,4,8,10,5,11,1,2,0,3,9,12
0.5,0.424482900000001,0.5,0.3391960000000006,0.21975,0.33435449999999983,0.39935000000000004,0.3592592999999995,0.38785000000000003,0.16099579999999994,0.47240000000000004,0.36039914999999884,0.45439999999999997,0.2923663000000009,0.48465,0.1515505000000001,0.5,0.3125209000000002,0.31705,0.37483168333333283,0.0661,0.24404613333333297,0.13545,0.2756502000000006,0.5,0.5,0.0661,MAX,10,0.1515505000000001,SORD,7,7,4,10,11,6,8,2,1,3,5,9,0,12
0.39299999999999996,0.32175421666666754,0.32155,0.31973360000000056,0.49924999999999997,0.27643810000000013,0.26195,0.2664688000000001,0.18635000000000002,0.17032860000000002,0.307,0.2957264333333327,0.26505,0.2672980499999994,0.16865,0.19225550000000047,0.28385,0.28174380000000016,0.34945,0.3778004799999988,0.11245000000000001,0.2337654499999998,0.12895,0.2661190566666668,0.5,0.5,0.11245000000000001,MAX,10,0.17032860000000002,SMM,4,4,7,10,11,3,6,2,8,5,1,0,9,12
0.0,0.04963386666666664,0.0,0.01651046666666665,0.0209,0.09697060000000016,0.0209,0.07028009999999997,0.02645,0.03689906666666665,0.0,0.06752639999999975,0.0,0.04559390000000002,0.0,0.021784799999999962,0.0,0.048958249999999995,0.0,0.038244200000000006,0.0,0.016144849999999978,0.0,0.05247440000000003,0.5,0.5,0.0,CC,0,0.016144849999999978,MAX,10,10,1,7,4,9,6,8,0,11,5,3,2,12
0.37205,0.41467220000000027,0.15875,0.3832756000000011,0.5,0.32344579999999984,0.2787,0.27947500000000025,0.16845,0.31466550000000004,0.2003,0.3167550999999996,0.16190000000000002,0.31049811666666716,0.1576,0.32476510000000036,0.15535,0.3455072000000003,0.45715000000000006,0.41551100000000035,0.19435,0.3150126666666671,0.32435,0.3251325000000001,0.5,0.5,0.15535,MS,8,0.27947500000000025,PCC,3,3,6,4,10,5,2,7,11,8,1,0,9,12
0.0317,0.11047880666666679,0.01905,0.12190130333333356,0.06105000000000001,0.11085451999999985,0.06305,0.14699269833333337,0.038599999999999995,0.15060345833333358,0.02915,0.1784015333333336,0.022000000000000002,0.13843691666666655,0.0235,0.1258407499999998,0.02825,0.12049379000000023,0.12925,0.21402089999999926,0.01905,0.182747225,0.021949999999999997,0.16646353500000022,0.5,0.5,0.01905,ACC,1,0.11047880666666679,CC,0,0,2,8,1,7,6,3,4,11,5,10,9,12
0.00885,0.08102619999999994,0.0059499999999999996,0.06695904999999991,0.0291,0.07604219999999998,0.03345,0.07560479999999994,0.0067,0.041947599999999974,0.0149,0.06349299999999986,0.0084,0.038327600000000045,0.00605,0.03307539999999994,0.0059499999999999996,0.044137899999999994,0.00885,0.10252260000000002,0.0068000000000000005,0.03694249999999989,0.0086,0.038654599999999956,0.5,0.5,0.0059499999999999996,ACC,1,0.03307539999999994,SORD,7,7,10,6,11,4,8,5,1,3,2,0,9,12
0.3398,0.23422670000000023,0.25365,0.09806359999999993,0.17215,0.19678079999999992,0.2864,0.25467728333333367,0.18015,0.0910544499999999,0.36719999999999997,0.3096790499999993,0.27835,0.12791599999999956,0.16325,0.10167249999999994,0.17995,0.12271600000000032,0.18830000000000002,0.24967749999999966,0.13685,0.09110574166666645,0.08025,0.13379495000000005,0.5,0.5,0.08025,X,11,0.0910544499999999,SMM,4,4,10,1,7,8,6,11,2,0,9,3,5,12
0.42095,0.2963640800000002,0.25875,0.33257525666666743,0.5,0.3009678533333328,0.26495,0.2292253966666663,0.36835,0.10104261333333327,0.0654,0.20054766809523808,0.1765,0.2511484883333331,0.15744999999999998,0.07962530833333331,0.3043,0.3049569799999999,0.5,0.3661311233333331,0.17170000000000002,0.31509789000000005,0.4052,0.30830783999999983,0.5,0.5,0.0654,HDy,5,0.07962530833333331,SORD,7,7,4,5,3,6,0,2,8,11,10,1,9,12
0.00955,0.02200190000000004,0.0072499999999999995,0.01626099999999998,0.0165,0.029650833333333314,0.02035,0.02890243333333336,0.00645,0.01779463333333334,0.00845,0.02078794999999998,0.00515,0.012705600000000004,0.0053,0.011867599999999989,0.00555,0.015657599999999963,0.011699999999999999,0.03476130000000001,0.0083,0.013622179999999996,0.0059,0.014414200000000016,0.5,0.5,0.00515,DyS,6,0.011867599999999989,SORD,7,7,6,10,11,8,1,4,5,0,3,2,9,12
0.4485,0.40909102857142915,0.20375,0.34659410000000074,0.5,0.3829875999999995,0.29164999999999996,0.27201174333333267,0.0765,0.15982597500000012,0.2327,0.23929340000000032,0.08265,0.24720509000000052,0.0787,0.17633591666666704,0.14429999999999998,0.3029276000000001,0.3429,0.37787793000000025,0.09494999999999999,0.21778653333333411,0.0993,0.2607834516666666,0.5,0.5,0.0765,SMM,4,0.15982597500000012,SMM,4,4,7,10,5,6,11,3,8,1,9,2,0,12
0.3601,0.28918893333333334,0.11505000000000001,0.15731500333333326,0.48835,0.21200947500000045,0.26844999999999997,0.25285051666666636,0.06865,0.14684509999999976,0.36210000000000003,0.30089539999999937,0.08945,0.19673204000000025,0.05885,0.1510412500000002,0.2969,0.12688170000000001,0.2998,0.3213470333333327,0.18945,0.1537656249999997,0.1253,0.17803731666666692,0.5,0.5,0.05885,SORD,7,0.12688170000000001,MS,8,8,4,7,10,1,11,6,2,3,0,5,9,12
0.0,0.026149133333333366,0.0,0.01378821666666668,0.003,0.0463968,0.003,0.048598533333333395,0.02275,0.03162896666666673,0.01665,0.049033100000000045,0.0,0.01906535000000005,0.0,0.01730019999999999,0.0,0.017257583333333316,0.0,0.042807950000000025,0.0,0.013577099999999988,0.0,0.02125333999999998,0.5,0.5,0.0,CC,0,0.013577099999999988,MAX,10,10,1,8,7,6,11,0,4,9,2,3,5,12
0.5,0.41663735000000035,0.5,0.34077564666666676,0.361,0.2988738,0.361,0.37164059999999866,0.17415,0.11839196666666654,0.317,0.28736749999999966,0.317,0.23693123000000052,0.48625,0.10083747833333338,0.5,0.28353056666666654,0.5,0.3509602933333329,0.5,0.09731628333333334,0.5,0.13047699999999998,0.5,0.5,0.17415,SMM,4,0.09731628333333334,MAX,10,10,7,4,11,6,8,5,2,1,9,3,0,12
0.5,0.41685730000000043,0.5,0.3953955000000007,0.37884999999999996,0.3142715999999997,0.37884999999999996,0.31505809999999923,0.3578,0.3466974999999998,0.5,0.3738134999999988,0.5,0.3420935000000001,0.5,0.35852060000000074,0.5,0.3765218000000003,0.5,0.4200208499999992,0.5,0.34033520000000056,0.5,0.32307030000000053,0.5,0.5,0.3578,SMM,4,0.3142715999999997,PACC,2,2,3,11,10,6,4,7,5,8,1,0,9,12
0.19024999999999997,0.3079138666666668,0.09505000000000001,0.1866802100000002,0.1727,0.2948938166666666,0.21675,0.25764411666666653,0.07755,0.08901359499999999,0.086,0.14078050666666664,0.0776,0.13589873500000016,0.07985,0.09639855047619031,0.07735,0.16376395333333324,0.32780000000000004,0.34955046999999967,0.0942,0.13115950111111102,0.09725,0.14265248166666686,0.5,0.5,0.07735,MS,8,0.08901359499999999,SMM,4,4,7,10,6,5,11,8,1,3,2,0,9,12
0.22625,0.2648801466666677,0.051550000000000006,0.2631740000000011,0.4239,0.24357418333333444,0.20149999999999998,0.21911385833333255,0.0599,0.16231850000000064,0.048600000000000004,0.15220043833333344,0.04285,0.17517950000000032,0.055999999999999994,0.1710324999999998,0.0575,0.2194825999999995,0.35090000000000005,0.39415280000000064,0.09945,0.21922110000000108,0.09945,0.20118861666666762,0.5,0.5,0.04285,DyS,6,0.15220043833333344,HDy,5,5,4,7,6,11,3,10,8,2,1,0,9,12
0.0762,0.20629774166666615,0.08215,0.1323476000000003,0.11939999999999999,0.24542169999999938,0.1431,0.1914539400000007,0.1272,0.13191191666666632,0.08395,0.18257780000000046,0.10305,0.1700053333333332,0.1297,0.12165863333333336,0.09325000000000001,0.18347863333333322,0.301,0.25787397999999906,0.1637,0.10869899999999996,0.22315000000000002,0.1418461999999998,0.5,0.5,0.0762,CC,0,0.10869899999999996,MAX,10,10,7,4,1,11,6,5,8,3,0,2,9,12
0.215,0.27762936833333324,0.1593,0.1409065633333334,0.19690000000000002,0.26209537380952413,0.25105,0.2548375833333329,0.14265,0.13097505833333306,0.1579,0.1444460516666668,0.16005,0.13793380833333346,0.1413,0.10960984999999976,0.15915,0.1307804,0.5,0.3874216999999992,0.1593,0.19843144166666718,0.1593,0.1941145788095243,0.5,0.5,0.1413,SORD,7,0.10960984999999976,SORD,7,7,8,4,6,1,5,11,10,3,2,0,9,12
0.42034999999999995,0.43054790000000026,0.233,0.3568910000000003,0.08875,0.2978476000000002,0.34299999999999997,0.3877297999999998,0.07339999999999999,0.12319997499999992,0.18760000000000002,0.19764780000000026,0.1091,0.23843210000000042,0.055650000000000005,0.09734956666666651,0.11305,0.3417863000000001,0.24684999999999999,0.3770776166666664,0.059699999999999996,0.1488162066666667,0.06535,0.15791502666666685,0.5,0.5,0.055650000000000005,SORD,7,0.09734956666666651,SORD,7,7,4,10,11,5,6,2,8,1,9,3,0,12
0.22795,0.18735869999999955,0.0868,0.10246173333333346,0.19565000000000002,0.1576207333333333,0.21080000000000002,0.20551336000000026,0.046349999999999995,0.1057147,0.17495000000000002,0.17164485000000004,0.060899999999999996,0.1137678333333335,0.04945,0.11552123333333313,0.047400000000000005,0.11737429999999999,0.30219999999999997,0.24997779999999936,0.09065,0.10570389166666676,0.2327,0.07972003333333327,0.5,0.5,0.046349999999999995,SMM,4,0.07972003333333327,X,11,11,1,10,4,6,7,8,2,5,0,3,9,12
0.24815,0.2607678499999991,0.1085,0.09992023999999951,0.12925,0.16107810000000097,0.23125,0.2247878999999997,0.0582,0.07037011428571428,0.06165,0.0896541500000001,0.0487,0.06542662777777741,0.0541,0.06563047500000037,0.07475,0.08253949999999982,0.27605,0.29821876785714424,0.066,0.07196951666666639,0.066,0.07550610000000013,0.5,0.5,0.0487,DyS,6,0.06542662777777741,DyS,6,6,7,4,10,11,8,5,1,2,3,0,9,12
0.5,0.4121865666666668,0.5,0.3817955000000001,0.3151,0.3476596999999995,0.3151,0.28129469999999956,0.33135,0.2889170000000002,0.5,0.27210684999999996,0.5,0.2851820000000003,0.5,0.3062136000000003,0.5,0.3496056000000002,0.5,0.4383936999999994,0.5,0.2992353000000003,0.5,0.3440425000000003,0.5,0.5,0.3151,PACC,2,0.27210684999999996,HDy,5,5,3,6,4,10,7,11,2,8,1,0,9,12
0.08525,0.13949394000000004,0.0762,0.07214178833333329,0.0802,0.11455053999999998,0.14595,0.17167870000000013,0.054000000000000006,0.05839616666666667,0.0356,0.10307710333333325,0.0451,0.05595004833333331,0.0611,0.055316498333333394,0.05625,0.06025479333333335,0.21865,0.21275539999999948,0.06480000000000001,0.068118,0.08495000000000001,0.05943810833333342,0.5,0.5,0.0356,HDy,5,0.055316498333333394,SORD,7,7,6,4,11,8,10,1,5,2,0,3,9,12
0.023399999999999997,0.04546384666666658,0.0361,0.037045958333333344,0.08814999999999999,0.06146819999999985,0.08985,0.09181028333333331,0.0369,0.048848770000000034,0.0736,0.06859209999999988,0.0251,0.03924886142857141,0.03555,0.0368927171428572,0.036000000000000004,0.05884937499999989,0.10060000000000001,0.10576191999999976,0.0361,0.04607265333333326,0.04845,0.05661655000000007,0.5,0.5,0.023399999999999997,CC,0,0.0368927171428572,SORD,7,7,1,6,0,10,4,11,8,2,5,3,9,12
0.14825000000000002,0.2156420383333334,0.06365,0.09082306000000012,0.1509,0.2092457650000002,0.1834,0.2193284616666663,0.05835,0.07181180595238106,0.06875,0.11774743666666657,0.0509,0.08573894666666647,0.05055,0.06305003000000006,0.0572,0.08632835333333339,0.27105,0.2988398583333333,0.0518,0.09075963833333338,0.0721,0.09888705000000012,0.5,0.5,0.05055,SORD,7,0.06305003000000006,SORD,7,7,4,6,8,10,1,11,5,2,0,3,9,12
0.13335,0.18256816000000006,0.061500000000000006,0.0640550133333332,0.11689999999999999,0.18400845595238097,0.1875,0.2199286666666671,0.049550000000000004,0.05395980833333327,0.055600000000000004,0.1063684485714285,0.04595,0.06018009166666654,0.049699999999999994,0.046882479999999976,0.049400000000000006,0.06863987999999999,0.2788,0.23461824666666636,0.06185,0.05617089833333328,0.059500000000000004,0.08643747690476186,0.5,0.5,0.04595,DyS,6,0.046882479999999976,SORD,7,7,4,10,6,1,8,11,5,0,2,3,9,12
0.22665,0.2689311000000002,0.109,0.13056140238095265,0.2889,0.1885378366666667,0.22920000000000001,0.24480797333333323,0.0739,0.08928069999999988,0.0852,0.17177675000000006,0.067,0.08872984166666673,0.06975,0.0930269366666668,0.07425,0.0936370723809524,0.31905,0.3348047833333329,0.09985,0.10973995833333357,0.0848,0.14226689999999992,0.5,0.5,0.067,DyS,6,0.08872984166666673,DyS,6,6,4,7,8,10,1,11,5,2,3,0,9,12
0.00975,0.025722640000000064,0.00975,0.02070010000000008,0.036750000000000005,0.043280799999999967,0.036750000000000005,0.04054300000000001,0.0161,0.022046250000000052,0.0231,0.03860817499999997,0.0104,0.02323889999999999,0.0102,0.017522000000000006,0.010050000000000002,0.03593620000000002,0.01155,0.03240319999999997,0.0007000000000000001,0.03928199999999994,0.0007000000000000001,0.03855720000000003,0.5,0.5,0.0007000000000000001,MAX,10,0.017522000000000006,SORD,7,7,1,4,6,0,9,8,11,5,10,3,2,12
0.02005,0.06052733333333311,0.044950000000000004,0.11141684999999989,0.02125,0.07373873333333328,0.06725,0.08289896666666664,0.05405,0.1098622866666665,0.052250000000000005,0.12094212500000023,0.014650000000000002,0.14469269999999998,0.04020000000000001,0.17669065000000048,0.04445,0.13028393333333335,0.03325,0.09458539999999997,0.0228,0.15159398000000002,0.02165,0.1091692399999998,0.5,0.5,0.014650000000000002,DyS,6,0.06052733333333311,CC,0,0,2,3,9,11,4,1,5,8,6,10,7,12
0.0,0.0883193499999999,0.0,0.08249432249999994,0.0029,0.13860983333333324,0.0029,0.08727919999999988,0.003,0.06052513333333326,0.008150000000000001,0.15546374999999996,0.0012,0.10193490000000016,0.0,0.06226190000000007,0.0,0.09374418749999992,0.0,0.09497394999999992,0.00395,0.04751909999999991,0.00395,0.1125665166666666,0.5,0.5,0.0,CC,0,0.04751909999999991,MAX,10,10,4,7,1,3,0,8,9,6,11,2,5,12
0.5,0.4542296666666674,0.5,0.43623450000000064,0.386,0.33112799999999937,0.386,0.29626014999999983,0.44875,0.23002725000000054,0.281,0.3419449999999997,0.281,0.3853078999999996,0.5,0.2373777500000005,0.5,0.4269114000000009,0.5,0.44228039999999963,0.5,0.35249000000000086,0.5,0.37077430000000033,0.5,0.5,0.281,HDy,5,0.23002725000000054,SMM,4,4,7,3,2,5,10,11,6,8,1,9,0,12
0.0151,0.07553376666666671,0.01115,0.056802150000000134,0.011200000000000002,0.10006728666666663,0.01955,0.09564893333333327,0.009250000000000001,0.05133028666666672,0.0083,0.05817420000000002,0.008150000000000001,0.05887169999999988,0.0087,0.04096077500000006,0.00885,0.04967163333333342,0.030300000000000004,0.14958447999999985,0.01085,0.05678517499999999,0.01115,0.05644348000000009,0.5,0.5,0.008150000000000001,DyS,6,0.04096077500000006,SORD,7,7,8,4,11,10,1,5,6,0,3,2,9,12
0.1303,0.21914387999999974,0.028650000000000002,0.11075476000000026,0.3148,0.21320393333333332,0.20795000000000002,0.2283691133333334,0.06945,0.07615077500000016,0.035,0.11907736999999984,0.02625,0.08636771666666655,0.03,0.07493213333333336,0.0294,0.10181550999999994,0.1555,0.29815653999999936,0.028650000000000002,0.0960816033333332,0.07339999999999999,0.1414752233333335,0.5,0.5,0.02625,DyS,6,0.07493213333333336,SORD,7,7,4,6,10,8,1,5,11,2,0,3,9,12
0.01665,0.023134200000000004,0.013500000000000002,0.02349514999999999,0.0245,0.04097979999999998,0.0348,0.0628673,0.0175,0.024246024999999977,0.012,0.027470199999999986,0.0098,0.0197652566666667,0.014750000000000001,0.024776099999999992,0.015150000000000002,0.023918441666666703,0.0638,0.07745180000000018,0.014750000000000001,0.03137339999999988,0.01645,0.037446900000000026,0.5,0.5,0.0098,DyS,6,0.0197652566666667,DyS,6,6,0,1,8,4,7,5,10,11,2,3,9,12
0.053899999999999997,0.14243470833333333,0.04475,0.08192317999999996,0.087,0.12573139333333316,0.11964999999999999,0.19168713333333393,0.0275,0.06535204166666668,0.02675,0.08489544999999996,0.0317,0.07101027499999987,0.0317,0.06130184166666666,0.03065,0.07380203333333324,0.13615,0.20112789999999917,0.0455,0.07210909801587305,0.03445,0.08869020000000011,0.5,0.5,0.02675,HDy,5,0.06130184166666666,SORD,7,7,4,6,10,8,1,5,11,2,0,3,9,12
0.5,0.3584840333333343,0.5,0.32790180000000074,0.30655,0.3503459999999998,0.30655,0.28689410000000015,0.44585,0.2635218500000001,0.48200000000000004,0.26588168333333334,0.48200000000000004,0.205422966666667,0.47705,0.2776272750000005,0.5,0.30636760000000013,0.5,0.4291594499999997,0.5,0.24413713333333367,0.5,0.28012145000000027,0.5,0.5,0.30655,PACC,2,0.205422966666667,DyS,6,6,10,4,5,7,11,3,8,1,2,0,9,12
0.31489999999999996,0.1432782666666668,0.0575,0.13335040000000037,0.42200000000000004,0.17573609999999976,0.2455,0.16159158333333332,0.1134,0.14167943333333358,0.059050000000000005,0.16384930000000034,0.05935000000000001,0.1540511666666669,0.11349999999999999,0.12162129999999985,0.0575,0.12452050000000012,0.3077,0.2582848799999996,0.0575,0.12979819999999997,0.0575,0.16575873333333327,0.5,0.5,0.0575,ACC,1,0.12162129999999985,SORD,7,7,8,10,1,4,0,6,3,5,11,2,9,12
0.2978,0.13481583333333347,0.23575,0.09075783999999987,0.2546,0.18138476666666623,0.29675,0.16892380000000048,0.24850000000000003,0.08334935000000002,0.4188,0.11686734999999995,0.27855,0.07737422500000017,0.20695,0.08365298333333325,0.30265000000000003,0.07738088333333326,0.3454,0.27227089999999926,0.1764,0.10379108333333305,0.23235,0.12202849999999996,0.5,0.5,0.1764,MAX,10,0.07737422500000017,DyS,6,6,8,4,7,1,10,5,11,0,3,2,9,12
0.00995,0.04375927999999995,0.0137,0.04007698333333335,0.04545,0.07539816666666664,0.05965,0.09123996666666656,0.0177,0.04301274999999992,0.0124,0.04321422500000002,0.01075,0.031141106666666692,0.016300000000000002,0.04063254000000001,0.01665,0.04515370000000007,0.044000000000000004,0.11813354499999992,0.03625,0.04325404999999995,0.03625,0.05851640000000003,0.5,0.5,0.00995,CC,0,0.031141106666666692,DyS,6,6,1,7,4,5,10,0,8,11,2,3,9,12
0.16845,0.29969285333333356,0.08505000000000001,0.23589543333333346,0.1422,0.2699332000000005,0.22094999999999998,0.21810355666666653,0.0733,0.1191607850000001,0.05785,0.12681103333333293,0.05915,0.17628709333333364,0.06935000000000001,0.08165826666666674,0.09140000000000001,0.21521850000000026,0.3159,0.2289512333333338,0.0743,0.10623169999999985,0.07165,0.13127844238095254,0.5,0.5,0.05785,HDy,5,0.08165826666666674,SORD,7,7,10,4,5,11,6,8,3,9,1,2,0,12
0.2118,0.19273193000000022,0.044000000000000004,0.13925204999999988,0.0528,0.1681924999999999,0.20085,0.20578753333333294,0.04975,0.08245446666666637,0.0694,0.17428437333333352,0.034050000000000004,0.08539549999999967,0.051550000000000006,0.07969676666666656,0.05115,0.1052201999999994,0.25505,0.20512024999999973,0.0471,0.06628065000000004,0.049400000000000006,0.07295505000000013,0.5,0.5,0.034050000000000004,DyS,6,0.06628065000000004,MAX,10,10,11,7,4,6,8,1,2,5,0,9,3,12
0.217,0.2058750799999994,0.051100000000000007,0.11093919999999986,0.053399999999999996,0.10535006666666619,0.18739999999999998,0.2218576800000011,0.0475,0.05739890000000007,0.2005,0.13285405000000003,0.09325,0.06911273333333318,0.0384,0.055004899999999815,0.044000000000000004,0.10853256666666636,0.22089999999999999,0.22673869999999904,0.049,0.08544000000000025,0.04135,0.08102574999999959,0.5,0.5,0.0384,SORD,7,0.055004899999999815,SORD,7,7,4,6,11,10,2,8,1,5,0,3,9,12
0.2162,0.14256609999999945,0.049550000000000004,0.04731171666666693,0.051500000000000004,0.07199058333333341,0.2167,0.1843530133333328,0.04015,0.04742431666666651,0.15835000000000002,0.09925080000000022,0.07445,0.04367758333333336,0.0415,0.042170399999999844,0.04145000000000001,0.04357823333333339,0.20614999999999997,0.18603969999999997,0.058899999999999994,0.044468949999999986,0.05135,0.04706300000000009,0.5,0.5,0.04015,SMM,4,0.042170399999999844,SORD,7,7,8,6,10,11,1,4,2,5,0,3,9,12
0.20975000000000002,0.22027593333333328,0.051100000000000007,0.0909012166666669,0.0682,0.09448025000000007,0.2046,0.23632580000000017,0.0558,0.055688676666666645,0.18265,0.15536736666666653,0.0449,0.09699941666666641,0.04335,0.052049324999999876,0.0501,0.07346133333333327,0.23725000000000002,0.2074815999999992,0.04365,0.08769135000000003,0.05,0.07583236333333335,0.5,0.5,0.04335,SORD,7,0.052049324999999876,SORD,7,7,4,8,11,10,1,2,6,5,9,0,3,12
0.34765,0.3683639300000005,0.09415000000000001,0.227832966666667,0.06105000000000001,0.295858725,0.32420000000000004,0.37806964999999815,0.0774,0.09935511833333296,0.21065,0.2783272750000002,0.0809,0.17100179047619027,0.0758,0.0870881833333332,0.08865,0.17584048000000002,0.27415,0.2990130833333333,0.04125,0.14075027499999998,0.0414,0.14274288999999998,0.5,0.5,0.04125,MAX,10,0.0870881833333332,SORD,7,7,4,10,11,6,8,1,5,2,9,0,3,12
0.5,0.4768570000000018,0.5,0.3655112000000008,0.3969,0.39149679999999865,0.3969,0.38417249999999736,0.06995,0.11516874999999983,0.5,0.24646040000000063,0.5,0.25059649999999906,0.06315,0.0915841666666669,0.5,0.32876759999999894,0.5,0.3655689333333326,0.5,0.2498466,0.5,0.23460046666666623,0.5,0.5,0.06315,SORD,7,0.0915841666666669,SORD,7,7,4,11,5,10,6,8,1,9,3,2,0,12
0.5,0.46977910000000134,0.5,0.34385450000000056,0.37075,0.39571869999999876,0.37075,0.3873420999999975,0.13175,0.08208762499999975,0.5,0.2465052000000005,0.5,0.19045729999999927,0.10385,0.07375365000000002,0.5,0.3211325999999996,0.5,0.34922099999999934,0.5,0.18460864166666674,0.5,0.17798781666666622,0.5,0.5,0.10385,SORD,7,0.07375365000000002,SORD,7,7,4,11,10,6,5,8,1,9,3,2,0,12
0.48534999999999995,0.4236661166666677,0.2511,0.37097990000000075,0.5,0.3590321166666643,0.3775,0.381332299999997,0.0682,0.09695449999999958,0.11085,0.3487362000000006,0.0599,0.3016015999999992,0.06055,0.07993570833333362,0.2506,0.3555170999999991,0.27635000000000004,0.39382509999999893,0.0605,0.27377005000000004,0.060899999999999996,0.2963564666666661,0.5,0.5,0.0599,DyS,6,0.07993570833333362,SORD,7,7,4,10,11,6,5,8,2,1,3,9,0,12
0.47485,0.47971425000000023,0.32155,0.4241102000000004,0.3795,0.39565044999999754,0.3909,0.3841494999999973,0.11074999999999999,0.09372884999999928,0.17184999999999997,0.34668579999999966,0.0975,0.3820168999999999,0.08904999999999999,0.08029953333333348,0.24745,0.4294606000000001,0.2781,0.41698670000000027,0.08045,0.3530422999999996,0.06885,0.36402680000000054,0.5,0.5,0.06885,X,11,0.08029953333333348,SORD,7,7,4,5,10,11,6,3,2,9,1,8,0,12
0.5,0.4502297500000003,0.5,0.3783406000000006,0.29795,0.3474645999999993,0.29795,0.2856086666666663,0.19875,0.24582890000000046,0.276,0.27338755000000003,0.41155,0.31248458333333345,0.19995000000000002,0.1894802000000001,0.5,0.37666989999999984,0.5,0.4445819500000007,0.3281,0.35737469999999993,0.24245,0.3585011,0.5,0.5,0.19875,SMM,4,0.1894802000000001,SORD,7,7,4,5,3,6,2,10,11,8,1,9,0,12
0.25215,0.3260557000000005,0.33235,0.33335680000000056,0.24865,0.3505382999999994,0.25725000000000003,0.26229416666666633,0.21265,0.19367460000000006,0.19235,0.28528569999999975,0.1565,0.28700023333333347,0.17309999999999998,0.17664305000000047,0.16440000000000002,0.3453825000000003,0.45555,0.3946446999999991,0.28675,0.2675913500000001,0.30820000000000003,0.2919008000000003,0.5,0.5,0.1565,DyS,6,0.17664305000000047,SORD,7,7,4,3,10,5,6,11,0,1,8,2,9,12
0.1448,0.11890494666666694,0.05745,0.10935731666666669,0.12915000000000001,0.12158700666666664,0.1967,0.16062821666666632,0.0711,0.07048660333333327,0.16715,0.12357982500000027,0.08529999999999999,0.08377174000000003,0.06755,0.07127009166666676,0.06955,0.0855666233333335,0.2011,0.20416068428571355,0.05715,0.08778366666666672,0.0803,0.08333833000000004,0.5,0.5,0.05715,MAX,10,0.07048660333333327,SMM,4,4,7,11,6,8,10,1,0,2,5,3,9,12
0.2146,0.27069566666666606,0.12895,0.1832720000000006,0.2181,0.35334913333333406,0.21170000000000003,0.22146014166666658,0.09480000000000001,0.1133789583333331,0.09179999999999999,0.13854388333333337,0.1041,0.14973231833333348,0.08455,0.10894772499999976,0.08900000000000001,0.16539369333333348,0.36329999999999996,0.38476499999999897,0.12895,0.17589836666666686,0.12895,0.1668223821428573,0.5,0.5,0.08455,SORD,7,0.10894772499999976,SORD,7,7,4,5,6,8,11,10,1,3,0,2,9,12
0.3625,0.4394378190476195,0.08715,0.3033908,0.1483,0.3265739333333329,0.39130000000000004,0.38170729999999903,0.0391,0.12815600833333332,0.1195,0.2684994000000004,0.04650000000000001,0.22400940000000003,0.03875,0.10447579999999987,0.047700000000000006,0.2947954000000002,0.1649,0.3431015,0.0437,0.1640041833333334,0.03905,0.15119000000000002,0.5,0.5,0.03875,SORD,7,0.10447579999999987,SORD,7,7,4,11,10,6,5,8,1,2,9,3,0,12
0.25295,0.36499038333333367,0.08825,0.1854512333333332,0.1389,0.2714352333333331,0.27165,0.26207318666666685,0.0783,0.12188361666666665,0.21075,0.3049955666666666,0.07125,0.15321549999999987,0.07725,0.10960439166666655,0.06775,0.1795355999999999,0.31579999999999997,0.358454166666667,0.08425,0.15266291666666656,0.1231,0.1884213500000004,0.5,0.5,0.06775,MS,8,0.10960439166666655,SORD,7,7,4,10,6,8,1,11,3,2,5,9,0,12
0.028450000000000003,0.050556766666666704,0.0137,0.03953709166666659,0.04095,0.07160319999999999,0.05895,0.07467860000000001,0.019450000000000002,0.031050449999999962,0.04545,0.08630025000000012,0.024,0.04259679999999996,0.01585,0.030331519999999994,0.01625,0.04156208333333337,0.0339,0.07475607499999991,0.017650000000000002,0.04274522499999995,0.017650000000000002,0.03900469999999996,0.5,0.5,0.0137,ACC,1,0.030331519999999994,SORD,7,7,4,11,1,8,6,10,0,2,3,9,5,12
0.02135,0.02359879999999987,0.013049999999999999,0.01535710000000006,0.011500000000000002,0.025570600000000034,0.02145,0.028201200000000065,0.0116,0.015290200000000084,0.014199999999999999,0.03564645000000002,0.0079,0.016963000000000082,0.010050000000000002,0.011517099999999988,0.0103,0.01168684999999998,0.03085,0.031229200000000075,0.011699999999999999,0.012442799999999964,0.0149,0.015026000000000057,0.5,0.5,0.0079,DyS,6,0.011517099999999988,SORD,7,7,8,10,11,4,1,6,0,2,3,9,5,12
0.02535,0.06410913999999983,0.0115,0.049541499999999974,0.0416,0.10324446666666666,0.0524,0.07672693333333329,0.0168,0.06053114166666663,0.0364,0.08985324999999997,0.0264,0.05062500000000002,0.011200000000000002,0.05409383999999997,0.01075,0.055290149999999934,0.06905,0.09993372499999988,0.030100000000000002,0.061080149999999826,0.030100000000000002,0.08823670000000006,0.5,0.5,0.01075,MS,8,0.049541499999999974,ACC,1,1,6,7,8,4,10,0,3,11,5,9,2,12
0.0086,0.1719656333333332,0.006500000000000001,0.07117002999999983,0.0302,0.12666170000000007,0.03495,0.24697279999999977,0.0114,0.0688524,0.015700000000000002,0.17608329999999983,0.0086,0.0790376,0.00655,0.07463030000000015,0.006500000000000001,0.08321436999999979,0.0086,0.11705910000000039,0.00695,0.0673840999999999,0.009000000000000001,0.10561250000000008,0.5,0.5,0.006500000000000001,ACC,1,0.0673840999999999,MAX,10,10,4,1,7,6,8,11,9,2,0,5,3,12
0.0204,0.0348462,0.016200000000000003,0.02750130000000007,0.044950000000000004,0.045016613333333254,0.04935,0.05205340000000004,0.0151,0.030823383333333378,0.0177,0.10659125000000017,0.0158,0.04917399999999994,0.01555,0.024770820000000023,0.01565,0.037951099999999995,0.020499999999999997,0.039713150000000016,0.01615,0.02986424999999989,0.01775,0.03300519999999991,0.5,0.5,0.0151,SMM,4,0.024770820000000023,SORD,7,7,1,10,4,11,0,8,9,2,6,3,5,12
0.03705,0.02198730000000005,0.0323,0.017127700000000034,0.057,0.04374059999999996,0.06155,0.04376939999999997,0.039599999999999996,0.015064200000000005,0.05525,0.026609499999999994,0.0483,0.01359780000000002,0.0378,0.014149600000000043,0.0371,0.014156880000000009,0.04375,0.03341749999999999,0.03685,0.015558500000000008,0.03685,0.018397400000000015,0.5,0.5,0.0323,ACC,1,0.01359780000000002,DyS,6,6,7,8,4,10,1,11,0,5,9,2,3,12
0.22735,0.4330614000000032,0.11215,0.4345381666666699,0.35105,0.3639016333333341,0.23295000000000002,0.3176117833333334,0.0902,0.13511153333333398,0.1659,0.14401178333333342,0.09480000000000001,0.17765060000000038,0.08995000000000002,0.1308388049999994,0.08745000000000001,0.42153938571428895,0.35229999999999995,0.4553722099999976,0.10975,0.17066595000000126,0.11065,0.17343268333333348,0.5,0.5,0.08745000000000001,MS,8,0.1308388049999994,SORD,7,7,4,5,10,11,6,3,2,8,0,1,9,12
0.05325,0.04656428666666672,0.0204,0.036573259999999996,0.0194,0.04158890000000002,0.055,0.06631147666666669,0.0171,0.027423418333333373,0.0416,0.07625725000000007,0.02245,0.03162308333333331,0.0177,0.027232895000000017,0.01725,0.034470525000000016,0.05535,0.05834159999999993,0.01705,0.028179969999999888,0.01705,0.030641199999999924,0.5,0.5,0.01705,MAX,10,0.027232895000000017,SORD,7,7,4,10,11,6,8,1,2,0,9,3,5,12
0.0786,0.08018617999999987,0.03105,0.08035586333333343,0.11855,0.08550015999999992,0.1235,0.12664566833333318,0.04545,0.05649643833333328,0.02895,0.05641609166666648,0.030900000000000004,0.055986076666666655,0.0378,0.06387190000000006,0.041550000000000004,0.05152619166666657,0.16765,0.1635505399999993,0.03105,0.060891033333333434,0.03105,0.06138892428571421,0.5,0.5,0.02895,HDy,5,0.05152619166666657,MS,8,8,6,5,4,10,11,7,0,1,2,3,9,12
0.02075,0.024122900000000013,0.0152,0.014094699999999913,0.0173,0.02142779999999993,0.02495,0.027237999999999957,0.0121,0.014150099999999931,0.01295,0.039480355000000036,0.011300000000000001,0.013107600000000013,0.012350000000000002,0.011901499999999959,0.0127,0.01197429999999999,0.025849999999999998,0.03404235999999985,0.01385,0.013732900000000057,0.01365,0.01599809999999997,0.5,0.5,0.011300000000000001,DyS,6,0.011901499999999959,SORD,7,7,8,6,10,1,4,11,2,0,3,9,5,12
0.1417,0.10617859047619009,0.0713,0.03875102333333333,0.06335,0.05201566666666663,0.15755,0.14435376666666638,0.063,0.03397648333333331,0.05465,0.07736365833333328,0.028399999999999998,0.03420878333333332,0.05745,0.033805633333333265,0.06415,0.04113434833333328,0.2353,0.13157100000000013,0.0313,0.03906642499999992,0.0313,0.03876909999999994,0.5,0.5,0.028399999999999998,DyS,6,0.033805633333333265,SORD,7,7,4,6,1,11,10,8,2,5,0,9,3,12
0.22195,0.21759568333333337,0.24530000000000002,0.20580473333333388,0.21205000000000002,0.20194649999999997,0.27995000000000003,0.26398200000000016,0.16185,0.2229091999999998,0.25129999999999997,0.26851989999999964,0.0481,0.21434575000000045,0.1406,0.26586700000000013,0.18875,0.18487902499999995,0.32104999999999995,0.2191728449999992,0.04135,0.20131927500000033,0.05085,0.1918245999999998,0.5,0.5,0.04135,MAX,10,0.18487902499999995,MS,8,8,11,10,2,1,6,0,9,4,3,7,5,12
0.028450000000000003,0.04800289999999998,0.014450000000000001,0.060172504999999994,0.02035,0.0320362,0.04445,0.05612688333333332,0.0141,0.030023387500000033,0.01315,0.07409330000000007,0.011850000000000001,0.06137919999999997,0.01325,0.03182919999999997,0.01355,0.050099833333333385,0.04665,0.07082108000000002,0.01255,0.04049475571428567,0.0181,0.05384899000000009,0.5,0.5,0.011850000000000001,DyS,6,0.030023387500000033,SMM,4,4,7,2,10,0,8,11,3,1,6,9,5,12
0.5,0.4402823000000006,0.5,0.3612001000000008,0.4634,0.31042269999999983,0.4634,0.3823080999999985,0.1286,0.22534210000000016,0.337,0.3172992999999996,0.337,0.30648760000000036,0.10845,0.28318310000000035,0.5,0.3438073000000002,0.5,0.3205022999999999,0.5,0.21085660000000017,0.5,0.22186085000000028,0.5,0.5,0.10845,SORD,7,0.21085660000000017,MAX,10,10,11,4,7,6,2,5,9,8,1,3,0,12
0.2161,0.23704262500000023,0.127,0.1467703999999999,0.18710000000000002,0.2696955999999996,0.23170000000000002,0.23707894999999965,0.10575,0.12459453333333328,0.0716,0.18995311333333317,0.05605,0.12992125000000007,0.11435000000000001,0.12420959166666656,0.1318,0.12245335238095251,0.34685000000000005,0.3320619833333326,0.09255000000000001,0.1504396499999997,0.212,0.16627786666666677,0.5,0.5,0.05605,DyS,6,0.12245335238095251,MS,8,8,7,4,6,1,10,11,5,0,3,2,9,12
0.18774999999999997,0.24171557500000032,0.09785,0.15461007500000018,0.24125,0.29613738333333317,0.22675,0.2294711333333336,0.08545,0.10441620333333347,0.07185000000000001,0.15278874999999964,0.0981,0.12028359999999985,0.07554999999999999,0.0882595000000001,0.11560000000000001,0.15933895000000006,0.314,0.31012208333333313,0.09135,0.13817380500000007,0.1613,0.160624091666667,0.5,0.5,0.07185000000000001,HDy,5,0.0882595000000001,SORD,7,7,4,6,10,5,1,8,11,3,0,2,9,12
0.5,0.4085086500000006,0.5,0.3766861000000006,0.28825,0.3623671999999983,0.28825,0.27072883333333325,0.44155,0.24532215000000046,0.5,0.26609415000000003,0.5,0.3267970000000008,0.0935,0.2884316000000004,0.5,0.3849254000000002,0.5,0.4325272000000002,0.5,0.3470011500000006,0.5,0.35259219999999986,0.5,0.5,0.0935,SORD,7,0.24532215000000046,SMM,4,4,5,3,7,6,10,11,2,1,8,0,9,12
0.025550000000000003,0.04567263333333332,0.014750000000000001,0.043648416666666655,0.0788,0.06977411333333325,0.09015000000000001,0.08049633333333318,0.056749999999999995,0.05710968999999992,0.014950000000000001,0.0619858374999998,0.014950000000000001,0.05708406999999989,0.023250000000000003,0.09648503714285711,0.1974,0.04237078333333337,0.042050000000000004,0.08631735000000004,0.014750000000000001,0.0930113875000001,0.014750000000000001,0.07701125000000007,0.5,0.5,0.014750000000000001,ACC,1,0.04237078333333337,MS,8,8,1,0,6,4,5,2,11,3,9,10,7,12
0.32205,0.31957230404761927,0.2506,0.17169777809523817,0.16824999999999998,0.23598567666666678,0.26905,0.26789733333333315,0.126,0.10572719333333326,0.2585,0.2750824999999996,0.1802,0.16281654166666673,0.13065,0.12277018333333328,0.20420000000000002,0.1591077999999998,0.25915,0.3850986166666667,0.1157,0.17161698333333342,0.07585,0.23055895833333384,0.5,0.5,0.07585,X,11,0.10572719333333326,SMM,4,4,7,8,6,10,1,11,2,3,5,0,9,12
0.0103,0.03507260000000003,0.00745,0.027792825000000024,0.015700000000000002,0.03923470000000002,0.019450000000000002,0.07254824999999998,0.006500000000000001,0.026791073333333304,0.015600000000000001,0.03704232499999999,0.0045000000000000005,0.03004310999999992,0.0049499999999999995,0.02850549999999999,0.0044,0.033545790000000054,0.0103,0.05645655,0.0095,0.02717399999999991,0.00885,0.02783617999999999,0.5,0.5,0.0044,MS,8,0.026791073333333304,SMM,4,4,10,1,11,7,6,8,0,5,2,9,3,12
0.0592,0.03991056666666669,0.024700000000000003,0.02878090833333331,0.021150000000000002,0.057816266666666685,0.06905,0.07255038333333329,0.019000000000000003,0.03162061166666667,0.0346,0.033582350000000025,0.01325,0.024182900000000018,0.01775,0.027549599999999973,0.01935,0.029664100000000027,0.0767,0.0695332999999999,0.01695,0.023950999999999927,0.01705,0.02447158999999996,0.5,0.5,0.01325,DyS,6,0.023950999999999927,MAX,10,10,6,11,7,1,8,4,5,0,2,9,3,12
0.0,0.018394200000000045,0.0,0.010493200000000005,0.02085,0.03775060000000003,0.02085,0.041080500000000006,0.022600000000000002,0.021175399999999994,0.02265,0.03171589999999997,0.0035000000000000005,0.014579499999999994,0.0021,0.009265700000000016,0.00395,0.014123499999999985,0.048150000000000005,0.010965999999999998,0.0,0.010684100000000028,0.0,0.01779920000000002,0.5,0.5,0.0,CC,0,0.009265700000000016,SORD,7,7,1,10,9,8,6,11,0,4,5,2,3,12
0.17300000000000001,0.21290290833333356,0.1377,0.09672446857142869,0.1822,0.2106441783333335,0.19820000000000002,0.2161093933333337,0.07675,0.06862047833333323,0.06935000000000001,0.11223907999999999,0.06795,0.06669460499999996,0.08290000000000002,0.06576831999999999,0.0736,0.07224169999999996,0.31420000000000003,0.3051456583333332,0.0915,0.09699286666666675,0.0906,0.08620121666666668,0.5,0.5,0.06795,DyS,6,0.06576831999999999,SORD,7,7,6,4,8,11,1,10,5,2,0,3,9,12
0.1582,0.1919484000000005,0.08035,0.11147064999999944,0.1255,0.17560752500000093,0.19115,0.20450808333333373,0.0546,0.07650983333333293,0.054450000000000005,0.08552220000000024,0.05225,0.07189529999999962,0.053849999999999995,0.07155019999999995,0.05355000000000001,0.0797480999999999,0.2786,0.2965518500000007,0.0713,0.09758885000000084,0.07205,0.09314949999999966,0.5,0.5,0.05225,DyS,6,0.07155019999999995,SORD,7,7,6,4,8,5,11,10,1,2,0,3,9,12
0.16365,0.1885584999999991,0.09195,0.10425545000000053,0.12990000000000002,0.1728707250000009,0.1948,0.20223778333333187,0.06375,0.07081853333333354,0.0613,0.0812615000000001,0.0631,0.06514660000000037,0.063,0.06585890000000025,0.06335,0.07365250000000045,0.27875,0.2964585499999998,0.07780000000000001,0.09354585000000051,0.07890000000000001,0.08888879999999968,0.5,0.5,0.0613,HDy,5,0.06514660000000037,DyS,6,6,7,4,8,5,11,10,1,2,0,3,9,12
0.21969999999999998,0.22208445,0.08015,0.11168434999999988,0.10625,0.11440443666666654,0.231,0.2887513666666668,0.06775,0.09474159999999997,0.30835,0.24058064999999995,0.16835,0.09562366666666643,0.0788,0.08811039999999998,0.10175000000000001,0.08807217916666667,0.21864999999999998,0.21815630499999958,0.1273,0.08031614499999995,0.14685,0.09901171666666655,0.5,0.5,0.06775,SMM,4,0.08031614499999995,MAX,10,10,8,7,4,6,11,1,2,9,0,5,3,12
0.36655,0.34899454666666707,0.38744999999999996,0.28252346666666717,0.48515,0.32944273333333296,0.25984999999999997,0.2660226669047615,0.1117,0.11626857500000021,0.1164,0.18538415000000014,0.09849999999999999,0.20132510000000023,0.0932,0.10889842499999992,0.2579,0.23750493333333333,0.3386,0.3956295699999999,0.09625,0.20949705000000027,0.09449999999999999,0.26820643333333344,0.5,0.5,0.0932,SORD,7,0.10889842499999992,SORD,7,7,4,5,6,10,8,3,11,1,2,0,9,12
0.011000000000000001,0.0969001999999999,0.03265,0.0523265166666667,0.0357,0.09040512666666675,0.06585,0.12386713333333317,0.02415,0.05154769999999991,0.0325,0.06505919999999989,0.0143,0.08022700000000009,0.021949999999999997,0.03886925000000001,0.0233,0.052946816666666625,0.05775,0.1528802442857141,0.03465,0.06727294999999993,0.02925,0.07817259999999995,0.5,0.5,0.011000000000000001,CC,0,0.03886925000000001,SORD,7,7,4,1,8,5,10,11,6,2,0,3,9,12
0.09179999999999999,0.1993942499999997,0.07025,0.12374858333333343,0.059000000000000004,0.2296758999999998,0.15814999999999999,0.1968642333333337,0.06275,0.11547801666666666,0.07145,0.20057665000000047,0.04885,0.11235695000000018,0.05475000000000001,0.11224719999999991,0.05305,0.12107397500000001,0.267,0.2701395499999994,0.0635,0.12579073333333313,0.0635,0.15421819999999994,0.5,0.5,0.04885,DyS,6,0.11224719999999991,SORD,7,7,6,4,8,1,10,11,3,0,5,2,9,12
0.38775,0.4169995750000003,0.2818,0.3413975000000009,0.5,0.3352103999999995,0.2829,0.2680005416666666,0.15695,0.1377278666666667,0.3371,0.23173495833333307,0.20004999999999998,0.21881315000000032,0.1534,0.12339164999999985,0.19955,0.31522540000000027,0.33615,0.38724801999999925,0.16405,0.2508969000000001,0.2796,0.27748339166666675,0.5,0.5,0.1534,SORD,7,0.12339164999999985,SORD,7,7,4,6,5,10,3,11,8,2,1,9,0,12
0.0483,0.05896433333333293,0.02215,0.04518963333333319,0.0907,0.08455519999999986,0.12135,0.11609230000000058,0.022099999999999998,0.032671999999999805,0.024249999999999997,0.036842203333333344,0.020100000000000003,0.0341997666666668,0.02135,0.031678999999999805,0.0217,0.05283373333333308,0.1206,0.13641759999999986,0.025,0.06531305666666667,0.02475,0.06250370000000013,0.5,0.5,0.020100000000000003,DyS,6,0.031678999999999805,SORD,7,7,4,6,5,1,8,0,11,10,2,3,9,12
0.33525,0.2567239523809526,0.31475000000000003,0.18305736666666667,0.2773,0.22187960000000032,0.30405,0.34785539999999926,0.1566,0.0937831500000001,0.34875,0.16427614999999995,0.22399999999999998,0.10072794999999994,0.16585,0.0842969,0.2398,0.1551225333333332,0.09484999999999999,0.2630182666666672,0.256,0.07164949999999987,0.256,0.11015810000000002,0.5,0.5,0.09484999999999999,MS2,9,0.07164949999999987,MAX,10,10,7,4,6,11,8,5,1,2,0,9,3,12
0.3703,0.3873734500000008,0.1512,0.2429330333333336,0.5,0.30346793333333305,0.27085000000000004,0.2735508583333325,0.09519999999999999,0.09759927499999989,0.1588,0.1357055049999998,0.09645,0.17203080833333312,0.09875,0.08809871904761894,0.11895,0.19833406666666684,0.34465,0.35373494999999944,0.12365,0.14817015000000006,0.12365,0.16314731666666646,0.5,0.5,0.09519999999999999,SMM,4,0.08809871904761894,SORD,7,7,4,5,10,11,6,8,1,3,2,9,0,12
0.0052,0.023963300000000003,0.0052,0.017320536666666646,0.0196,0.030644999999999978,0.0196,0.040542400000000034,0.00715,0.025388320000000006,0.01485,0.026060775000000057,0.0062,0.016067900000000017,0.00315,0.019788057142857148,0.0035499999999999998,0.019384950000000012,0.0103,0.053690749999999926,0.0027500000000000003,0.017665224999999986,0.0027500000000000003,0.018416799999999976,0.5,0.5,0.0027500000000000003,MAX,10,0.016067900000000017,DyS,6,6,1,10,11,8,7,0,4,5,2,3,9,12
0.021550000000000003,0.2115084933333332,0.02875,0.09636891999999987,0.24275,0.1865526250000002,0.1999,0.22218006666666665,0.05205,0.08564433333333343,0.1346,0.17675039999999972,0.050600000000000006,0.1488984,0.04125,0.09749234500000008,0.0393,0.1274672083333334,0.0774,0.15921405000000016,0.02875,0.09204187999999992,0.16015000000000001,0.09774377500000005,0.5,0.5,0.021550000000000003,CC,0,0.08564433333333343,SMM,4,4,10,1,7,11,8,6,9,5,2,0,3,12
0.5,0.25134670000000037,0.5,0.1336063200000002,0.32755,0.17917203333333337,0.32755,0.27891344999999984,0.5012,0.13751059999999996,0.48200000000000004,0.30258729999999934,0.48200000000000004,0.18016376666666667,0.5,0.1972808000000003,0.5,0.1591397999999999,0.5,0.2781175999999993,0.5,0.1355140999999998,0.5,0.1666043000000001,0.5,0.5,0.32755,PACC,2,0.1336063200000002,ACC,1,1,10,4,8,11,2,6,7,0,9,3,5,12
0.056150000000000005,0.12081023714285703,0.06975,0.07771118333333349,0.0857,0.11655074000000001,0.1107,0.1558444133333332,0.039900000000000005,0.08259069999999999,0.029750000000000002,0.10743202499999982,0.028149999999999998,0.07393262499999992,0.03615,0.06266646666666673,0.0358,0.08466855000000002,0.20845,0.1728312499999996,0.058100000000000006,0.07336281333333337,0.0647,0.09490635333333339,0.5,0.5,0.028149999999999998,DyS,6,0.06266646666666673,SORD,7,7,10,6,1,4,8,11,5,2,0,3,9,12
0.2656,0.39978603333333385,0.3069,0.4093148000000008,0.26115,0.34695299999999935,0.2771,0.29947119999999977,0.3464,0.3261668999999994,0.30774999999999997,0.32033169999999916,0.3072,0.3144461000000004,0.3025,0.38965510000000025,0.3069,0.38586600000000076,0.42200000000000004,0.44680399999999937,0.3069,0.34900459999999983,0.3069,0.3377448000000001,0.5,0.5,0.26115,PACC,2,0.29947119999999977,PCC,3,3,6,5,4,11,2,10,8,7,0,1,9,12
0.1422,0.08549194666666673,0.11615,0.07209006666666665,0.10505,0.11403485333333341,0.16515000000000002,0.12793485999999996,0.1349,0.06513148333333335,0.20725000000000002,0.08207082499999986,0.15380000000000002,0.05662711666666665,0.12275,0.07030324999999998,0.1259,0.07053063333333326,0.16605,0.17368570999999922,0.1051,0.0884003366666666,0.0885,0.0859148333333334,0.5,0.5,0.0885,X,11,0.05662711666666665,DyS,6,6,4,7,8,1,5,0,11,10,2,3,9,12
0.0291,0.03658533333333336,0.027600000000000003,0.024520716666666685,0.029300000000000003,0.030980000000000067,0.0508,0.06760663333333343,0.0331,0.020710808333333337,0.01885,0.02918014999999995,0.01935,0.02443443333333335,0.0291,0.022158077142857144,0.028999999999999998,0.02384080000000007,0.0435,0.09721904999999992,0.028149999999999998,0.02705432499999986,0.04100000000000001,0.027405700000000012,0.5,0.5,0.01885,HDy,5,0.020710808333333337,SMM,4,4,7,8,6,1,10,11,5,2,0,3,9,12
0.13394999999999999,0.03625129999999996,0.084,0.0272192583333333,0.0616,0.07579939333333328,0.13595000000000002,0.08735165333333318,0.05195,0.029567419999999994,0.09595000000000001,0.03772707499999999,0.0559,0.030316290000000037,0.053500000000000006,0.02528004000000001,0.0458,0.035562533333333354,0.17695,0.10247687500000002,0.0656,0.029934479999999868,0.0814,0.04257945000000003,0.5,0.5,0.0458,MS,8,0.02528004000000001,SORD,7,7,1,4,10,6,8,0,5,11,2,3,9,12
0.07680000000000001,0.14305440380952392,0.0344,0.07372803,0.15535,0.08320740999999988,0.12765,0.17543271166666632,0.033549999999999996,0.054523974999999995,0.0365,0.09039616666666674,0.027800000000000002,0.06148963666666661,0.0304,0.05572905,0.030950000000000002,0.05642691666666661,0.16355,0.22474217499999946,0.03085,0.0751865816666667,0.03975,0.0781564983333333,0.5,0.5,0.027800000000000002,DyS,6,0.054523974999999995,SMM,4,4,7,8,6,1,10,11,2,5,0,3,9,12
0.0,0.07942639999999994,0.0,0.04004560000000003,0.04825,0.13929940000000002,0.04825,0.06697703333333341,0.04095,0.05865790000000005,0.0,0.07326139999999988,0.0,0.06343519999999998,0.00015,0.04646121999999998,0.0,0.049259049999999964,0.0,0.07582180000000004,0.0,0.044306999999999874,0.0,0.08101810000000008,0.5,0.5,0.0,CC,0,0.04004560000000003,ACC,1,1,10,7,8,4,6,3,5,9,0,11,2,12
0.5,0.3153777166666672,0.5,0.27605743333333393,0.26285000000000003,0.3682738499999999,0.26285000000000003,0.2629402999999998,0.18460000000000001,0.1804498000000005,0.5,0.17071405333333325,0.5,0.19888956666666707,0.11645,0.11185334999999996,0.5,0.2553271000000001,0.5,0.39463493333333327,0.5,0.19535491666666716,0.5,0.25919199999999976,0.5,0.5,0.11645,SORD,7,0.11185334999999996,SORD,7,7,5,4,10,6,8,11,3,1,0,2,9,12
0.036750000000000005,0.24112565000000014,0.015150000000000002,0.17335500000000006,0.25695,0.1867026999999999,0.22940000000000002,0.24750859999999963,0.02725,0.105098,0.0643,0.18532549999999987,0.016200000000000003,0.25259530000000013,0.015300000000000001,0.20431302000000084,0.01595,0.22981629999999997,0.038200000000000005,0.21315815000000005,0.015150000000000002,0.19177295000000058,0.0446,0.18286210000000028,0.5,0.5,0.015150000000000002,ACC,1,0.105098,SMM,4,4,1,11,5,2,10,7,9,8,0,3,6,12
0.10295,0.17634923833333363,0.04875,0.08542746666666663,0.09154999999999999,0.19762383666666666,0.14785,0.20361946999999966,0.0404,0.07075044000000008,0.051100000000000007,0.09592658333333337,0.03915,0.07430573333333329,0.03955,0.07216085833333356,0.039900000000000005,0.07521983,0.24170000000000003,0.25199186999999945,0.04875,0.0941769083333334,0.0484,0.09075539333333325,0.5,0.5,0.03915,DyS,6,0.07075044000000008,SMM,4,4,7,6,8,1,11,10,5,0,2,3,9,12
0.0151,0.06051823333333346,0.0115,0.02962423833333328,0.020950000000000003,0.13092544000000006,0.02705,0.0505937857142857,0.01165,0.029215483333333448,0.01365,0.03424269999999995,0.0105,0.026200200000000035,0.01115,0.03030500000000002,0.011200000000000002,0.021220986666666716,0.0281,0.08322410000000002,0.01145,0.07825307499999991,0.01275,0.057506499999999995,0.5,0.5,0.0105,DyS,6,0.021220986666666716,MS,8,8,6,4,1,7,5,3,11,0,10,9,2,12
0.0098,0.0757989199999999,0.01075,0.037135474999999946,0.012450000000000001,0.09330083333333333,0.01665,0.0841333166666665,0.00735,0.03781287999999996,0.0062,0.0871803,0.005849999999999999,0.03690660000000001,0.0075,0.03825819999999997,0.00795,0.04651646666666662,0.01925,0.06307635000000009,0.00875,0.05062795000000002,0.00875,0.058453200000000066,0.5,0.5,0.005849999999999999,DyS,6,0.03690660000000001,DyS,6,6,1,4,7,8,10,11,9,0,3,5,2,12
0.0131,0.034639580000000135,0.01085,0.019421026666666653,0.0182,0.02625783999999998,0.02315,0.0419337457142857,0.00955,0.01866956666666665,0.010700000000000001,0.027919074999999998,0.0089,0.019396060000000055,0.009000000000000001,0.015620080000000007,0.00935,0.0201008916666667,0.030350000000000002,0.06657524999999997,0.01145,0.02283236499999987,0.011049999999999999,0.023567371428571442,0.5,0.5,0.0089,DyS,6,0.015620080000000007,SORD,7,7,4,6,1,8,10,11,2,5,0,3,9,12
0.09005,0.07855374666666651,0.022949999999999998,0.030797116666666725,0.0236,0.17256450000000026,0.09390000000000001,0.07312934999999991,0.0228,0.03748686666666663,0.0352,0.04119959999999995,0.01965,0.03595960000000004,0.023000000000000003,0.028030680000000037,0.02265,0.026951900000000015,0.09230000000000001,0.10507099999999991,0.01925,0.07619139999999981,0.0229,0.08318079999999983,0.5,0.5,0.01925,MAX,10,0.026951900000000015,MS,8,8,7,1,6,4,5,3,10,0,11,9,2,12
0.03975,0.3377501666666675,0.02025,0.2195972000000004,0.026949999999999998,0.3077376666666656,0.05195,0.30146326666666556,0.0175,0.22522840000000094,0.01845,0.19331826666666685,0.0152,0.2104173999999998,0.017750000000000002,0.1824574000000006,0.01785,0.2212554000000002,0.056900000000000006,0.35809104999999963,0.01965,0.19782010000000033,0.0191,0.19478339999999997,0.5,0.5,0.0152,DyS,6,0.1824574000000006,SORD,7,7,5,11,10,6,1,8,4,3,2,0,9,12
0.4985,0.26613138666666747,0.4985,0.18914019999999993,0.35479999999999995,0.3675645799999977,0.35479999999999995,0.24081257333333428,0.1362,0.10143271500000055,0.128,0.16821214999999914,0.1293,0.14011355000000025,0.1384,0.09971717500000075,0.4985,0.16248879999999988,0.4988,0.3608875233333357,0.14565,0.14109721666666625,0.145,0.1431446200000004,0.5,0.5,0.128,HDy,5,0.09971717500000075,SORD,7,7,4,6,10,11,8,5,1,3,0,9,2,12
0.22745,0.19883588000000021,0.09885,0.1507657666666668,0.34635,0.17765042499999995,0.23235,0.2090598250000001,0.0777,0.12634058166666645,0.17065000000000002,0.12753467333333354,0.092,0.1287144383333332,0.08040000000000001,0.15017749666666655,0.07780000000000001,0.1505549133333334,0.35600000000000004,0.3438014333333336,0.10619999999999999,0.19989380500000017,0.10335000000000001,0.17503759666666688,0.5,0.5,0.0777,SMM,4,0.12634058166666645,SMM,4,4,5,6,7,8,1,11,2,0,10,3,9,12
0.1285,0.2878515299999994,0.06985000000000001,0.20791940000000028,0.1103,0.3496446499999999,0.18015,0.23647150499999986,0.05465,0.12351635833333328,0.0664,0.13173717499999987,0.0539,0.13897893333333322,0.055150000000000005,0.11460416666666653,0.056799999999999996,0.18755600000000025,0.28195,0.3078939583333337,0.0696,0.13040011666666632,0.06755,0.1495614583333332,0.5,0.5,0.0539,DyS,6,0.11460416666666653,SORD,7,7,4,10,5,6,11,8,1,3,0,9,2,12
0.3728,0.30416525000000044,0.10875,0.1802591000000005,0.43905,0.2911930999999999,0.2901,0.25096123571428525,0.0809,0.13975223333333353,0.1361,0.15428176666666646,0.08074999999999999,0.14986336666666672,0.0802,0.10960449999999976,0.09925,0.15293049999999994,0.32535000000000003,0.35353974999999943,0.08165000000000001,0.17992830000000035,0.09805,0.17183329999999972,0.5,0.5,0.0802,SORD,7,0.10960449999999976,SORD,7,7,4,6,8,5,11,10,1,3,2,0,9,12
0.2963,0.08006509333333311,0.2412,0.05035401833333341,0.5,0.04122029999999995,0.25525,0.06128230000000004,0.15835000000000002,0.02278370833333335,0.14425000000000002,0.07199550000000009,0.1413,0.03039801142857143,0.163,0.024025233333333302,0.1722,0.039249883333333346,0.4861,0.0935508500000002,0.22215,0.0263344249999999,0.23315000000000002,0.02676879999999995,0.5,0.5,0.1413,DyS,6,0.02278370833333335,SMM,4,4,7,10,11,6,8,2,1,3,5,0,9,12
0.43134999999999996,0.3532475583333336,0.1733,0.17396526666666715,0.5,0.3396863833333333,0.315,0.25665306166666596,0.1118,0.11333582999999993,0.1496,0.14111205,0.09785,0.14023439999999987,0.1059,0.09950272999999987,0.1389,0.19322343333333303,0.36455,0.3504445999999999,0.11359999999999999,0.16930118333333316,0.11699999999999999,0.1374878666666664,0.5,0.5,0.09785,DyS,6,0.09950272999999987,SORD,7,7,4,11,6,5,10,1,8,3,2,9,0,12
0.5,0.40879881666666706,0.5,0.28076796666666715,0.3243,0.36712044999999904,0.3243,0.26551936666666653,0.1074,0.09371075166666652,0.09494999999999999,0.16399715000000023,0.49155,0.18684113999999966,0.09815,0.06844175000000007,0.5,0.2833417000000001,0.36695,0.3362610033333329,0.10975,0.21299989999999988,0.10975,0.19650758333333318,0.5,0.5,0.09494999999999999,HDy,5,0.06844175000000007,SORD,7,7,4,5,6,11,10,3,1,8,9,2,0,12
0.18350000000000002,0.20025318833333375,0.0599,0.08913479999999979,0.128,0.17444380785714259,0.1844,0.19197202333333308,0.05,0.06341400000000004,0.08355,0.08483634999999992,0.0518,0.06419602666666656,0.05035,0.06377779166666667,0.04905,0.07055520047619046,0.2752,0.2808940845238087,0.0591,0.08518574999999991,0.0591,0.0816978233333334,0.5,0.5,0.04905,MS,8,0.06341400000000004,SMM,4,4,7,6,8,11,5,10,1,2,3,0,9,12
0.09540000000000001,0.20686761500000037,0.04195,0.08582646166666659,0.1323,0.1835271149999999,0.17800000000000002,0.20542831666666636,0.042199999999999994,0.07357697499999988,0.04305,0.09045857499999986,0.0369,0.07123196833333331,0.04095,0.06472368000000013,0.04020000000000001,0.06752411666666672,0.22535,0.24378384357142902,0.0432,0.08818591666666659,0.043550000000000005,0.08915126999999995,0.5,0.5,0.0369,DyS,6,0.06472368000000013,SORD,7,7,8,6,4,1,10,11,5,2,3,0,9,12
0.0416,0.11141644666666647,0.02145,0.042138931666666636,0.0264,0.05772330000000002,0.05775,0.08877028333333319,0.0188,0.03583917952380953,0.02205,0.09061482857142841,0.016300000000000002,0.054655404999999914,0.01815,0.03398838,0.01895,0.05040726166666658,0.077,0.1296211,0.0197,0.04353133071428568,0.020100000000000003,0.048481271428571455,0.5,0.5,0.016300000000000002,DyS,6,0.03398838,SORD,7,7,4,1,10,11,8,6,2,3,5,0,9,12
0.0094,0.06106759333333353,0.0076,0.021394799999999978,0.027450000000000002,0.07033329999999996,0.0258,0.04632796666666671,0.0079,0.02878745000000008,0.01655,0.022031049999999962,0.0073,0.02039964000000007,0.0069500000000000004,0.0197637,0.0069500000000000004,0.01770419999999998,0.01195,0.06476564999999994,0.008,0.025612374999999903,0.00915,0.03135179999999999,0.5,0.5,0.0069500000000000004,SORD,7,0.01770419999999998,MS,8,8,7,6,1,5,10,4,11,3,0,9,2,12
0.24645,0.25159022499999895,0.1012,0.107692333333333,0.1285,0.15899286666666623,0.23115,0.22162475000000104,0.06305000000000001,0.06665444999999971,0.07605,0.07795408333333344,0.0554,0.059487950000000095,0.05835,0.06457629999999948,0.07655,0.07889525000000068,0.28395,0.2903716499999991,0.06355000000000001,0.07137678333333336,0.0673,0.07479102500000011,0.5,0.5,0.0554,DyS,6,0.059487950000000095,DyS,6,6,7,4,10,11,5,8,1,2,3,0,9,12
0.049100000000000005,0.06331053333333359,0.0246,0.04789559999999992,0.0879,0.08671369999999935,0.11904999999999999,0.11464659999999965,0.02305,0.03392759999999995,0.025,0.03887527999999999,0.0204,0.031965724999999764,0.02075,0.0282605,0.02085,0.050957199999999654,0.12045,0.13440650000000073,0.025150000000000002,0.058544759999999606,0.02505,0.06705510000000005,0.5,0.5,0.0204,DyS,6,0.0282605,SORD,7,7,6,4,5,1,8,10,0,11,2,3,9,12
0.004,0.04573953333333335,0.0051,0.015185999999999995,0.0074,0.028826700000000018,0.010549999999999999,0.04084220000000007,0.006,0.016003850000000024,0.00615,0.02617750000000001,0.0045000000000000005,0.01323790000000003,0.00505,0.013082800000000002,0.0051,0.012735399999999997,0.01355,0.05923242499999999,0.0054,0.013838700000000025,0.00555,0.014211499999999983,0.5,0.5,0.004,CC,0,0.012735399999999997,MS,8,8,7,6,10,11,1,4,5,2,3,0,9,12
