id,raw,class
0.28750000000000003,0.8876404494382023,0.0
0.2785,0.8876404494382023,0.0
0.6290000000000001,0.9325842696629215,0.0
0.9420000000000001,0.9101123595505619,0.0
0.7100000000000001,0.9101123595505619,0.0
0.9345000000000001,0.9325842696629215,0.0
0.6140000000000001,0.8988764044943821,0.0
0.14300000000000002,0.8202247191011237,0.0
0.8025000000000001,0.9325842696629215,0.0
0.529,0.9101123595505619,0.0
0.299,0.7640449438202247,1.0
0.6345000000000001,0.9325842696629215,0.0
0.9165000000000001,0.8426966292134833,1.0
0.9960000000000001,0.9325842696629215,0.0
0.794,0.9550561797752809,0.0
0.5205000000000001,0.0,1.0
0.6155,0.9438202247191011,0.0
0.4035,0.9213483146067417,0.0
0.4525,0.8988764044943821,0.0
0.8400000000000001,0.9438202247191011,0.0
0.646,0.9325842696629215,0.0
0.3835,0.9101123595505619,0.0
0.3045,0.8988764044943821,0.0
0.8065000000000001,0.9438202247191011,0.0
0.4815,0.9101123595505619,0.0
0.7115,0.9438202247191011,0.0
0.7210000000000001,0.9438202247191011,0.0
0.2465,0.7640449438202247,1.0
0.8380000000000001,0.9438202247191011,0.0
0.1385,0.6741573033707865,1.0
0.9235000000000001,0.7865168539325843,1.0
0.179,0.7977528089887641,0.0
0.5555000000000001,0.9213483146067417,0.0
0.11800000000000001,0.7977528089887641,0.0
0.2755,0.8539325842696631,0.0
0.934,0.9325842696629215,0.0
0.7160000000000001,0.9213483146067417,0.0
0.104,0.7977528089887641,0.0
0.6935000000000001,0.8314606741573035,1.0
0.7805000000000001,0.9325842696629215,0.0
0.029,0.6853932584269663,1.0
0.3155,0.8651685393258429,0.0
0.9575000000000001,0.9438202247191011,0.0
0.93,0.8764044943820225,1.0
0.789,0.9325842696629215,0.0
0.1815,0.7977528089887641,0.0
0.2525,0.8426966292134833,0.0
0.6275000000000001,0.8988764044943821,0.0
0.5980000000000001,0.9213483146067417,0.0
0.802,0.9325842696629215,0.0
0.652,0.8202247191011237,1.0
0.8685,0.9438202247191011,0.0
0.492,0.8876404494382023,0.0
0.47150000000000003,0.8876404494382023,0.0
0.059000000000000004,0.7865168539325843,0.0
0.8880000000000001,0.8202247191011237,1.0
0.8270000000000001,0.9438202247191011,0.0
0.261,0.8876404494382023,0.0
0.2565,0.8426966292134833,0.0
0.0405,0.7528089887640449,0.0
0.458,0.8988764044943821,0.0
0.8705,0.9101123595505619,0.0
0.19,0.8089887640449439,0.0
0.937,0.9550561797752809,0.0
0.8445,0.9438202247191011,0.0
0.042,0.7640449438202247,0.0
0.9005000000000001,0.8876404494382023,1.0
0.1645,0.8089887640449439,0.0
0.003,0.6179775280898877,1.0
0.3725,0.8876404494382023,0.0
0.9560000000000001,0.9438202247191011,0.0
0.4575,0.8988764044943821,0.0
0.437,0.8876404494382023,0.0
0.2255,0.8314606741573035,0.0
0.245,0.8089887640449439,1.0
0.7405,0.9325842696629215,0.0
0.14350000000000002,0.8202247191011237,0.0
0.8600000000000001,0.9438202247191011,0.0
0.9930000000000001,0.9438202247191011,0.0
0.9610000000000001,0.9438202247191011,0.0
0.8800000000000001,0.9213483146067417,0.0
0.3525,0.8876404494382023,0.0
0.7135,0.8651685393258429,1.0
0.8510000000000001,0.9325842696629215,0.0
0.8145000000000001,0.9438202247191011,0.0
0.4395,0.8988764044943821,0.0
0.4605,0.8651685393258429,0.0
0.5445000000000001,0.8988764044943821,0.0
0.8255000000000001,0.9438202247191011,0.0
0.1635,0.8089887640449439,0.0
0.221,0.8539325842696631,0.0
0.387,0.8651685393258429,0.0
0.54,0.8426966292134833,1.0
0.4625,0.9101123595505619,0.0
0.8,0.9325842696629215,0.0
0.0885,0.7640449438202247,0.0
0.5730000000000001,0.9662921348314607,0.0
0.352,0.8876404494382023,0.0
0.043000000000000003,0.7977528089887641,0.0
0.7745000000000001,0.7415730337078651,1.0
0.9500000000000001,0.6853932584269663,1.0
0.2285,0.8089887640449439,0.0
0.9145000000000001,0.7752808988764045,1.0
0.027,0.7640449438202247,0.0
0.7510000000000001,0.8988764044943821,1.0
0.3215,0.8314606741573035,1.0
0.3385,0.8988764044943821,0.0
0.1105,0.7977528089887641,0.0
0.0565,0.7865168539325843,0.0
0.5625000000000001,0.8426966292134833,1.0
0.6145,0.9101123595505619,0.0
0.5000000000000001,0.9438202247191011,0.0
0.08700000000000001,0.8202247191011237,0.0
0.3905,0.8651685393258429,0.0
0.2945,0.8089887640449439,1.0
0.78,0.9213483146067417,0.0
0.009,0.6629213483146068,1.0
0.2115,0.8426966292134833,0.0
0.672,0.8988764044943821,0.0
0.14250000000000002,0.8089887640449439,0.0
0.9810000000000001,0.9101123595505619,0.0
0.214,0.8651685393258429,0.0
0.7550000000000001,0.1123595505617978,1.0
0.6595000000000001,0.9101123595505619,0.0
0.3345,0.8426966292134833,0.0
0.0155,0.7640449438202247,0.0
0.47050000000000003,0.8876404494382023,0.0
0.361,0.7528089887640449,1.0
0.9490000000000001,0.9325842696629215,0.0
0.107,0.7977528089887641,0.0
0.6295000000000001,0.9101123595505619,0.0
0.163,0.7977528089887641,0.0
0.28,0.8876404494382023,0.0
0.5565000000000001,0.7977528089887641,1.0
0.35000000000000003,0.8539325842696631,0.0
0.5305000000000001,0.8876404494382023,0.0
0.5950000000000001,0.9101123595505619,0.0
0.1705,0.6966292134831461,1.0
0.3145,0.8876404494382023,0.0
0.0735,0.7865168539325843,0.0
0.5990000000000001,0.9213483146067417,0.0
0.18,0.8089887640449439,0.0
0.0415,0.7752808988764045,0.0
0.024,0.7528089887640449,0.0
0.234,0.8314606741573035,0.0
0.0775,0.7977528089887641,0.0
0.386,0.8876404494382023,0.0
0.6585000000000001,0.8988764044943821,0.0
0.6175,0.8988764044943821,0.0
0.7015000000000001,0.9101123595505619,0.0
0.8635,0.9325842696629215,0.0
0.8765000000000001,0.9101123595505619,0.0
0.25,0.7640449438202247,1.0
0.8825000000000001,0.8764044943820225,1.0
0.0895,0.8089887640449439,0.0
0.6695000000000001,0.8089887640449439,1.0
0.8780000000000001,0.9101123595505619,0.0
0.8690000000000001,0.9438202247191011,0.0
0.8700000000000001,0.9101123595505619,0.0
0.81,0.9438202247191011,0.0
0.264,0.8426966292134833,0.0
0.17300000000000001,0.8202247191011237,0.0
0.8045000000000001,0.9438202247191011,0.0
0.9805,0.9101123595505619,0.0
0.406,0.8651685393258429,0.0
0.9865,0.9438202247191011,0.0
0.7360000000000001,0.9438202247191011,0.0
0.3005,0.7303370786516853,1.0
0.525,0.9101123595505619,0.0
0.1215,0.7528089887640449,1.0
0.908,0.7752808988764045,1.0
0.534,0.8876404494382023,0.0
0.7380000000000001,0.8089887640449439,1.0
0.156,0.8089887640449439,0.0
0.2175,0.8651685393258429,0.0
0.9740000000000001,0.9325842696629215,0.0
0.7440000000000001,0.9213483146067417,0.0
0.154,0.8202247191011237,0.0
0.215,0.8764044943820225,0.0
0.33,0.8314606741573035,1.0
0.185,0.7528089887640449,1.0
0.28300000000000003,0.8876404494382023,0.0
0.783,0.9325842696629215,0.0
0.0905,0.8202247191011237,0.0
0.6415000000000001,0.8988764044943821,0.0
0.3105,0.8764044943820225,0.0
0.40950000000000003,0.8988764044943821,0.0
0.5965,0.9213483146067417,0.0
0.6575000000000001,0.8988764044943821,0.0
0.7110000000000001,0.9325842696629215,0.0
0.9205000000000001,0.8202247191011237,1.0
0.4615,0.8876404494382023,0.0
0.5525000000000001,0.8988764044943821,0.0
0.148,0.8202247191011237,0.0
0.8450000000000001,0.9438202247191011,0.0
0.2305,0.8202247191011237,0.0
0.6515000000000001,0.8314606741573035,1.0
0.5885,0.9550561797752809,0.0
0.1885,0.8314606741573035,0.0
0.399,0.8876404494382023,0.0
0.5515000000000001,0.8988764044943821,0.0
0.0525,0.7752808988764045,0.0
0.063,0.7415730337078651,1.0
0.9775,0.9101123595505619,0.0
0.5655000000000001,0.8988764044943821,0.0
0.6225,0.9101123595505619,0.0
0.1775,0.8202247191011237,0.0
0.8085000000000001,0.9438202247191011,0.0
0.341,0.8876404494382023,0.0
0.40650000000000003,0.8876404494382023,0.0
0.461,0.8539325842696631,1.0
0.1045,0.8202247191011237,0.0
0.46900000000000003,0.9101123595505619,0.0
0.07,0.7977528089887641,0.0
0.8385,0.9438202247191011,0.0
0.67,0.8426966292134833,1.0
0.8915000000000001,0.7752808988764045,1.0
0.7875000000000001,0.8876404494382023,1.0
0.548,0.7640449438202247,1.0
0.4245,0.8426966292134833,1.0
0.446,0.6404494382022472,1.0
0.3555,0.8426966292134833,0.0
0.9730000000000001,0.9438202247191011,0.0
0.4325,0.9101123595505619,0.0
0.7280000000000001,0.9438202247191011,0.0
0.004999999999999999,0.7078651685393259,0.0
0.8605,0.9438202247191011,0.0
0.562,0.651685393258427,1.0
0.14100000000000001,0.8089887640449439,0.0
0.405,0.8876404494382023,0.0
0.6805000000000001,0.9101123595505619,0.0
0.1455,0.8202247191011237,0.0
0.377,0.7528089887640449,1.0
0.313,0.7640449438202247,1.0
0.47200000000000003,0.8876404494382023,0.0
0.431,0.8876404494382023,0.0
0.0645,0.7977528089887641,0.0
0.5880000000000001,0.9101123595505619,0.0
0.1615,0.8202247191011237,0.0
0.5455000000000001,0.9101123595505619,0.0
0.6245,0.9550561797752809,0.0
0.482,0.9101123595505619,0.0
0.9325000000000001,0.9213483146067417,0.0
0.8910000000000001,0.7752808988764045,1.0
0.4365,0.8651685393258429,0.0
0.34750000000000003,0.7528089887640449,1.0
0.1075,0.7977528089887641,0.0
0.5215000000000001,0.8988764044943821,0.0
0.6310000000000001,0.8089887640449439,1.0
0.079,0.7977528089887641,0.0
0.899,0.8876404494382023,1.0
0.8115000000000001,0.9438202247191011,0.0
0.4205,0.8988764044943821,0.0
0.317,0.8764044943820225,0.0
0.258,0.8539325842696631,0.0
0.7145,0.8539325842696631,1.0
0.7605000000000001,0.9775280898876405,0.0
0.2985,0.7640449438202247,1.0
0.0975,0.7977528089887641,0.0
0.8220000000000001,0.9101123595505619,0.0
0.911,0.7415730337078651,1.0
0.20500000000000002,0.8651685393258429,0.0
0.048,0.7640449438202247,0.0
0.5005000000000001,0.9438202247191011,0.0
0.669,0.9325842696629215,0.0
0.078,0.7865168539325843,0.0
0.2095,0.6853932584269663,1.0
0.9015000000000001,0.8426966292134833,1.0
0.23850000000000002,0.8426966292134833,0.0
0.928,0.7977528089887641,1.0
0.334,0.7078651685393259,1.0
0.52,0.9101123595505619,0.0
0.936,0.9438202247191011,0.0
0.6900000000000001,0.8876404494382023,1.0
0.2235,0.7640449438202247,1.0
0.2765,0.8988764044943821,0.0
0.089,0.6966292134831461,1.0
0.195,0.8426966292134833,0.0
0.289,0.8539325842696631,0.0
0.5045000000000001,0.9101123595505619,0.0
0.8615,0.9438202247191011,0.0
0.644,0.9213483146067417,0.0
0.8225000000000001,0.8988764044943821,1.0
0.556,0.8988764044943821,0.0
0.41000000000000003,0.8539325842696631,1.0
0.9125000000000001,0.7078651685393259,1.0
0.4925,0.8876404494382023,0.0
0.9800000000000001,0.9101123595505619,0.0
0.332,0.8651685393258429,0.0
0.07100000000000001,0.7977528089887641,0.0
0.7585000000000001,0.9662921348314607,0.0
0.902,0.8202247191011237,1.0
0.432,0.7752808988764045,1.0
0.2105,0.8202247191011237,0.0
0.318,0.8202247191011237,1.0
0.7035,0.8426966292134833,1.0
0.3995,0.8539325842696631,1.0
0.5335000000000001,0.8988764044943821,0.0
0.3075,0.8539325842696631,0.0
0.147,0.7303370786516853,1.0
0.6105,0.9101123595505619,0.0
0.465,0.7640449438202247,1.0
0.9515000000000001,0.9438202247191011,0.0
0.044,0.7865168539325843,0.0
0.0205,0.7191011235955057,0.0
0.901,0.8651685393258429,1.0
0.9670000000000001,0.9325842696629215,0.0
0.0655,0.7640449438202247,0.0
0.7530000000000001,0.8988764044943821,1.0
0.495,0.9101123595505619,0.0
0.7230000000000001,0.9101123595505619,0.0
0.9275000000000001,0.8089887640449439,1.0
0.6725000000000001,0.9438202247191011,0.0
0.9785,0.9101123595505619,0.0
0.082,0.7977528089887641,0.0
0.362,0.8426966292134833,0.0
0.145,0.7977528089887641,0.0
0.8250000000000001,0.9438202247191011,0.0
0.768,0.7752808988764045,1.0
0.9485000000000001,0.9325842696629215,0.0
0.6895000000000001,0.8988764044943821,1.0
0.681,0.9325842696629215,0.0
0.389,0.7977528089887641,1.0
0.4195,0.9213483146067417,0.0
0.17400000000000002,0.5617977528089888,1.0
0.9725,0.9438202247191011,0.0
0.28550000000000003,0.8539325842696631,0.0
0.4585,0.8988764044943821,0.0
0.8890000000000001,0.7977528089887641,1.0
0.9435000000000001,0.9438202247191011,0.0
0.7345,0.9775280898876405,0.0
0.796,0.9438202247191011,0.0
0.659,0.8988764044943821,0.0
0.9530000000000001,0.9438202247191011,0.0
0.068,0.7865168539325843,0.0
0.229,0.7528089887640449,1.0
0.1875,0.8314606741573035,0.0
0.6715000000000001,0.9775280898876405,0.0
0.1665,0.8202247191011237,0.0
0.5800000000000001,0.8314606741573035,1.0
0.8805000000000001,0.9213483146067417,0.0
0.7290000000000001,0.9213483146067417,0.0
0.40800000000000003,0.8426966292134833,1.0
0.7615000000000001,0.9550561797752809,0.0
0.5030000000000001,0.8988764044943821,0.0
0.9285000000000001,0.8202247191011237,1.0
0.488,0.8988764044943821,0.0
0.5090000000000001,0.6067415730337079,1.0
0.455,0.7865168539325843,1.0
0.9650000000000001,0.9325842696629215,0.0
0.7490000000000001,0.9438202247191011,0.0
0.164,0.8202247191011237,0.0
0.518,0.9101123595505619,0.0
0.159,0.7640449438202247,1.0
0.7650000000000001,0.9438202247191011,0.0
0.6795000000000001,0.9325842696629215,0.0
0.8665,0.9325842696629215,0.0
0.0835,0.7977528089887641,0.0
0.006,0.7191011235955057,0.0
0.9635,0.9438202247191011,0.0
0.0855,0.5393258426966293,1.0
0.3245,0.8539325842696631,0.0
0.6665000000000001,0.8876404494382023,1.0
0.13,0.8089887640449439,0.0
0.6360000000000001,0.9325842696629215,0.0
0.8710000000000001,0.9101123595505619,0.0
0.4505,0.7191011235955057,1.0
0.336,0.8876404494382023,0.0
0.129,0.8089887640449439,0.0
0.422,0.8539325842696631,1.0
0.4335,0.8876404494382023,0.0
0.7935000000000001,0.9550561797752809,0.0
0.069,0.7752808988764045,0.0
0.4465,0.8876404494382023,0.0
0.919,0.8539325842696631,1.0
0.2745,0.8651685393258429,0.0
0.1595,0.7977528089887641,0.0
0.8125000000000001,0.9438202247191011,0.0
0.6185,0.9101123595505619,0.0
0.5890000000000001,0.9325842696629215,0.0
0.279,0.8876404494382023,0.0
0.0695,0.7865168539325843,0.0
0.8675,0.9438202247191011,0.0
0.2655,0.7752808988764045,1.0
0.112,0.7977528089887641,0.0
0.3615,0.8876404494382023,0.0
0.393,0.8876404494382023,0.0
0.8590000000000001,0.5505617977528091,1.0
0.685,0.9438202247191011,0.0
0.20450000000000002,0.8202247191011237,0.0
0.1625,0.7977528089887641,0.0
0.7270000000000001,0.9325842696629215,0.0
0.1495,0.8202247191011237,0.0
0.6315000000000001,0.9325842696629215,0.0
0.7330000000000001,0.9325842696629215,0.0
0.0125,0.7415730337078651,0.0
0.9295000000000001,0.8651685393258429,1.0
0.357,0.8876404494382023,0.0
0.5050000000000001,0.8988764044943821,0.0
0.0965,0.7977528089887641,0.0
0.22,0.8314606741573035,0.0
0.28650000000000003,0.8539325842696631,0.0
0.47300000000000003,0.8876404494382023,0.0
0.4985,0.8876404494382023,0.0
0.2515,0.8539325842696631,0.0
0.3025,0.8539325842696631,0.0
0.5865,0.7528089887640449,1.0
0.5820000000000001,0.9550561797752809,0.0
0.8935000000000001,0.7528089887640449,1.0
0.423,0.7752808988764045,1.0
0.0015,0.6629213483146068,0.0
0.7370000000000001,0.8988764044943821,1.0
0.6115,0.8651685393258429,1.0
0.2335,0.8651685393258429,0.0
0.1605,0.8314606741573035,0.0
0.0025,0.6404494382022472,0.0
0.111,0.7977528089887641,0.0
0.6875000000000001,0.9325842696629215,0.0
0.2735,0.8426966292134833,0.0
0.114,0.8089887640449439,0.0
0.0195,0.6629213483146068,1.0
0.271,0.8202247191011237,0.0
0.121,0.7528089887640449,1.0
0.449,0.8988764044943821,0.0
0.5670000000000001,0.9101123595505619,0.0
0.5960000000000001,0.9213483146067417,0.0
0.5435000000000001,0.8876404494382023,0.0
0.421,0.8876404494382023,0.0
0.7095,0.9438202247191011,0.0
0.9680000000000001,0.9325842696629215,0.0
0.9850000000000001,0.9438202247191011,0.0
0.3305,0.8426966292134833,0.0
0.6055,0.8876404494382023,0.0
0.157,0.6629213483146068,1.0
0.34550000000000003,0.8651685393258429,0.0
0.9065000000000001,0.7528089887640449,1.0
0.212,0.8426966292134833,0.0
0.297,0.8539325842696631,0.0
0.9820000000000001,0.9213483146067417,0.0
0.311,0.8651685393258429,0.0
0.8440000000000001,0.9438202247191011,0.0
0.9965,0.9325842696629215,0.0
0.1135,0.7977528089887641,0.0
0.559,0.8988764044943821,0.0
0.9895,0.9325842696629215,0.0
0.6915000000000001,0.8651685393258429,1.0
0.033,0.7752808988764045,0.0
0.012,0.7640449438202247,0.0
0.072,0.7977528089887641,0.0
0.268,0.8539325842696631,0.0
0.4055,0.8764044943820225,0.0
0.56,0.9325842696629215,0.0
0.0425,0.7752808988764045,0.0
0.782,0.9438202247191011,0.0
0.9215000000000001,0.7977528089887641,1.0
0.9025000000000001,0.7977528089887641,1.0
0.909,0.7977528089887641,1.0
0.7460000000000001,0.9438202247191011,0.0
0.6195,0.9325842696629215,0.0
0.181,0.7977528089887641,0.0
0.806,0.9438202247191011,0.0
0.9440000000000001,0.9438202247191011,0.0
0.513,0.8988764044943821,0.0
0.515,0.8988764044943821,0.0
0.811,0.9438202247191011,0.0
0.678,0.9438202247191011,0.0
0.5365000000000001,0.8988764044943821,0.0
0.3325,0.8089887640449439,1.0
0.182,0.8202247191011237,0.0
0.0385,0.6853932584269663,1.0
0.0135,0.7528089887640449,0.0
0.9875,0.9438202247191011,0.0
0.2625,0.8426966292134833,0.0
0.9175000000000001,0.8539325842696631,1.0
0.0275,0.7528089887640449,0.0
0.319,0.8764044943820225,0.0
0.151,0.8202247191011237,0.0
0.359,0.8764044943820225,0.0
0.312,0.8426966292134833,0.0
0.0035,0.6179775280898877,1.0
0.4015,0.8426966292134833,1.0
0.5245000000000001,0.8988764044943821,0.0
0.168,0.8426966292134833,0.0
0.0235,0.7640449438202247,0.0
0.7400000000000001,0.9438202247191011,0.0
0.053,0.7752808988764045,0.0
0.17450000000000002,0.8426966292134833,0.0
0.5395000000000001,0.8988764044943821,0.0
0.11900000000000001,0.8089887640449439,0.0
0.1065,0.7977528089887641,0.0
0.777,0.8539325842696631,1.0
0.7845000000000001,0.8539325842696631,1.0
0.3965,0.8988764044943821,0.0
0.7140000000000001,0.8539325842696631,1.0
0.7915000000000001,0.9550561797752809,0.0
0.8360000000000001,0.9438202247191011,0.0
0.2615,0.8764044943820225,0.0
0.116,0.449438202247191,1.0
0.322,0.8764044943820225,0.0
0.9710000000000001,0.9325842696629215,0.0
0.2665,0.7865168539325843,1.0
0.7545000000000001,0.9325842696629215,0.0
0.3015,0.8202247191011237,1.0
0.6050000000000001,0.8876404494382023,0.0
0.537,0.9101123595505619,0.0
0.6525000000000001,0.8651685393258429,1.0
0.03,0.6741573033707865,1.0
0.905,0.7528089887640449,1.0
0.046,0.7752808988764045,0.0
0.333,0.7528089887640449,1.0
0.14,0.7977528089887641,0.0
0.557,0.8426966292134833,1.0
0.1795,0.7977528089887641,0.0
0.5665000000000001,0.9213483146067417,0.0
0.5850000000000001,0.9101123595505619,0.0
0.4235,0.6629213483146068,1.0
0.6890000000000001,0.9101123595505619,0.0
0.055,0.7752808988764045,0.0
0.021,0.7640449438202247,0.0
0.0625,0.7191011235955057,1.0
0.10200000000000001,0.7977528089887641,0.0
0.026,0.7752808988764045,0.0
0.2725,0.5842696629213484,1.0
0.034,0.7752808988764045,0.0
0.5685000000000001,1.0,0.0
0.774,0.7303370786516853,1.0
0.0915,0.8202247191011237,0.0
0.0685,0.7752808988764045,0.0
0.4495,0.8876404494382023,0.0
0.398,0.8988764044943821,0.0
0.066,0.7528089887640449,0.0
0.04,0.7303370786516853,1.0
0.7415,0.9101123595505619,0.0
0.7705000000000001,0.7415730337078651,1.0
0.2705,0.8202247191011237,0.0
0.798,0.9775280898876405,0.0
0.4915,0.8876404494382023,0.0
0.0825,0.7640449438202247,0.0
0.124,0.8089887640449439,0.0
0.223,0.7640449438202247,1.0
0.6435000000000001,0.9662921348314607,0.0
0.429,0.8764044943820225,0.0
0.7300000000000001,0.8089887640449439,1.0
0.0485,0.7640449438202247,0.0
0.9870000000000001,0.9438202247191011,0.0
0.3685,0.8764044943820225,0.0
0.6755000000000001,0.7865168539325843,1.0
0.051000000000000004,0.7752808988764045,0.0
0.217,0.8651685393258429,0.0
0.037,0.7303370786516853,1.0
0.914,0.7528089887640449,1.0
0.6010000000000001,0.9101123595505619,0.0
0.459,0.7303370786516853,1.0
0.8560000000000001,0.9325842696629215,0.0
0.8355,0.9550561797752809,0.0
0.8105000000000001,0.9438202247191011,0.0
0.381,0.8876404494382023,0.0
0.4945,0.9101123595505619,0.0
0.194,0.8314606741573035,0.0
0.11750000000000001,0.7865168539325843,0.0
0.7535000000000001,0.9438202247191011,0.0
0.1335,0.8314606741573035,0.0
0.651,0.7640449438202247,1.0
0.0585,0.8089887640449439,0.0
0.8035000000000001,0.9438202247191011,0.0
0.3365,0.8764044943820225,0.0
0.1245,0.8089887640449439,0.0
0.7265,0.101123595505618,1.0
0.9975,0.9325842696629215,0.0
0.047,0.7752808988764045,0.0
0.0165,0.7752808988764045,0.0
0.7320000000000001,0.9438202247191011,0.0
0.8340000000000001,0.9438202247191011,0.0
0.224,0.8426966292134833,0.0
0.358,0.8876404494382023,0.0
0.6325000000000001,0.9213483146067417,0.0
0.7590000000000001,0.9775280898876405,0.0
0.0,0.6629213483146068,0.0
0.6880000000000001,0.9213483146067417,0.0
0.5505000000000001,0.9101123595505619,0.0
0.554,0.9101123595505619,0.0
0.7200000000000001,0.7752808988764045,1.0
0.041,0.7752808988764045,0.0
0.6445000000000001,0.9213483146067417,0.0
0.338,0.8988764044943821,0.0
0.7260000000000001,0.9438202247191011,0.0
0.523,0.8988764044943821,0.0
0.385,0.8876404494382023,0.0
0.6080000000000001,0.8988764044943821,0.0
0.6405000000000001,0.8651685393258429,1.0
0.7905000000000001,0.9438202247191011,0.0
0.7445,0.9325842696629215,0.0
0.202,0.8202247191011237,0.0
0.8640000000000001,0.9438202247191011,0.0
0.6495000000000001,0.9213483146067417,0.0
0.6705000000000001,0.9325842696629215,0.0
0.052,0.7752808988764045,0.0
0.34400000000000003,0.8539325842696631,0.0
0.803,0.9325842696629215,0.0
0.41300000000000003,0.8876404494382023,0.0
0.031,0.7528089887640449,0.0
0.426,0.8539325842696631,1.0
0.8905000000000001,0.7752808988764045,1.0
0.1115,0.7865168539325843,0.0
0.0725,0.7977528089887641,0.0
0.544,0.8876404494382023,0.0
0.1865,0.8314606741573035,0.0
0.7105,0.9101123595505619,0.0
0.5710000000000001,0.9101123595505619,0.0
0.9135000000000001,0.7303370786516853,1.0
0.8760000000000001,0.9213483146067417,0.0
0.801,0.9438202247191011,0.0
0.6355000000000001,0.8651685393258429,1.0
0.0045000000000000005,0.7078651685393259,0.0
0.2245,0.8426966292134833,0.0
0.354,0.5056179775280899,1.0
0.1275,0.7865168539325843,0.0
0.441,0.8988764044943821,0.0
0.1945,0.8202247191011237,0.0
0.454,0.8651685393258429,0.0
0.462,0.9101123595505619,0.0
0.8520000000000001,0.9325842696629215,0.0
0.6165,0.9325842696629215,0.0
0.23,0.8426966292134833,0.0
0.6350000000000001,0.6853932584269663,1.0
0.8505,0.9325842696629215,0.0
0.5840000000000001,0.9325842696629215,0.0
0.47900000000000004,0.8988764044943821,0.0
0.2505,0.7977528089887641,1.0
0.3695,0.8876404494382023,0.0
0.925,0.8426966292134833,1.0
0.434,0.8876404494382023,0.0
0.3655,0.7977528089887641,1.0
0.2695,0.8539325842696631,0.0
0.6005,0.9213483146067417,0.0
0.34850000000000003,0.8876404494382023,0.0
0.6965000000000001,0.9550561797752809,0.0
0.9305000000000001,0.8764044943820225,1.0
0.5725000000000001,0.9550561797752809,0.0
0.5155000000000001,0.8539325842696631,1.0
0.186,0.8202247191011237,0.0
0.3335,0.7528089887640449,1.0
0.7630000000000001,0.9438202247191011,0.0
0.1785,0.7977528089887641,0.0
0.4835,0.8988764044943821,0.0
0.3915,0.5280898876404495,1.0
0.3675,0.8876404494382023,0.0
0.5175000000000001,0.9101123595505619,0.0
0.485,0.8876404494382023,0.0
0.7625000000000001,0.9325842696629215,0.0
0.7435,0.9101123595505619,0.0
0.7620000000000001,0.9438202247191011,0.0
0.7455,0.9438202247191011,0.0
0.8920000000000001,0.7752808988764045,1.0
0.6260000000000001,0.8426966292134833,1.0
0.8470000000000001,0.9325842696629215,0.0
0.8580000000000001,0.9438202247191011,0.0
0.6180000000000001,0.8988764044943821,0.0
0.4425,0.8988764044943821,0.0
0.0395,0.6179775280898877,1.0
0.5860000000000001,0.7977528089887641,1.0
0.40700000000000003,0.8876404494382023,0.0
0.643,0.9213483146067417,0.0
0.3355,0.8651685393258429,0.0
0.7660000000000001,0.9213483146067417,0.0
0.0285,0.7528089887640449,0.0
0.0665,0.7640449438202247,0.0
0.5700000000000001,0.9213483146067417,0.0
0.4665,0.8764044943820225,0.0
0.9900000000000001,0.9325842696629215,0.0
0.41150000000000003,0.7528089887640449,1.0
0.6070000000000001,0.8876404494382023,0.0
0.252,0.8539325842696631,0.0
0.8875000000000001,0.8426966292134833,1.0
0.17350000000000002,0.8202247191011237,0.0
0.193,0.6292134831460674,1.0
0.512,0.8876404494382023,0.0
0.447,0.8988764044943821,0.0
0.41400000000000003,0.9101123595505619,0.0
0.9465000000000001,0.9438202247191011,0.0
0.23750000000000002,0.7977528089887641,1.0
0.7355,0.9325842696629215,0.0
0.7240000000000001,0.8202247191011237,1.0
0.8775000000000001,0.9101123595505619,0.0
0.326,0.8651685393258429,0.0
0.08600000000000001,0.8089887640449439,0.0
0.5745000000000001,0.9101123595505619,0.0
0.019,0.7191011235955057,0.0
0.3565,0.8089887640449439,1.0
0.045,0.7640449438202247,0.0
0.9685,0.9438202247191011,0.0
0.6025,0.8988764044943821,0.0
0.4375,0.8876404494382023,0.0
0.676,0.9101123595505619,0.0
0.9450000000000001,0.7191011235955057,1.0
0.5465000000000001,0.9101123595505619,0.0
0.5775,0.8876404494382023,0.0
0.682,0.8988764044943821,0.0
0.9795,0.9101123595505619,0.0
0.2495,0.7303370786516853,1.0
0.169,0.8089887640449439,0.0
0.5940000000000001,0.8876404494382023,0.0
0.014,0.7528089887640449,0.0
0.6085,0.9101123595505619,0.0
0.663,0.7977528089887641,1.0
0.9105000000000001,0.7640449438202247,1.0
0.47250000000000003,0.6629213483146068,1.0
0.0845,0.7977528089887641,0.0
0.7025000000000001,0.9325842696629215,0.0
0.5985,0.9213483146067417,0.0
0.6265000000000001,0.8202247191011237,1.0
0.6995000000000001,0.0786516853932584,1.0
0.456,0.8988764044943821,0.0
0.2455,0.7752808988764045,1.0
0.47650000000000003,0.7640449438202247,1.0
0.5485000000000001,0.7752808988764045,1.0
0.516,0.9101123595505619,0.0
0.2935,0.7528089887640449,1.0
0.375,0.8426966292134833,1.0
0.3285,0.8651685393258429,0.0
0.117,0.7752808988764045,0.0
0.366,0.8426966292134833,0.0
0.9945,0.9438202247191011,0.0
0.8540000000000001,0.9325842696629215,0.0
0.5780000000000001,0.9101123595505619,0.0
0.7350000000000001,0.9775280898876405,0.0
0.7125,0.9213483146067417,0.0
0.8140000000000001,0.9438202247191011,0.0
0.467,0.8988764044943821,0.0
0.6045,0.8876404494382023,0.0
0.5325000000000001,0.7752808988764045,1.0
0.054,0.7752808988764045,0.0
0.7715000000000001,0.7191011235955057,1.0
0.28400000000000003,0.8764044943820225,0.0
0.5835,0.9101123595505619,0.0
0.5870000000000001,0.8876404494382023,0.0
0.445,0.8988764044943821,0.0
0.47350000000000003,0.8651685393258429,0.0
0.524,0.8988764044943821,0.0
0.6765000000000001,0.9438202247191011,0.0
0.9085000000000001,0.7865168539325843,1.0
0.7235,0.7528089887640449,1.0
0.442,0.8876404494382023,0.0
0.8365,0.9438202247191011,0.0
0.425,0.7752808988764045,1.0
0.367,0.8426966292134833,0.0
0.3585,0.8764044943820225,0.0
0.227,0.8651685393258429,0.0
0.132,0.7977528089887641,0.0
0.0375,0.7191011235955057,1.0
0.8290000000000001,0.9325842696629215,0.0
0.222,0.8314606741573035,0.0
0.1975,0.8314606741573035,0.0
0.088,0.8202247191011237,0.0
0.521,0.8988764044943821,0.0
0.8680000000000001,0.9438202247191011,0.0
0.7010000000000001,0.9101123595505619,0.0
0.6905000000000001,0.8651685393258429,1.0
0.2975,0.8426966292134833,0.0
0.0305,0.7191011235955057,1.0
0.648,0.9325842696629215,0.0
0.436,0.8988764044943821,0.0
0.7450000000000001,0.9325842696629215,0.0
0.9395000000000001,0.9325842696629215,0.0
0.139,0.7078651685393259,1.0
0.018,0.7640449438202247,0.0
0.7580000000000001,0.9550561797752809,0.0
0.331,0.8651685393258429,0.0
0.9035000000000001,0.7752808988764045,1.0
0.8230000000000001,0.8988764044943821,1.0
0.4885,0.8426966292134833,1.0
0.786,0.8314606741573035,1.0
0.369,0.8876404494382023,0.0
0.0955,0.7977528089887641,0.0
0.4595,0.8876404494382023,0.0
0.228,0.8314606741573035,0.0
0.3375,0.8876404494382023,0.0
0.38,0.8089887640449439,1.0
0.904,0.7528089887640449,1.0
0.8150000000000001,0.9325842696629215,0.0
0.364,0.8988764044943821,0.0
0.20600000000000002,0.7303370786516853,1.0
0.549,0.8426966292134833,1.0
0.41250000000000003,0.8651685393258429,0.0
0.7485,0.9438202247191011,0.0
0.308,0.8651685393258429,0.0
0.057,0.7752808988764045,0.0
0.2085,0.8089887640449439,0.0
0.9555000000000001,0.9438202247191011,0.0
0.4845,0.03370786516853935,1.0
0.302,0.8426966292134833,0.0
0.9595,0.9550561797752809,0.0
0.0445,0.2359550561797753,1.0
0.424,0.7752808988764045,1.0
0.9480000000000001,0.9325842696629215,0.0
0.9590000000000001,0.9550561797752809,0.0
0.3765,0.7303370786516853,1.0
0.249,0.7528089887640449,1.0
0.6380000000000001,0.9325842696629215,0.0
0.6625000000000001,0.8876404494382023,1.0
0.0055,0.7191011235955057,0.0
0.198,0.7752808988764045,1.0
0.14200000000000002,0.6179775280898877,1.0
0.533,0.8876404494382023,0.0
0.5955,0.9213483146067417,0.0
0.8725,0.9438202247191011,0.0
0.34500000000000003,0.8651685393258429,0.0
0.8160000000000001,0.9213483146067417,0.0
0.9380000000000001,0.9438202247191011,0.0
0.34450000000000003,0.8539325842696631,0.0
0.4255,0.8202247191011237,1.0
0.0795,0.7752808988764045,0.0
0.4475,0.9101123595505619,0.0
0.788,0.9101123595505619,0.0
0.1285,0.7752808988764045,0.0
0.1675,0.8202247191011237,0.0
0.9400000000000001,0.9213483146067417,0.0
0.5195000000000001,0.9101123595505619,0.0
0.2575,0.8426966292134833,0.0
0.674,0.8988764044943821,0.0
0.5075000000000001,0.8988764044943821,0.0
0.384,0.8876404494382023,0.0
0.8735,0.9438202247191011,0.0
0.3805,0.8539325842696631,0.0
0.6230000000000001,0.9213483146067417,0.0
0.6015,0.9101123595505619,0.0
0.7340000000000001,0.9325842696629215,0.0
0.9920000000000001,0.9438202247191011,0.0
0.2605,0.8651685393258429,0.0
0.011,0.7303370786516853,0.0
0.178,0.8202247191011237,0.0
0.6385000000000001,0.9550561797752809,0.0
0.656,0.9101123595505619,0.0
0.8415,0.9438202247191011,0.0
0.17,0.8202247191011237,0.0
0.2155,0.8764044943820225,0.0
0.23650000000000002,0.8202247191011237,0.0
0.1085,0.8089887640449439,0.0
0.4555,0.8988764044943821,0.0
0.6135,0.8876404494382023,0.0
0.8945000000000001,0.7303370786516853,1.0
0.5055000000000001,0.8876404494382023,0.0
0.9750000000000001,0.9213483146067417,0.0
0.0465,0.7752808988764045,0.0
0.5040000000000001,0.8988764044943821,0.0
0.535,0.9101123595505619,0.0
0.546,0.9213483146067417,0.0
0.793,0.9550561797752809,0.0
0.654,0.9325842696629215,0.0
0.34800000000000003,0.8426966292134833,0.0
0.8965000000000001,0.7977528089887641,1.0
0.498,0.8876404494382023,0.0
0.0765,0.8202247191011237,0.0
0.5495000000000001,0.8876404494382023,0.0
0.8595,0.8089887640449439,1.0
0.9990000000000001,0.9325842696629215,0.0
0.3945,0.8764044943820225,0.0
0.29,0.8314606741573035,0.0
0.3515,0.8651685393258429,0.0
0.6060000000000001,0.8876404494382023,0.0
0.6475000000000001,0.8988764044943821,0.0
0.8330000000000001,0.9438202247191011,0.0
0.6300000000000001,0.9662921348314607,0.0
0.2435,0.8539325842696631,0.0
0.2795,0.8876404494382023,0.0
0.5705000000000001,0.9101123595505619,0.0
0.5595000000000001,0.9101123595505619,0.0
0.4005,0.8202247191011237,1.0
0.256,0.8426966292134833,0.0
0.3165,0.8314606741573035,1.0
0.8820000000000001,0.8988764044943821,1.0
0.8940000000000001,0.7415730337078651,1.0
0.773,0.7078651685393259,1.0
0.5750000000000001,0.9213483146067417,0.0
0.395,0.8764044943820225,0.0
0.058,0.7977528089887641,0.0
0.37,0.8876404494382023,0.0
0.8455,0.9325842696629215,0.0
0.5405000000000001,0.8089887640449439,1.0
0.41500000000000004,0.8876404494382023,0.0
0.0595,0.7752808988764045,0.0
0.328,0.8539325842696631,0.0
0.9540000000000001,0.9438202247191011,0.0
0.3175,0.7528089887640449,1.0
0.1845,0.7078651685393259,1.0
0.134,0.8202247191011237,0.0
0.3275,0.4943820224719101,1.0
0.4675,0.9101123595505619,0.0
0.41100000000000003,0.7528089887640449,1.0
0.433,0.8876404494382023,0.0
0.023,0.7528089887640449,0.0
0.6865000000000001,0.9438202247191011,0.0
0.8545,0.9325842696629215,0.0
0.4955,0.9101123595505619,0.0
0.438,0.8876404494382023,0.0
0.3865,0.5730337078651686,1.0
0.6095,0.9325842696629215,0.0
1.0,0.9325842696629215,0.0
0.002,0.651685393258427,0.0
0.5015000000000001,0.9213483146067417,0.0
0.9970000000000001,0.9325842696629215,0.0
0.1315,0.8089887640449439,0.0
0.917,0.8539325842696631,1.0
0.9155000000000001,0.8202247191011237,1.0
0.2215,0.8426966292134833,0.0
0.5010000000000001,0.9325842696629215,0.0
0.5385000000000001,0.8876404494382023,0.0
0.4185,0.8876404494382023,0.0
0.8955000000000001,0.7191011235955057,1.0
0.152,0.8089887640449439,0.0
0.6825000000000001,0.8988764044943821,0.0
0.779,0.8764044943820225,1.0
0.1565,0.7977528089887641,0.0
0.0745,0.5617977528089888,1.0
0.5740000000000001,0.9213483146067417,0.0
0.6065,0.8876404494382023,0.0
0.28700000000000003,0.8651685393258429,0.0
0.025,0.7640449438202247,0.0
0.7765000000000001,0.8539325842696631,1.0
0.363,0.8876404494382023,0.0
0.4165,0.8651685393258429,0.0
0.6885000000000001,0.9213483146067417,0.0
0.5575000000000001,0.9213483146067417,0.0
0.5830000000000001,0.9325842696629215,0.0
0.23500000000000001,0.8426966292134833,0.0
0.4855,0.8988764044943821,0.0
0.3265,0.8651685393258429,0.0
0.1995,0.8202247191011237,0.0
0.2555,0.8539325842696631,0.0
0.16,0.8202247191011237,0.0
0.0095,0.6966292134831461,0.0
0.342,0.8988764044943821,0.0
0.0175,0.7528089887640449,0.0
0.451,0.8314606741573035,1.0
0.8895000000000001,0.7865168539325843,1.0
0.41350000000000003,0.9101123595505619,0.0
0.8985000000000001,0.8876404494382023,1.0
0.20350000000000001,0.6629213483146068,1.0
0.46,0.8876404494382023,0.0
0.2685,0.8651685393258429,0.0
0.379,0.7528089887640449,1.0
0.9525000000000001,0.9438202247191011,0.0
0.531,0.9101123595505619,0.0
0.5995,0.9213483146067417,0.0
0.1225,0.7977528089887641,0.0
0.7080000000000001,0.9438202247191011,0.0
0.5635000000000001,0.9213483146067417,0.0
0.392,0.9101123595505619,0.0
0.8715,0.9101123595505619,0.0
0.2445,0.8426966292134833,0.0
0.077,0.8202247191011237,0.0
0.4805,0.8764044943820225,0.0
0.4265,0.8876404494382023,0.0
0.6555000000000001,0.9213483146067417,0.0
0.3125,0.8651685393258429,0.0
0.3425,0.9101123595505619,0.0
0.781,0.9325842696629215,0.0
0.28450000000000003,0.7078651685393259,1.0
0.9545000000000001,0.9438202247191011,0.0
0.0085,0.6067415730337079,1.0
0.0635,0.7752808988764045,0.0
0.673,0.9213483146067417,0.0
0.6395000000000001,0.9101123595505619,0.0
0.9845,0.9438202247191011,0.0
0.4635,0.8314606741573035,1.0
0.49,0.7191011235955057,1.0
0.9825,0.9213483146067417,0.0
0.095,0.7977528089887641,0.0
0.5695000000000001,0.9438202247191011,0.0
0.496,0.8988764044943821,0.0
0.9780000000000001,0.9101123595505619,0.0
0.8285000000000001,0.9325842696629215,0.0
0.303,0.8876404494382023,0.0
0.09,0.8202247191011237,0.0
0.1505,0.8089887640449439,0.0
0.248,0.7528089887640449,1.0
0.8480000000000001,0.9325842696629215,0.0
0.8550000000000001,0.9325842696629215,0.0
0.8310000000000001,0.9438202247191011,0.0
0.8195000000000001,0.8988764044943821,1.0
0.2585,0.8539325842696631,0.0
0.9925,0.9438202247191011,0.0
0.5345000000000001,0.9325842696629215,0.0
0.23800000000000002,0.8314606741573035,0.0
0.0785,0.7977528089887641,0.0
0.6215,0.8202247191011237,1.0
0.5975,0.9213483146067417,0.0
0.008,0.6629213483146068,1.0
0.7675000000000001,0.8539325842696631,1.0
0.536,0.9101123595505619,0.0
0.9860000000000001,0.5505617977528091,1.0
0.273,0.8539325842696631,0.0
0.7695000000000001,0.7303370786516853,1.0
0.329,0.5617977528089888,1.0
0.8130000000000001,0.9438202247191011,0.0
0.5095000000000001,0.8876404494382023,0.0
0.8420000000000001,0.9438202247191011,0.0
0.7520000000000001,0.9325842696629215,0.0
0.4795,0.9101123595505619,0.0
0.9410000000000001,0.8988764044943821,1.0
0.14150000000000001,0.7977528089887641,0.0
0.3985,0.8876404494382023,0.0
0.8135000000000001,0.9438202247191011,0.0
0.1125,0.8202247191011237,0.0
0.013,0.7415730337078651,0.0
0.8855000000000001,0.8202247191011237,1.0
0.2185,0.8651685393258429,0.0
0.9745,0.9213483146067417,0.0
0.6940000000000001,0.7415730337078651,1.0
0.1145,0.7977528089887641,0.0
0.0185,0.7528089887640449,0.0
0.3745,0.8539325842696631,0.0
0.5225000000000001,0.8988764044943821,0.0
0.6990000000000001,0.9438202247191011,0.0
0.23450000000000001,0.8426966292134833,0.0
0.8465,0.9325842696629215,0.0
0.9840000000000001,0.9438202247191011,0.0
0.3435,0.5056179775280899,1.0
0.922,0.7977528089887641,1.0
0.3195,0.8876404494382023,0.0
0.8565,0.9438202247191011,0.0
0.6090000000000001,0.9213483146067417,0.0
0.5790000000000001,0.8651685393258429,1.0
0.7075,0.9438202247191011,0.0
0.7635000000000001,0.9438202247191011,0.0
0.8280000000000001,0.9325842696629215,0.0
0.65,0.9213483146067417,0.0
0.9115000000000001,0.7191011235955057,1.0
0.4,0.8876404494382023,0.0
0.8015000000000001,0.9438202247191011,0.0
0.08,0.7415730337078651,1.0
0.47800000000000004,0.8539325842696631,1.0
0.5930000000000001,0.9101123595505619,0.0
0.41050000000000003,0.7752808988764045,1.0
0.8410000000000001,0.9438202247191011,0.0
0.4385,0.9101123595505619,0.0
0.4565,0.8988764044943821,0.0
0.076,0.8089887640449439,0.0
0.9185000000000001,0.8539325842696631,1.0
0.8885000000000001,0.7977528089887641,1.0
0.2545,0.7640449438202247,1.0
0.5675000000000001,0.9438202247191011,0.0
0.6250000000000001,0.9662921348314607,0.0
0.8320000000000001,0.9438202247191011,0.0
0.051500000000000004,0.7752808988764045,0.0
0.7225,0.9438202247191011,0.0
0.7215,0.9775280898876405,0.0
0.293,0.7977528089887641,1.0
0.8845000000000001,0.7977528089887641,1.0
0.5715000000000001,0.9213483146067417,0.0
0.0265,0.7977528089887641,0.0
0.0755,0.7977528089887641,0.0
0.2015,0.8314606741573035,0.0
0.9715,0.9438202247191011,0.0
0.10350000000000001,0.5955056179775281,1.0
0.9570000000000001,0.9438202247191011,0.0
0.561,0.9213483146067417,0.0
0.9195000000000001,0.8426966292134833,1.0
0.004,0.6629213483146068,0.0
0.5070000000000001,0.8988764044943821,0.0
0.927,0.8314606741573035,1.0
0.53,0.8764044943820225,0.0
0.226,0.8426966292134833,0.0
0.1265,0.7977528089887641,0.0
0.6635000000000001,0.8426966292134833,1.0
0.448,0.9213483146067417,0.0
0.8670000000000001,0.9325842696629215,0.0
0.44,0.6179775280898877,1.0
0.7975000000000001,0.9550561797752809,0.0
0.9445000000000001,0.7415730337078651,1.0
0.3115,0.8651685393258429,0.0
0.17250000000000001,0.8202247191011237,0.0
0.8515,0.9325842696629215,0.0
0.131,0.8202247191011237,0.0
0.8170000000000001,0.9101123595505619,0.0
0.6605000000000001,0.9325842696629215,0.0
0.7190000000000001,0.7078651685393259,1.0
0.075,0.7977528089887641,0.0
0.23600000000000002,0.5955056179775281,1.0
0.32,0.8764044943820225,0.0
0.9915,0.9438202247191011,0.0
0.9415000000000001,0.9101123595505619,0.0
0.275,0.8539325842696631,0.0
0.8900000000000001,0.7865168539325843,1.0
0.464,0.7752808988764045,1.0
0.244,0.8539325842696631,0.0
0.906,0.7528089887640449,1.0
0.5855,0.9213483146067417,0.0
0.073,0.7977528089887641,0.0
0.9790000000000001,0.9101123595505619,0.0
0.9645,0.8651685393258429,1.0
0.201,0.8314606741573035,0.0
0.47700000000000004,0.7640449438202247,1.0
0.9390000000000001,0.9438202247191011,0.0
0.3295,0.8651685393258429,0.0
0.686,0.9438202247191011,0.0
0.2315,0.8426966292134833,0.0
0.6745000000000001,0.9438202247191011,0.0
0.093,0.7977528089887641,0.0
0.5735000000000001,0.9550561797752809,0.0
0.6120000000000001,0.7977528089887641,1.0
0.304,0.5505617977528091,1.0
0.07150000000000001,0.7977528089887641,0.0
0.3755,0.7977528089887641,1.0
0.7670000000000001,0.9101123595505619,0.0
0.4905,0.8651685393258429,1.0
0.0985,0.6404494382022472,1.0
0.8165000000000001,0.9213483146067417,0.0
0.4415,0.8988764044943821,0.0
0.1395,0.7303370786516853,1.0
0.1465,0.6404494382022472,1.0
0.912,0.7078651685393259,1.0
0.2,0.8426966292134833,0.0
0.061,0.7528089887640449,0.0
0.6035,0.8988764044943821,0.0
0.101,0.7752808988764045,0.0
0.7310000000000001,0.9438202247191011,0.0
0.4175,0.8764044943820225,0.0
0.123,0.7977528089887641,0.0
0.7195,0.9325842696629215,0.0
0.8770000000000001,0.9101123595505619,0.0
0.9510000000000001,0.9438202247191011,0.0
0.8535,0.9325842696629215,0.0
0.9405000000000001,0.9101123595505619,0.0
0.5765,0.9101123595505619,0.0
0.8305000000000001,0.9438202247191011,0.0
0.7130000000000001,0.8764044943820225,1.0
0.192,0.8202247191011237,0.0
0.8795000000000001,0.9213483146067417,0.0
0.427,0.8876404494382023,0.0
0.7945000000000001,0.9550561797752809,0.0
0.1095,0.7752808988764045,0.0
0.3205,0.8539325842696631,0.0
0.0005,0.6629213483146068,0.0
0.056,0.7752808988764045,0.0
0.34900000000000003,0.8764044943820225,0.0
0.9580000000000001,0.9438202247191011,0.0
0.47550000000000003,0.8539325842696631,1.0
0.8240000000000001,0.9101123595505619,0.0
0.8180000000000001,0.9101123595505619,0.0
0.8745,0.9438202247191011,0.0
0.7050000000000001,0.9550561797752809,0.0
0.7045,0.9213483146067417,0.0
0.7665000000000001,0.9101123595505619,0.0
0.6455000000000001,0.8651685393258429,1.0
0.9045000000000001,0.7528089887640449,1.0
0.2205,0.8426966292134833,0.0
0.7600000000000001,0.9775280898876405,0.0
0.5680000000000001,0.9887640449438203,0.0
0.8575,0.9438202247191011,0.0
0.6280000000000001,0.9213483146067417,0.0
0.932,0.9213483146067417,0.0
0.8155000000000001,0.9325842696629215,0.0
0.8475,0.9325842696629215,0.0
0.6985000000000001,0.9325842696629215,0.0
0.3315,0.8876404494382023,0.0
0.9355000000000001,0.9438202247191011,0.0
0.6285000000000001,0.9325842696629215,0.0
0.8870000000000001,0.8539325842696631,1.0
0.8500000000000001,0.9325842696629215,0.0
0.1585,0.7078651685393259,1.0
0.324,0.8651685393258429,0.0
0.7170000000000001,0.9438202247191011,0.0
0.7395,0.9438202247191011,0.0
0.3545,0.8651685393258429,0.0
0.6910000000000001,0.8651685393258429,1.0
0.641,0.9325842696629215,0.0
0.486,0.8988764044943821,0.0
0.3135,0.7977528089887641,1.0
0.316,0.8651685393258429,0.0
0.653,0.9101123595505619,0.0
0.7000000000000001,0.9325842696629215,0.0
0.7040000000000001,0.7977528089887641,1.0
0.6240000000000001,0.9325842696629215,0.0
0.9765,0.9101123595505619,0.0
0.6270000000000001,0.9325842696629215,0.0
0.7480000000000001,0.9438202247191011,0.0
0.6855000000000001,0.9438202247191011,0.0
0.7645000000000001,0.9438202247191011,0.0
0.8315000000000001,0.9438202247191011,0.0
0.677,0.9325842696629215,0.0
0.9630000000000001,0.9438202247191011,0.0
0.9505000000000001,0.9438202247191011,0.0
0.8215000000000001,0.9101123595505619,0.0
0.9245000000000001,0.8089887640449439,1.0
0.3975,0.9101123595505619,0.0
0.3225,0.7977528089887641,1.0
0.5060000000000001,0.8988764044943821,0.0
0.92,0.8314606741573035,1.0
0.278,0.8876404494382023,0.0
0.3405,0.8876404494382023,0.0
0.2885,0.8539325842696631,0.0
0.5545000000000001,0.9325842696629215,0.0
0.6330000000000001,0.9325842696629215,0.0
0.8610000000000001,0.9438202247191011,0.0
0.5915,0.9101123595505619,0.0
0.262,0.8426966292134833,0.0
0.5295000000000001,0.9101123595505619,0.0
0.27,0.8426966292134833,0.0
0.5970000000000001,0.9213483146067417,0.0
0.8390000000000001,0.9438202247191011,0.0
0.374,0.8651685393258429,0.0
0.926,0.8539325842696631,1.0
0.7150000000000001,0.8764044943820225,1.0
0.242,0.8426966292134833,0.0
0.8785000000000001,0.9213483146067417,0.0
0.0475,0.7640449438202247,0.0
0.5100000000000001,0.9101123595505619,0.0
0.28150000000000003,0.8876404494382023,0.0
0.6320000000000001,0.8876404494382023,1.0
0.371,0.9101123595505619,0.0
0.4315,0.8988764044943821,0.0
0.799,0.9775280898876405,0.0
0.8570000000000001,0.9438202247191011,0.0
0.7420000000000001,0.8988764044943821,1.0
0.4455,0.8539325842696631,1.0
0.7885000000000001,0.9213483146067417,0.0
0.519,0.9101123595505619,0.0
0.10300000000000001,0.7303370786516853,1.0
0.196,0.8202247191011237,0.0
0.397,0.4382022471910113,1.0
0.435,0.8314606741573035,1.0
0.1985,0.7078651685393259,1.0
0.383,0.9101123595505619,0.0
0.9705,0.4382022471910113,1.0
0.6205,0.9101123595505619,0.0
0.514,0.9101123595505619,0.0
0.896,0.7528089887640449,1.0
0.321,0.8651685393258429,0.0
0.9460000000000001,0.9438202247191011,0.0
0.306,0.8539325842696631,0.0
0.8810000000000001,0.9101123595505619,0.0
0.48,0.8988764044943821,0.0
0.785,0.7977528089887641,1.0
0.3625,0.8876404494382023,0.0
0.3415,0.8876404494382023,0.0
0.049,0.7640449438202247,0.0
0.402,0.8651685393258429,0.0
0.8755000000000001,0.9213483146067417,0.0
0.7985000000000001,0.9775280898876405,0.0
0.203,0.7865168539325843,1.0
0.251,0.8202247191011237,0.0
0.5355000000000001,0.9101123595505619,0.0
0.528,0.8876404494382023,0.0
0.4645,0.7752808988764045,1.0
0.3895,0.7528089887640449,1.0
0.1,0.7977528089887641,0.0
0.067,0.7865168539325843,0.0
0.5255000000000001,0.9101123595505619,0.0
0.02,0.6853932584269663,1.0
0.5085000000000001,0.5056179775280899,1.0
0.115,0.7977528089887641,0.0
0.7565000000000001,0.9438202247191011,0.0
0.898,0.8764044943820225,1.0
0.189,0.8202247191011237,0.0
0.144,0.8202247191011237,0.0
0.209,0.7528089887640449,1.0
0.8490000000000001,0.9325842696629215,0.0
0.1955,0.8314606741573035,0.0
0.296,0.8539325842696631,0.0
0.7610000000000001,0.7528089887640449,1.0
0.5810000000000001,0.9325842696629215,0.0
0.543,0.8876404494382023,0.0
0.7475,0.9438202247191011,0.0
0.3235,0.8314606741573035,1.0
0.5760000000000001,0.8988764044943821,0.0
0.6835000000000001,0.9213483146067417,0.0
0.26,0.8426966292134833,0.0
0.931,0.8988764044943821,1.0
0.032,0.7640449438202247,0.0
0.918,0.8539325842696631,1.0
0.006999999999999999,0.7303370786516853,0.0
0.5900000000000001,0.9213483146067417,0.0
0.532,0.8314606741573035,1.0
0.246,0.7303370786516853,1.0
0.1895,0.8202247191011237,0.0
0.0935,0.7977528089887641,0.0
0.3815,0.8988764044943821,0.0
0.108,0.7752808988764045,0.0
0.3955,0.7640449438202247,1.0
0.538,0.8764044943820225,0.0
0.439,0.8876404494382023,0.0
0.1685,0.8314606741573035,0.0
0.8860000000000001,0.8426966292134833,1.0
0.3595,0.9101123595505619,0.0
0.8740000000000001,0.9438202247191011,0.0
0.1475,0.7977528089887641,0.0
0.8625,0.9325842696629215,0.0
0.5080000000000001,0.7191011235955057,1.0
0.6375000000000001,0.9325842696629215,0.0
0.8750000000000001,0.9325842696629215,0.0
0.7425,0.9101123595505619,0.0
0.2275,0.8314606741573035,0.0
0.9985,0.9325842696629215,0.0
0.40750000000000003,0.8651685393258429,0.0
0.9430000000000001,0.9325842696629215,0.0
0.1345,0.8089887640449439,0.0
0.4975,0.8876404494382023,0.0
0.1005,0.7752808988764045,0.0
0.0805,0.6966292134831461,1.0
0.7895000000000001,0.9438202247191011,0.0
0.3645,0.8988764044943821,0.0
0.2005,0.8089887640449439,0.0
0.35100000000000003,0.8764044943820225,0.0
0.7500000000000001,0.9325842696629215,0.0
0.9225000000000001,0.7865168539325843,1.0
0.8975000000000001,0.8651685393258429,1.0
0.5645000000000001,0.9101123595505619,0.0
0.28250000000000003,0.8876404494382023,0.0
0.7065,0.9775280898876405,0.0
0.5105000000000001,0.9101123595505619,0.0
0.5125000000000001,0.1123595505617978,1.0
0.7055,0.9325842696629215,0.0
0.9475000000000001,0.9325842696629215,0.0
0.7925000000000001,0.9550561797752809,0.0
0.552,0.7303370786516853,1.0
0.10250000000000001,0.7752808988764045,0.0
0.017,0.6067415730337079,1.0
0.3875,0.8539325842696631,0.0
0.254,0.8539325842696631,0.0
0.7255,0.9213483146067417,0.0
0.7390000000000001,0.9325842696629215,0.0
0.9855,0.7977528089887641,1.0
0.6950000000000001,0.9101123595505619,0.0
0.0455,0.7752808988764045,0.0
0.6815000000000001,0.9213483146067417,0.0
0.4485,0.8876404494382023,0.0
0.28200000000000003,0.8876404494382023,0.0
0.6845000000000001,0.9325842696629215,0.0
0.388,0.8876404494382023,0.0
0.1205,0.7528089887640449,1.0
0.006500000000000001,0.7303370786516853,0.0
0.1575,0.7078651685393259,1.0
0.3,0.7640449438202247,1.0
0.1935,0.8089887640449439,0.0
0.6485000000000001,0.9550561797752809,0.0
0.083,0.7977528089887641,0.0
0.42,0.9101123595505619,0.0
0.01,0.6741573033707865,1.0
0.323,0.7303370786516853,1.0
0.921,0.8089887640449439,1.0
0.7540000000000001,0.9325842696629215,0.0
0.5770000000000001,0.9101123595505619,0.0
0.7640000000000001,0.9550561797752809,0.0
0.41550000000000004,0.8876404494382023,0.0
0.6335000000000001,0.9325842696629215,0.0
0.795,0.9550561797752809,0.0
0.9495000000000001,0.9325842696629215,0.0
0.281,0.8876404494382023,0.0
0.9760000000000001,0.9101123595505619,0.0
0.343,0.8988764044943821,0.0
0.47850000000000004,0.8876404494382023,0.0
0.0945,0.7977528089887641,0.0
0.903,0.7752808988764045,1.0
0.4875,0.8988764044943821,0.0
0.34950000000000003,0.8426966292134833,0.0
0.7495,0.9438202247191011,0.0
0.8525,0.9325842696629215,0.0
0.255,0.8539325842696631,0.0
0.541,0.7303370786516853,1.0
0.23700000000000002,0.7415730337078651,1.0
0.792,0.9550561797752809,0.0
0.428,0.8876404494382023,0.0
0.3735,0.8651685393258429,0.0
0.126,0.7977528089887641,0.0
0.010499999999999999,0.7078651685393259,0.0
0.6685000000000001,0.9213483146067417,0.0
0.2295,0.8202247191011237,0.0
0.5920000000000001,0.4382022471910113,1.0
0.138,0.7977528089887641,0.0
0.47750000000000004,0.7191011235955057,1.0
0.6075,0.8876404494382023,0.0
0.1925,0.7191011235955057,1.0
0.4025,0.8764044943820225,0.0
0.7185,0.9213483146067417,0.0
0.7575000000000001,0.6292134831460674,1.0
0.1715,0.8202247191011237,0.0
0.3845,0.8876404494382023,0.0
0.666,0.9775280898876405,0.0
0.8425,0.9438202247191011,0.0
0.065,0.7865168539325843,0.0
0.8435,0.9438202247191011,0.0
0.4355,0.8426966292134833,1.0
0.5615000000000001,0.9101123595505619,0.0
0.6980000000000001,0.9775280898876405,0.0
0.0435,0.7977528089887641,0.0
0.7410000000000001,0.9213483146067417,0.0
0.165,0.8202247191011237,0.0
0.6190000000000001,0.9325842696629215,0.0
0.233,0.8539325842696631,0.0
0.0605,0.7752808988764045,0.0
0.8190000000000001,0.8988764044943821,1.0
0.522,0.8988764044943821,0.0
0.8620000000000001,0.9325842696629215,0.0
0.5475000000000001,0.7078651685393259,1.0
0.5650000000000001,0.9101123595505619,0.0
0.647,0.9325842696629215,0.0
0.43,0.8988764044943821,0.0
0.7295,0.7415730337078651,1.0
0.5630000000000001,0.8988764044943821,0.0
