MAE,Dataset
0.0554,1043_ada_agnostic.csv
0.2396,1048_jEdit_4.csv
0.044199999999999996,1049_pc4.csv
0.2872,1050_pc3.csv
0.41255000000000003,1054_mc2.csv
0.06735000000000001,1056_mc1.csv
0.07525,1061_ar4.csv
0.5,1065_kc3.csv
0.09040000000000001,1066_kc1-binary.csv
0.5,1068_pc1.csv
0.13140000000000002,1069_pc2.csv
0.19835,1071_mw1.csv
0.18635000000000002,1073_jEdit_4.csv
0.13545,1075_datatrieve.csv
0.12895,1115_teachingAssistant.csv
0.0,1121_badges2.csv
0.32435,1167_pc1_req.csv
0.021949999999999997,11_balance-scale.csv
0.0086,12_mfeat-factors.csv
0.08025,1456_appendicitis.csv
0.4052,1460_banana.csv
0.0059,1462_banknote-authentication.csv
0.0993,1464_blood-transfusion-service-center.csv
0.1253,1465_breast-tissue.csv
0.0,1466_cardiotocography.csv
0.5,1467_climate-model-simulation-crashes.csv
0.5,1473_fertility.csv
0.09725,1475_first-order-theorem-proving.csv
0.09945,1479_hill-valley.csv
0.22315000000000002,1484_lsvt.csv
0.1593,1485_madelon.csv
0.06535,1487_ozone-level-8hr.csv
0.2327,1488_parkinsons.csv
0.066,1489_phoneme.csv
0.5,1490_planning-relax.csv
0.08495000000000001,1494_qsar-biodeg.csv
0.04845,1495_qualitative-bankruptcy.csv
0.0721,1496_ringnorm.csv
0.059500000000000004,1497_wall-robot-navigation.csv
0.0848,1498_sa-heart.csv
0.0007000000000000001,14_mfeat-fourier.csv
0.02165,1501_semeion.csv
0.00395,1504_steel-plates-fault.csv
0.5,1506_thoracic-surgery.csv
0.01115,1507_twonorm.csv
0.07339999999999999,1508_user-knowledge.csv
0.01645,1510_wdbc.csv
0.03445,1511_wholesale-customers.csv
0.5,1512_heart-long-beach.csv
0.0575,1519_robot-failures-lp4.csv
0.23235,1520_robot-failures-lp5.csv
0.03625,1523_vertebra-column.csv
0.07165,1526_wall-robot-navigation.csv
0.049400000000000006,1527_volcanoes-a1.csv
0.04135,1528_volcanoes-a2.csv
0.05135,1529_volcanoes-a3.csv
0.05,1530_volcanoes-a4.csv
0.0414,1535_volcanoes-b5.csv
0.5,1538_volcanoes-d1.csv
0.5,1539_volcanoes-d2.csv
0.060899999999999996,1540_volcanoes-d3.csv
0.06885,1541_volcanoes-d4.csv
0.24245,1547_autoUniv-au1-1000.csv
0.30820000000000003,1559_breast-tissue.csv
0.0803,1565_heart-h.csv
0.12895,1566_hill-valley.csv
0.03905,1570_wilt.csv
0.1231,1600_SPECTF.csv
0.017650000000000002,16_mfeat-karhunen.csv
0.0149,182_satimage.csv
0.030100000000000002,187_wine.csv
0.009000000000000001,18_mfeat-morphological.csv
0.01775,20_mfeat-pixel.csv
0.03685,22_mfeat-zernike.csv
0.11065,23_cmc.csv
0.01705,28_optdigits.csv
0.03105,292_Australian.csv
0.01365,294_satellite_image.csv
0.0313,30_page-blocks.csv
0.05085,311_oil_spill.csv
0.0181,312_scene.csv
0.5,316_yeast_ml8.csv
0.212,329_hayes-roth.csv
0.1613,333_monks-problems-1.csv
0.5,334_monks-problems-2.csv
0.014750000000000001,335_monks-problems-3.csv
0.07585,336_SPECT.csv
0.00885,36_segment.csv
0.01705,375_JapaneseVowels.csv
0.0,377_synthetic_control.csv
0.0906,37_diabetes.csv
0.07205,40474_thyroid-allbp.csv
0.07890000000000001,40475_thyroid-allhyper.csv
0.14685,40496_LED-display-domain-7digit.csv
0.09449999999999999,40733_yeast.csv
0.02925,40877_seeds.csv
0.0635,40_sonar.csv
0.2796,43_haberman.csv
0.02475,44_spambase.csv
0.256,450_analcatdata_lawsuit.csv
0.12365,4538_GesturePhaseSegmentationProcessed.csv
0.0027500000000000003,458_analcatdata_authorship.csv
0.16015000000000001,461_analcatdata_creditscore.csv
0.5,463_backache.csv
0.0647,464_prnn_synth.csv
0.3069,48_tae.csv
0.0885,53_heart-statlog.csv
0.04100000000000001,54_vehicle.csv
0.0814,59_ionosphere.csv
0.03975,60_waveform-5000.csv
0.0,61_iris.csv
0.5,679_rmftsa_sleepdata.csv
0.0446,694_diggle_table_a2.csv
0.0484,AedesQuinx.csv
0.01275,AedesSex.csv
0.00875,anuranCalls.csv
0.011049999999999999,ArabicDigit.csv
0.0229,BNG.csv
0.0191,click-prediction.csv
0.145,cmc.csv
0.10335000000000001,covtype_reduced.csv
0.06755,default_credit_card_clients.csv
0.09805,eeg.csv
0.23315000000000002,HTRU.csv
0.11699999999999999,jm1-processed.csv
0.10975,letter-recognition.csv
0.0591,magic.csv
0.043550000000000005,mozilla.csv
0.020100000000000003,namao.csv
0.00915,occupancy.csv
0.0673,phoneme.csv
0.02505,spambase.csv
0.00555,winetype.csv
