MAE,Dataset
0.04745,1043_ada_agnostic.csv
0.12585,1048_jEdit_4.csv
0.0441999999999999,1049_pc4.csv
0.08275,1050_pc3.csv
0.064,1054_mc2.csv
0.06735,1056_mc1.csv
0.07525,1061_ar4.csv
0.0643,1065_kc3.csv
0.05145,1066_kc1-binary.csv
0.2173999999999999,1068_pc1.csv
0.1314,1069_pc2.csv
0.05815,1071_mw1.csv
0.12435,1073_jEdit_4.csv
0.0661,1075_datatrieve.csv
0.11245,1115_teachingAssistant.csv
0.0,1121_badges2.csv
0.15535,1167_pc1_req.csv
0.01905,11_balance-scale.csv
0.0059499999999999,12_mfeat-factors.csv
0.08025,1456_appendicitis.csv
0.0654,1460_banana.csv
0.00515,1462_banknote-authentication.csv
0.0765,1464_blood-transfusion-service-center.csv
0.05885,1465_breast-tissue.csv
0.0,1466_cardiotocography.csv
0.17415,1467_climate-model-simulation-crashes.csv
0.3578,1473_fertility.csv
0.07735,1475_first-order-theorem-proving.csv
0.04285,1479_hill-valley.csv
0.0762,1484_lsvt.csv
0.1413,1485_madelon.csv
0.05565,1487_ozone-level-8hr.csv
0.0463499999999999,1488_parkinsons.csv
0.0487,1489_phoneme.csv
0.3151,1490_planning-relax.csv
0.0356,1494_qsar-biodeg.csv
0.0233999999999999,1495_qualitative-bankruptcy.csv
0.05055,1496_ringnorm.csv
0.04595,1497_wall-robot-navigation.csv
0.067,1498_sa-heart.csv
0.0007,14_mfeat-fourier.csv
0.01465,1501_semeion.csv
0.0,1504_steel-plates-fault.csv
0.281,1506_thoracic-surgery.csv
0.00815,1507_twonorm.csv
0.02625,1508_user-knowledge.csv
0.0098,1510_wdbc.csv
0.02675,1511_wholesale-customers.csv
0.30655,1512_heart-long-beach.csv
0.0575,1519_robot-failures-lp4.csv
0.1764,1520_robot-failures-lp5.csv
0.00995,1523_vertebra-column.csv
0.05785,1526_wall-robot-navigation.csv
0.03405,1527_volcanoes-a1.csv
0.0384,1528_volcanoes-a2.csv
0.04015,1529_volcanoes-a3.csv
0.04335,1530_volcanoes-a4.csv
0.04125,1535_volcanoes-b5.csv
0.06315,1538_volcanoes-d1.csv
0.10385,1539_volcanoes-d2.csv
0.0599,1540_volcanoes-d3.csv
0.06885,1541_volcanoes-d4.csv
0.19875,1547_autoUniv-au1-1000.csv
0.1565,1559_breast-tissue.csv
0.05715,1565_heart-h.csv
0.08455,1566_hill-valley.csv
0.03875,1570_wilt.csv
0.06775,1600_SPECTF.csv
0.0137,16_mfeat-karhunen.csv
0.0079,182_satimage.csv
0.01075,187_wine.csv
0.0065,18_mfeat-morphological.csv
0.0151,20_mfeat-pixel.csv
0.0323,22_mfeat-zernike.csv
0.08745,23_cmc.csv
0.01705,28_optdigits.csv
0.02895,292_Australian.csv
0.0113,294_satellite_image.csv
0.0283999999999999,30_page-blocks.csv
0.04135,311_oil_spill.csv
0.01185,312_scene.csv
0.10845,316_yeast_ml8.csv
0.05605,329_hayes-roth.csv
0.07185,333_monks-problems-1.csv
0.0935,334_monks-problems-2.csv
0.01475,335_monks-problems-3.csv
0.07585,336_SPECT.csv
0.0044,36_segment.csv
0.01325,375_JapaneseVowels.csv
0.0,377_synthetic_control.csv
0.06795,37_diabetes.csv
0.05225,40474_thyroid-allbp.csv
0.0613,40475_thyroid-allhyper.csv
0.06775,40496_LED-display-domain-7digit.csv
0.0932,40733_yeast.csv
0.011,40877_seeds.csv
0.04885,40_sonar.csv
0.1534,43_haberman.csv
0.0201,44_spambase.csv
0.0948499999999999,450_analcatdata_lawsuit.csv
0.0951999999999999,4538_GesturePhaseSegmentationProcessed.csv
0.00275,458_analcatdata_authorship.csv
0.02155,461_analcatdata_creditscore.csv
0.32755,463_backache.csv
0.0281499999999999,464_prnn_synth.csv
0.26115,48_tae.csv
0.0885,53_heart-statlog.csv
0.01885,54_vehicle.csv
0.0458,59_ionosphere.csv
0.0278,60_waveform-5000.csv
0.0,61_iris.csv
0.11645,679_rmftsa_sleepdata.csv
0.01515,694_diggle_table_a2.csv
0.03915,AedesQuinx.csv
0.0105,AedesSex.csv
0.0058499999999999,anuranCalls.csv
0.0089,ArabicDigit.csv
0.01925,BNG.csv
0.0152,click-prediction.csv
0.128,cmc.csv
0.0777,covtype_reduced.csv
0.0539,default_credit_card_clients.csv
0.0802,eeg.csv
0.1413,HTRU.csv
0.09785,jm1-processed.csv
0.0949499999999999,letter-recognition.csv
0.04905,magic.csv
0.0369,mozilla.csv
0.0163,namao.csv
0.00695,occupancy.csv
0.0554,phoneme.csv
0.0204,spambase.csv
0.004,winetype.csv
